transaction_id,user_id,transaction_time,amount,status,fee_revenue
1,1,2024-11-29 07:17:00,378.38,success,5.68
2,1,2024-12-03 07:17:00,1792.56,success,26.89
3,1,2024-11-04 07:17:00,5.69,failed,0.0
4,1,2024-11-08 07:17:00,10.7,success,0.16
5,1,2024-11-22 07:17:00,15.05,success,0.23
6,1,2024-11-17 07:17:00,160.16,failed,0.0
7,1,2025-01-16 07:17:00,15.32,success,0.23
8,3,2023-05-06 08:14:00,213.34,success,3.2
9,3,2023-06-03 08:14:00,476.13,success,7.14
10,5,2023-04-11 04:22:00,1164.7,success,17.47
11,5,2023-05-05 04:22:00,19.99,success,0.3
12,6,2023-09-26 21:29:00,19.02,success,0.29
13,6,2023-09-02 21:29:00,15.08,success,0.23
14,6,2023-11-04 21:29:00,19.98,success,0.3
15,6,2023-09-02 21:29:00,446.39,success,6.7
16,6,2023-10-12 21:29:00,1417.52,success,21.26
17,6,2023-11-10 21:29:00,17.26,success,0.26
18,6,2023-08-30 21:29:00,16.14,success,0.24
19,10,2024-04-17 21:00:00,135.54,success,2.03
20,10,2024-05-06 21:00:00,15.3,success,0.23
21,10,2024-03-07 21:00:00,1434.73,success,21.52
22,11,2024-02-01 16:10:00,281.95,success,4.23
23,12,2023-11-14 09:35:00,6.21,success,0.09
24,12,2023-09-14 09:35:00,11.22,success,0.17
25,12,2023-10-29 09:35:00,10.84,failed,0.0
26,12,2023-11-18 09:35:00,52.65,failed,0.0
27,12,2023-10-29 09:35:00,13.07,success,0.2
28,13,2024-06-11 03:44:00,329.6,success,4.94
29,13,2024-07-28 03:44:00,259.27,success,3.89
30,13,2024-08-02 03:44:00,19.46,failed,0.0
31,13,2024-05-30 03:44:00,468.0,success,7.02
32,14,2023-05-15 22:50:00,422.92,success,6.34
33,14,2023-06-04 22:50:00,1712.3,success,25.68
34,18,2023-04-26 08:27:00,1392.57,failed,0.0
35,20,2024-05-24 02:35:00,13.28,success,0.2
36,20,2024-06-07 02:35:00,119.29,success,1.79
37,20,2024-06-26 02:35:00,267.12,success,4.01
38,20,2024-07-11 02:35:00,7.86,failed,0.0
39,20,2024-06-27 02:35:00,1009.81,success,15.15
40,20,2024-05-23 02:35:00,1380.41,success,20.71
41,20,2024-06-11 02:35:00,998.66,success,14.98
42,22,2024-08-19 03:34:00,95.23,failed,0.0
43,22,2024-06-04 03:34:00,75.25,success,1.13
44,22,2024-08-05 03:34:00,11.18,success,0.17
45,26,2023-06-18 04:20:00,404.89,failed,0.0
46,26,2023-05-25 04:20:00,19.81,success,0.3
47,26,2023-05-10 04:20:00,1682.65,success,25.24
48,26,2023-05-29 04:20:00,8.98,success,0.13
49,29,2024-04-10 19:18:00,539.38,success,8.09
50,29,2024-02-25 19:18:00,172.97,success,2.59
51,29,2024-02-14 19:18:00,18.05,success,0.27
52,30,2023-04-14 13:14:00,85.04,success,1.28
53,30,2023-07-11 13:14:00,180.28,success,2.7
54,30,2023-06-30 13:14:00,360.32,success,5.4
55,30,2023-05-13 13:14:00,230.2,success,3.45
56,30,2023-05-10 13:14:00,10.0,success,0.15
57,30,2023-05-06 13:14:00,1591.07,success,23.87
58,31,2023-06-11 09:44:00,10.53,success,0.16
59,36,2024-11-12 17:10:00,16.21,success,0.24
60,36,2024-12-30 17:10:00,6.55,success,0.1
61,39,2024-06-14 03:08:00,400.33,failed,0.0
62,39,2024-06-02 03:08:00,355.58,success,5.33
63,39,2024-06-07 03:08:00,1097.05,success,16.46
64,41,2023-08-04 00:53:00,1437.53,success,21.56
65,41,2023-07-18 00:53:00,14.61,success,0.22
66,41,2023-07-31 00:53:00,10.06,success,0.15
67,41,2023-08-05 00:53:00,816.21,success,12.24
68,44,2024-03-15 16:58:00,1958.09,success,29.37
69,44,2024-01-21 16:58:00,1443.54,success,21.65
70,44,2024-03-03 16:58:00,547.36,success,8.21
71,44,2024-01-17 16:58:00,11.62,success,0.17
72,44,2024-04-02 16:58:00,18.81,success,0.28
73,44,2024-03-21 16:58:00,1493.34,success,22.4
74,44,2024-02-06 16:58:00,1319.41,success,19.79
75,48,2023-11-21 05:58:00,1596.68,success,23.95
76,48,2023-11-20 05:58:00,942.54,success,14.14
77,49,2024-06-14 05:58:00,1520.51,failed,0.0
78,49,2024-03-31 05:58:00,1042.68,success,15.64
79,49,2024-05-30 05:58:00,18.54,success,0.28
80,49,2024-05-26 05:58:00,356.13,success,5.34
81,49,2024-05-25 05:58:00,75.04,success,1.13
82,49,2024-03-28 05:58:00,13.38,success,0.2
83,49,2024-03-21 05:58:00,310.24,success,4.65
84,50,2023-05-11 09:14:00,1874.6,success,28.12
85,50,2023-05-23 09:14:00,16.59,failed,0.0
86,50,2023-05-13 09:14:00,591.44,failed,0.0
87,50,2023-03-30 09:14:00,242.24,failed,0.0
88,51,2024-07-29 19:31:00,482.93,failed,0.0
89,51,2024-09-29 19:31:00,1872.69,success,28.09
90,51,2024-08-07 19:31:00,290.14,success,4.35
91,54,2025-01-27 03:12:00,430.4,success,6.46
92,54,2025-01-18 03:12:00,844.65,failed,0.0
93,54,2025-03-07 03:12:00,465.87,failed,0.0
94,54,2025-03-19 03:12:00,14.87,failed,0.0
95,54,2025-03-22 03:12:00,7.16,success,0.11
96,54,2025-03-19 03:12:00,1083.73,success,16.26
97,54,2025-01-23 03:12:00,617.64,failed,0.0
98,54,2025-01-12 03:12:00,614.03,success,9.21
99,56,2024-04-11 17:22:00,125.24,success,1.88
100,56,2024-02-17 17:22:00,474.9,success,7.12
101,56,2024-03-04 17:22:00,110.97,success,1.66
102,56,2024-04-27 17:22:00,437.99,success,6.57
103,56,2024-05-01 17:22:00,981.0,success,14.71
104,57,2024-05-19 14:14:00,18.43,success,0.28
105,57,2024-03-22 14:14:00,14.86,success,0.22
106,57,2024-05-12 14:14:00,229.83,success,3.45
107,57,2024-03-03 14:14:00,1278.2,success,19.17
108,57,2024-03-19 14:14:00,1658.51,success,24.88
109,59,2023-10-03 05:19:00,238.21,success,3.57
110,59,2023-11-16 05:19:00,14.53,success,0.22
111,59,2023-11-16 05:19:00,1762.98,success,26.44
112,59,2023-10-30 05:19:00,268.07,failed,0.0
113,59,2023-11-18 05:19:00,1237.59,success,18.56
114,59,2023-11-16 05:19:00,7.51,success,0.11
115,59,2023-10-20 05:19:00,1671.11,success,25.07
116,59,2023-11-17 05:19:00,671.31,success,10.07
117,61,2025-02-02 11:07:00,803.48,failed,0.0
118,61,2025-02-27 11:07:00,9.53,success,0.14
119,61,2025-01-07 11:07:00,6.24,success,0.09
120,61,2025-01-14 11:07:00,15.89,success,0.24
121,61,2024-12-06 11:07:00,1390.52,success,20.86
122,61,2024-12-07 11:07:00,204.61,success,3.07
123,63,2023-10-28 20:42:00,13.81,failed,0.0
124,64,2024-01-16 00:16:00,1612.54,success,24.19
125,64,2023-10-31 00:16:00,365.67,success,5.49
126,67,2023-10-19 13:58:00,1845.93,success,27.69
127,71,2024-02-28 23:49:00,318.7,success,4.78
128,71,2024-04-05 23:49:00,12.94,success,0.19
129,71,2024-04-29 23:49:00,1686.86,success,25.3
130,71,2024-03-04 23:49:00,13.64,success,0.2
131,71,2024-04-20 23:49:00,1038.17,success,15.57
132,73,2023-04-07 11:33:00,502.7,failed,0.0
133,73,2023-02-28 11:33:00,17.76,success,0.27
134,73,2023-03-28 11:33:00,8.31,success,0.12
135,73,2023-01-18 11:33:00,8.57,success,0.13
136,73,2023-04-04 11:33:00,448.99,success,6.73
137,74,2024-03-08 04:57:00,8.98,success,0.13
138,74,2024-03-09 04:57:00,119.12,success,1.79
139,74,2024-03-23 04:57:00,14.38,success,0.22
140,74,2024-02-05 04:57:00,263.11,success,3.95
141,74,2024-03-23 04:57:00,338.84,failed,0.0
142,74,2024-02-15 04:57:00,70.08,success,1.05
143,74,2024-02-02 04:57:00,13.46,success,0.2
144,74,2024-02-12 04:57:00,17.12,success,0.26
145,77,2024-04-19 21:50:00,281.87,success,4.23
146,77,2024-04-23 21:50:00,7.03,success,0.11
147,77,2024-03-28 21:50:00,162.27,success,2.43
148,77,2024-04-07 21:50:00,10.53,success,0.16
149,77,2024-04-02 21:50:00,317.32,success,4.76
150,77,2024-04-16 21:50:00,887.99,success,13.32
151,77,2024-03-06 21:50:00,10.8,failed,0.0
152,81,2023-11-28 17:52:00,6.92,failed,0.0
153,81,2023-11-10 17:52:00,150.01,success,2.25
154,81,2023-11-10 17:52:00,10.58,success,0.16
155,82,2024-09-09 07:33:00,10.75,success,0.16
156,82,2024-10-03 07:33:00,284.13,failed,0.0
157,82,2024-09-13 07:33:00,10.14,success,0.15
158,82,2024-10-17 07:33:00,5.29,success,0.08
159,83,2023-07-05 10:31:00,665.65,success,9.98
160,83,2023-07-24 10:31:00,612.57,success,9.19
161,83,2023-08-06 10:31:00,255.54,success,3.83
162,83,2023-07-17 10:31:00,443.36,success,6.65
163,85,2024-01-06 00:30:00,15.51,success,0.23
164,85,2024-01-02 00:30:00,1758.55,failed,0.0
165,85,2023-12-27 00:30:00,339.53,failed,0.0
166,85,2023-10-31 00:30:00,271.24,success,4.07
167,85,2023-11-07 00:30:00,13.26,success,0.2
168,85,2023-12-22 00:30:00,11.72,failed,0.0
169,85,2024-01-01 00:30:00,553.75,success,8.31
170,93,2024-07-18 23:11:00,152.44,success,2.29
171,93,2024-08-29 23:11:00,1509.95,success,22.65
172,93,2024-09-26 23:11:00,5.95,success,0.09
173,96,2024-06-05 03:28:00,397.47,success,5.96
174,96,2024-06-19 03:28:00,1253.25,success,18.8
175,96,2024-07-03 03:28:00,15.26,success,0.23
176,96,2024-06-27 03:28:00,485.48,failed,0.0
177,96,2024-04-21 03:28:00,269.44,success,4.04
178,97,2024-08-23 21:01:00,145.18,success,2.18
179,97,2024-07-04 21:01:00,14.92,success,0.22
180,97,2024-08-19 21:01:00,315.86,success,4.74
181,98,2024-07-29 04:59:00,363.94,success,5.46
182,98,2024-07-30 04:59:00,1861.79,success,27.93
183,98,2024-08-05 04:59:00,7.01,success,0.11
184,98,2024-08-20 04:59:00,11.13,success,0.17
185,98,2024-06-27 04:59:00,218.76,success,3.28
186,98,2024-06-25 04:59:00,880.45,success,13.21
187,99,2024-01-12 05:47:00,15.6,success,0.23
188,99,2023-11-04 05:47:00,320.11,success,4.8
189,99,2023-10-27 05:47:00,376.02,success,5.64
190,101,2023-11-27 08:14:00,903.61,success,13.55
191,101,2023-11-11 08:14:00,139.85,success,2.1
192,101,2023-11-12 08:14:00,17.52,success,0.26
193,101,2023-10-28 08:14:00,1420.74,failed,0.0
194,101,2023-12-18 08:14:00,1847.18,failed,0.0
195,101,2023-12-19 08:14:00,393.92,success,5.91
196,102,2023-03-24 08:30:00,12.09,failed,0.0
197,102,2023-05-24 08:30:00,374.25,success,5.61
198,102,2023-05-16 08:30:00,5.72,success,0.09
199,102,2023-05-04 08:30:00,93.34,success,1.4
200,102,2023-05-15 08:30:00,414.51,success,6.22
201,102,2023-05-30 08:30:00,1363.84,success,20.46
202,102,2023-04-10 08:30:00,1231.24,success,18.47
203,102,2023-03-15 08:30:00,10.72,failed,0.0
204,109,2023-11-04 06:48:00,10.67,success,0.16
205,109,2023-10-03 06:48:00,1235.14,success,18.53
206,109,2023-09-21 06:48:00,1801.49,failed,0.0
207,110,2023-03-30 20:19:00,5.66,success,0.08
208,110,2023-05-23 20:19:00,64.32,success,0.96
209,110,2023-05-28 20:19:00,14.36,success,0.22
210,116,2024-12-30 10:44:00,1357.0,success,20.36
211,116,2024-12-26 10:44:00,82.24,success,1.23
212,117,2023-06-16 18:33:00,13.75,success,0.21
213,117,2023-05-24 18:33:00,579.63,failed,0.0
214,117,2023-05-07 18:33:00,1778.12,success,26.67
215,121,2024-04-13 15:28:00,1385.47,failed,0.0
216,121,2024-04-30 15:28:00,1472.86,success,22.09
217,121,2024-03-18 15:28:00,6.37,success,0.1
218,121,2024-04-21 15:28:00,15.9,success,0.24
219,121,2024-04-20 15:28:00,1002.79,failed,0.0
220,121,2024-03-23 15:28:00,130.49,success,1.96
221,123,2024-08-11 15:23:00,66.13,success,0.99
222,123,2024-07-16 15:23:00,17.3,success,0.26
223,123,2024-06-15 15:23:00,436.73,success,6.55
224,123,2024-08-26 15:23:00,1357.05,success,20.36
225,123,2024-06-09 15:23:00,1900.84,success,28.51
226,123,2024-08-14 15:23:00,1362.71,success,20.44
227,123,2024-06-14 15:23:00,273.38,success,4.1
228,123,2024-06-21 15:23:00,18.25,success,0.27
229,131,2023-11-19 21:34:00,1549.42,success,23.24
230,131,2023-11-27 21:34:00,63.62,success,0.95
231,131,2023-11-07 21:34:00,1362.02,success,20.43
232,131,2023-10-30 21:34:00,1688.65,success,25.33
233,131,2023-12-31 21:34:00,329.39,success,4.94
234,131,2023-11-29 21:34:00,362.33,success,5.43
235,131,2023-11-29 21:34:00,13.17,success,0.2
236,132,2024-05-20 13:12:00,419.34,failed,0.0
237,132,2024-06-19 13:12:00,1437.82,success,21.57
238,132,2024-07-07 13:12:00,11.53,success,0.17
239,135,2024-09-30 07:48:00,107.07,success,1.61
240,136,2023-12-28 11:17:00,436.26,success,6.54
241,136,2023-11-12 11:17:00,1659.73,success,24.9
242,136,2024-01-05 11:17:00,1006.11,failed,0.0
243,136,2023-11-20 11:17:00,13.21,success,0.2
244,136,2023-12-17 11:17:00,250.67,success,3.76
245,136,2023-10-15 11:17:00,1907.76,failed,0.0
246,141,2023-11-18 09:08:00,201.97,success,3.03
247,141,2024-02-05 09:08:00,1517.12,success,22.76
248,141,2024-01-27 09:08:00,82.42,success,1.24
249,142,2024-11-18 06:23:00,13.3,success,0.2
250,142,2024-12-21 06:23:00,399.95,success,6.0
251,142,2024-10-02 06:23:00,90.11,success,1.35
252,142,2024-12-01 06:23:00,1459.74,success,21.9
253,142,2024-11-01 06:23:00,19.07,success,0.29
254,142,2024-12-19 06:23:00,332.24,success,4.98
255,142,2024-12-12 06:23:00,8.53,success,0.13
256,142,2024-12-10 06:23:00,12.61,success,0.19
257,145,2024-06-18 17:39:00,13.69,failed,0.0
258,145,2024-04-24 17:39:00,1986.91,success,29.8
259,145,2024-04-28 17:39:00,1714.57,success,25.72
260,145,2024-06-20 17:39:00,1629.62,success,24.44
261,145,2024-05-21 17:39:00,6.99,success,0.1
262,146,2023-07-04 23:22:00,1628.42,success,24.43
263,146,2023-07-18 23:22:00,454.07,success,6.81
264,146,2023-06-28 23:22:00,10.59,success,0.16
265,146,2023-08-27 23:22:00,938.4,success,14.08
266,146,2023-09-14 23:22:00,19.18,success,0.29
267,146,2023-08-17 23:22:00,6.31,success,0.09
268,146,2023-07-25 23:22:00,6.68,success,0.1
269,154,2023-03-25 13:49:00,15.65,success,0.23
270,154,2023-05-30 13:49:00,7.14,failed,0.0
271,154,2023-04-26 13:49:00,402.81,success,6.04
272,154,2023-03-08 13:49:00,1489.68,success,22.35
273,154,2023-03-18 13:49:00,18.63,success,0.28
274,155,2024-12-04 00:19:00,16.04,success,0.24
275,155,2024-10-26 00:19:00,242.58,failed,0.0
276,155,2024-11-05 00:19:00,7.69,success,0.12
277,155,2024-11-24 00:19:00,88.25,success,1.32
278,155,2024-10-02 00:19:00,451.59,failed,0.0
279,155,2024-11-01 00:19:00,8.0,success,0.12
280,157,2023-08-20 17:07:00,299.2,success,4.49
281,157,2023-06-15 17:07:00,226.12,success,3.39
282,157,2023-07-10 17:07:00,592.14,success,8.88
283,157,2023-07-11 17:07:00,540.35,success,8.11
284,157,2023-06-07 17:07:00,11.42,success,0.17
285,157,2023-06-26 17:07:00,627.41,success,9.41
286,157,2023-07-04 17:07:00,6.72,success,0.1
287,158,2024-11-04 19:31:00,949.86,success,14.25
288,158,2024-09-07 19:31:00,1273.05,success,19.1
289,158,2024-09-05 19:31:00,18.21,success,0.27
290,161,2024-05-19 13:00:00,18.29,success,0.27
291,161,2024-05-08 13:00:00,1282.94,failed,0.0
292,161,2024-05-02 13:00:00,8.78,success,0.13
293,163,2023-10-12 09:26:00,13.02,failed,0.0
294,163,2023-11-16 09:26:00,18.91,success,0.28
295,163,2023-10-17 09:26:00,1819.2,success,27.29
296,167,2023-07-14 07:09:00,102.21,success,1.53
297,167,2023-05-30 07:09:00,19.83,success,0.3
298,167,2023-05-03 07:09:00,6.85,success,0.1
299,167,2023-06-19 07:09:00,17.34,success,0.26
300,168,2024-07-10 18:37:00,143.7,success,2.16
301,168,2024-09-20 18:37:00,1701.65,success,25.52
302,168,2024-08-07 18:37:00,18.56,success,0.28
303,168,2024-09-02 18:37:00,250.45,success,3.76
304,168,2024-08-22 18:37:00,6.35,success,0.1
305,168,2024-08-22 18:37:00,1959.91,success,29.4
306,169,2023-07-10 22:48:00,1406.08,success,21.09
307,169,2023-08-20 22:48:00,519.96,success,7.8
308,169,2023-09-09 22:48:00,1616.37,success,24.25
309,169,2023-08-31 22:48:00,1535.99,success,23.04
310,171,2024-03-30 15:02:00,9.32,success,0.14
311,172,2024-12-25 08:50:00,7.62,success,0.11
312,172,2024-12-19 08:50:00,104.31,failed,0.0
313,172,2025-01-19 08:50:00,16.54,failed,0.0
314,174,2023-04-06 12:00:00,1361.84,failed,0.0
315,176,2024-12-28 10:18:00,6.47,success,0.1
316,176,2024-12-24 10:18:00,264.31,success,3.96
317,176,2024-12-21 10:18:00,283.53,success,4.25
318,176,2025-01-20 10:18:00,248.04,success,3.72
319,176,2024-12-23 10:18:00,690.69,success,10.36
320,177,2024-09-04 11:45:00,112.34,success,1.69
321,177,2024-07-08 11:45:00,1699.72,success,25.5
322,177,2024-08-07 11:45:00,1311.49,failed,0.0
323,177,2024-07-24 11:45:00,1560.81,success,23.41
324,177,2024-09-17 11:45:00,9.63,success,0.14
325,177,2024-09-06 11:45:00,1935.94,success,29.04
326,177,2024-08-18 11:45:00,1487.38,success,22.31
327,177,2024-06-21 11:45:00,1744.54,success,26.17
328,179,2024-09-20 03:52:00,19.29,success,0.29
329,179,2024-09-11 03:52:00,19.42,success,0.29
330,179,2024-09-13 03:52:00,162.9,success,2.44
331,179,2024-08-10 03:52:00,568.23,success,8.52
332,180,2023-06-07 16:42:00,17.24,success,0.26
333,180,2023-07-29 16:42:00,1239.26,success,18.59
334,180,2023-06-22 16:42:00,5.11,failed,0.0
335,180,2023-08-07 16:42:00,790.66,success,11.86
336,182,2023-10-22 02:57:00,16.74,success,0.25
337,182,2023-07-29 02:57:00,13.93,failed,0.0
338,182,2023-08-13 02:57:00,1131.51,success,16.97
339,182,2023-08-20 02:57:00,408.66,success,6.13
340,182,2023-10-01 02:57:00,966.78,success,14.5
341,182,2023-08-15 02:57:00,12.04,success,0.18
342,182,2023-10-20 02:57:00,1260.66,failed,0.0
343,182,2023-09-20 02:57:00,10.16,success,0.15
344,184,2024-03-21 06:33:00,569.29,success,8.54
345,184,2024-04-04 06:33:00,870.76,success,13.06
346,184,2024-02-12 06:33:00,17.77,success,0.27
347,184,2024-03-27 06:33:00,326.7,success,4.9
348,184,2024-04-18 06:33:00,16.27,success,0.24
349,184,2024-03-14 06:33:00,267.48,success,4.01
350,184,2024-03-18 06:33:00,14.57,success,0.22
351,186,2024-07-14 10:50:00,16.37,failed,0.0
352,186,2024-05-30 10:50:00,1211.66,success,18.17
353,186,2024-07-10 10:50:00,16.36,success,0.25
354,186,2024-05-25 10:50:00,473.87,success,7.11
355,186,2024-07-11 10:50:00,112.53,failed,0.0
356,186,2024-05-02 10:50:00,12.5,success,0.19
357,187,2024-03-12 18:47:00,548.09,success,8.22
358,188,2024-01-05 02:22:00,1364.2,success,20.46
359,188,2024-01-15 02:22:00,1550.47,success,23.26
360,188,2023-12-14 02:22:00,14.2,success,0.21
361,188,2024-01-12 02:22:00,16.0,success,0.24
362,188,2023-11-06 02:22:00,10.9,success,0.16
363,190,2024-02-12 09:32:00,1754.75,success,26.32
364,190,2024-02-28 09:32:00,18.46,success,0.28
365,190,2023-12-12 09:32:00,395.2,failed,0.0
366,190,2023-12-31 09:32:00,239.76,success,3.6
367,190,2024-03-02 09:32:00,1823.43,success,27.35
368,190,2023-12-27 09:32:00,280.63,success,4.21
369,190,2023-12-30 09:32:00,470.45,success,7.06
370,190,2024-01-02 09:32:00,522.49,success,7.84
371,198,2024-03-30 01:53:00,201.45,failed,0.0
372,198,2024-03-17 01:53:00,19.11,failed,0.0
373,198,2024-03-29 01:53:00,51.39,success,0.77
374,198,2024-03-04 01:53:00,1295.94,success,19.44
375,198,2024-03-18 01:53:00,328.26,success,4.92
376,198,2024-05-10 01:53:00,493.78,success,7.41
377,199,2023-02-27 22:26:00,468.04,success,7.02
378,199,2023-03-28 22:26:00,1505.9,success,22.59
379,199,2023-05-03 22:26:00,271.38,failed,0.0
380,199,2023-05-08 22:26:00,320.31,failed,0.0
381,199,2023-04-13 22:26:00,403.29,success,6.05
382,199,2023-03-24 22:26:00,180.94,success,2.71
383,205,2023-08-25 08:40:00,267.89,success,4.02
384,205,2023-06-27 08:40:00,1863.32,success,27.95
385,205,2023-09-08 08:40:00,1304.63,success,19.57
386,206,2024-10-29 22:53:00,757.4,success,11.36
387,207,2024-08-07 07:58:00,5.39,success,0.08
388,207,2024-09-15 07:58:00,79.68,failed,0.0
389,207,2024-07-24 07:58:00,7.19,success,0.11
390,207,2024-07-18 07:58:00,10.68,success,0.16
391,207,2024-07-29 07:58:00,413.06,success,6.2
392,207,2024-07-26 07:58:00,13.27,success,0.2
393,208,2023-09-18 22:28:00,1280.89,failed,0.0
394,208,2023-08-14 22:28:00,436.06,success,6.54
395,209,2024-12-17 13:51:00,1607.04,success,24.11
396,209,2024-11-25 13:51:00,18.94,failed,0.0
397,209,2025-01-04 13:51:00,75.87,success,1.14
398,209,2024-12-01 13:51:00,207.37,success,3.11
399,209,2024-10-29 13:51:00,11.46,success,0.17
400,210,2023-03-04 14:46:00,6.97,success,0.1
401,210,2023-03-19 14:46:00,358.0,success,5.37
402,210,2023-03-31 14:46:00,245.45,success,3.68
403,210,2023-03-09 14:46:00,8.72,success,0.13
404,210,2023-01-28 14:46:00,497.42,success,7.46
405,210,2023-04-14 14:46:00,1595.69,success,23.94
406,210,2023-03-30 14:46:00,116.93,success,1.75
407,210,2023-02-07 14:46:00,18.94,failed,0.0
408,211,2024-09-14 00:35:00,695.73,success,10.44
409,211,2024-07-07 00:35:00,13.8,success,0.21
410,211,2024-08-28 00:35:00,83.7,success,1.26
411,211,2024-08-31 00:35:00,19.84,success,0.3
412,220,2024-11-05 09:12:00,525.73,success,7.89
413,220,2024-10-07 09:12:00,18.81,success,0.28
414,220,2024-10-08 09:12:00,298.18,success,4.47
415,220,2024-10-18 09:12:00,1943.08,success,29.15
416,223,2025-03-12 07:21:00,8.03,failed,0.0
417,223,2025-03-14 07:21:00,5.67,success,0.09
418,223,2025-02-09 07:21:00,210.49,success,3.16
419,223,2025-02-10 07:21:00,1960.78,success,29.41
420,226,2023-04-25 02:24:00,434.22,success,6.51
421,226,2023-05-19 02:24:00,339.12,success,5.09
422,226,2023-04-28 02:24:00,462.86,success,6.94
423,226,2023-05-17 02:24:00,5.97,success,0.09
424,226,2023-06-04 02:24:00,254.56,success,3.82
425,226,2023-05-02 02:24:00,64.1,success,0.96
426,229,2024-10-18 21:18:00,412.64,success,6.19
427,229,2024-10-20 21:18:00,13.27,success,0.2
428,229,2024-10-21 21:18:00,1555.75,success,23.34
429,229,2024-10-09 21:18:00,901.41,success,13.52
430,229,2024-10-15 21:18:00,15.1,success,0.23
431,229,2024-09-11 21:18:00,1278.44,success,19.18
432,229,2024-10-04 21:18:00,1145.03,failed,0.0
433,229,2024-09-16 21:18:00,577.37,success,8.66
434,230,2024-04-30 04:03:00,18.47,success,0.28
435,232,2024-01-16 18:20:00,392.43,success,5.89
436,232,2024-02-10 18:20:00,625.16,failed,0.0
437,232,2024-02-17 18:20:00,637.95,success,9.57
438,233,2024-07-07 07:29:00,193.37,success,2.9
439,233,2024-08-08 07:29:00,454.43,success,6.82
440,233,2024-06-24 07:29:00,917.07,failed,0.0
441,233,2024-08-21 07:29:00,451.7,success,6.78
442,234,2023-09-06 13:08:00,15.45,success,0.23
443,234,2023-10-17 13:08:00,6.54,success,0.1
444,234,2023-09-09 13:08:00,17.92,success,0.27
445,234,2023-09-15 13:08:00,507.41,failed,0.0
446,234,2023-09-01 13:08:00,69.38,success,1.04
447,234,2023-09-10 13:08:00,1069.33,success,16.04
448,236,2024-06-23 04:33:00,8.99,failed,0.0
449,236,2024-07-09 04:33:00,651.96,success,9.78
450,236,2024-07-08 04:33:00,142.57,success,2.14
451,242,2024-10-24 02:23:00,329.4,success,4.94
452,242,2024-10-09 02:23:00,1194.21,success,17.91
453,242,2024-08-26 02:23:00,6.27,success,0.09
454,242,2024-09-01 02:23:00,17.33,success,0.26
455,242,2024-11-02 02:23:00,15.12,success,0.23
456,242,2024-10-30 02:23:00,835.32,success,12.53
457,242,2024-09-08 02:23:00,9.51,success,0.14
458,243,2023-10-23 09:05:00,314.94,success,4.72
459,243,2023-10-27 09:05:00,17.0,success,0.26
460,243,2023-09-26 09:05:00,6.8,success,0.1
461,243,2023-10-22 09:05:00,14.3,success,0.21
462,243,2023-09-26 09:05:00,1036.62,success,15.55
463,244,2024-07-07 14:19:00,11.62,failed,0.0
464,244,2024-08-08 14:19:00,699.82,success,10.5
465,244,2024-07-23 14:19:00,7.94,success,0.12
466,244,2024-07-18 14:19:00,11.51,success,0.17
467,244,2024-09-16 14:19:00,19.4,failed,0.0
468,244,2024-08-13 14:19:00,305.73,success,4.59
469,244,2024-09-18 14:19:00,135.56,success,2.03
470,244,2024-08-12 14:19:00,14.28,success,0.21
471,246,2024-10-12 00:15:00,18.46,success,0.28
472,246,2024-10-04 00:15:00,91.4,success,1.37
473,246,2024-12-04 00:15:00,522.35,success,7.84
474,246,2024-10-04 00:15:00,6.15,success,0.09
475,246,2024-12-13 00:15:00,938.62,success,14.08
476,246,2024-12-20 00:15:00,875.3,success,13.13
477,247,2024-03-10 09:12:00,5.28,success,0.08
478,247,2024-01-30 09:12:00,14.9,success,0.22
479,247,2024-02-20 09:12:00,459.52,failed,0.0
480,247,2024-02-09 09:12:00,315.93,success,4.74
481,247,2024-03-26 09:12:00,1593.84,success,23.91
482,247,2024-01-20 09:12:00,478.61,failed,0.0
483,251,2023-10-02 16:33:00,208.39,success,3.13
484,251,2023-10-27 16:33:00,8.46,failed,0.0
485,251,2023-09-11 16:33:00,16.65,success,0.25
486,251,2023-09-16 16:33:00,1112.75,failed,0.0
487,251,2023-10-23 16:33:00,12.41,failed,0.0
488,251,2023-08-12 16:33:00,1648.26,failed,0.0
489,251,2023-08-23 16:33:00,1147.13,success,17.21
490,251,2023-08-20 16:33:00,440.1,success,6.6
491,256,2023-07-15 20:58:00,8.52,failed,0.0
492,256,2023-05-31 20:58:00,1235.33,success,18.53
493,256,2023-06-16 20:58:00,182.94,success,2.74
494,256,2023-06-28 20:58:00,348.09,failed,0.0
495,256,2023-07-25 20:58:00,363.64,success,5.45
496,256,2023-07-03 20:58:00,359.25,success,5.39
497,256,2023-06-23 20:58:00,397.31,success,5.96
498,256,2023-06-27 20:58:00,167.31,success,2.51
499,257,2023-03-29 10:28:00,1256.76,success,18.85
500,257,2023-04-17 10:28:00,5.3,success,0.08
501,257,2023-05-09 10:28:00,137.43,success,2.06
502,257,2023-04-18 10:28:00,12.69,success,0.19
503,257,2023-05-17 10:28:00,13.64,failed,0.0
504,257,2023-05-05 10:28:00,1554.32,success,23.31
505,257,2023-02-25 10:28:00,1927.19,success,28.91
506,257,2023-04-21 10:28:00,8.36,success,0.13
507,260,2023-04-29 15:00:00,1057.45,success,15.86
508,260,2023-05-02 15:00:00,1421.0,success,21.31
509,260,2023-06-11 15:00:00,1904.3,success,28.56
510,261,2023-08-21 19:37:00,8.04,success,0.12
511,261,2023-07-01 19:37:00,1283.48,success,19.25
512,261,2023-07-10 19:37:00,1407.16,failed,0.0
513,261,2023-08-22 19:37:00,18.64,failed,0.0
514,261,2023-06-09 19:37:00,326.72,failed,0.0
515,261,2023-07-09 19:37:00,486.43,success,7.3
516,261,2023-07-28 19:37:00,675.94,success,10.14
517,261,2023-07-17 19:37:00,209.75,success,3.15
518,263,2023-08-10 00:09:00,15.58,success,0.23
519,263,2023-08-06 00:09:00,5.84,failed,0.0
520,263,2023-08-26 00:09:00,19.75,success,0.3
521,263,2023-10-16 00:09:00,1563.96,success,23.46
522,263,2023-09-06 00:09:00,1104.76,success,16.57
523,263,2023-07-30 00:09:00,392.58,success,5.89
524,263,2023-09-16 00:09:00,323.84,success,4.86
525,266,2024-01-05 10:31:00,455.39,success,6.83
526,266,2024-01-10 10:31:00,542.83,success,8.14
527,266,2024-01-14 10:31:00,18.3,failed,0.0
528,268,2023-09-18 21:07:00,1043.42,success,15.65
529,268,2023-09-19 21:07:00,13.99,success,0.21
530,268,2023-07-27 21:07:00,185.87,success,2.79
531,268,2023-08-26 21:07:00,189.99,success,2.85
532,270,2023-03-30 17:59:00,384.21,failed,0.0
533,270,2023-03-22 17:59:00,1423.37,failed,0.0
534,270,2023-03-29 17:59:00,15.41,success,0.23
535,270,2023-04-22 17:59:00,778.57,success,11.68
536,272,2023-10-07 05:17:00,738.68,failed,0.0
537,272,2023-12-02 05:17:00,1127.27,success,16.91
538,272,2023-11-08 05:17:00,1530.27,success,22.95
539,272,2023-11-02 05:17:00,289.63,success,4.34
540,276,2025-03-17 01:06:00,433.67,success,6.51
541,276,2025-02-25 01:06:00,441.85,failed,0.0
542,276,2024-12-26 01:06:00,15.03,success,0.23
543,276,2025-01-29 01:06:00,14.13,success,0.21
544,276,2025-02-21 01:06:00,518.3,success,7.77
545,277,2024-09-07 08:05:00,1353.99,success,20.31
546,277,2024-07-08 08:05:00,1463.94,success,21.96
547,277,2024-09-10 08:05:00,496.51,success,7.45
548,277,2024-08-26 08:05:00,197.89,failed,0.0
549,277,2024-08-01 08:05:00,1011.71,success,15.18
550,277,2024-08-02 08:05:00,14.39,success,0.22
551,277,2024-08-03 08:05:00,18.4,success,0.28
552,279,2024-10-15 15:03:00,372.5,success,5.59
553,279,2024-11-13 15:03:00,16.86,success,0.25
554,279,2024-12-08 15:03:00,12.54,success,0.19
555,279,2024-11-20 15:03:00,19.12,success,0.29
556,279,2024-11-08 15:03:00,459.0,failed,0.0
557,279,2024-12-04 15:03:00,95.65,success,1.43
558,279,2024-11-15 15:03:00,701.43,success,10.52
559,279,2024-11-11 15:03:00,1384.71,success,20.77
560,283,2024-10-13 01:01:00,1953.87,failed,0.0
561,283,2024-10-31 01:01:00,390.47,success,5.86
562,283,2024-10-10 01:01:00,16.25,success,0.24
563,283,2024-10-11 01:01:00,12.17,success,0.18
564,285,2024-12-14 12:06:00,6.89,success,0.1
565,285,2024-11-29 12:06:00,923.45,success,13.85
566,285,2024-12-17 12:06:00,951.66,failed,0.0
567,285,2025-02-12 12:06:00,282.61,success,4.24
568,285,2024-12-05 12:06:00,717.83,failed,0.0
569,285,2024-11-23 12:06:00,16.22,failed,0.0
570,285,2024-11-20 12:06:00,7.14,success,0.11
571,288,2024-08-03 07:26:00,13.11,success,0.2
572,288,2024-09-04 07:26:00,455.43,success,6.83
573,288,2024-08-01 07:26:00,612.31,success,9.18
574,288,2024-08-23 07:26:00,8.13,success,0.12
575,288,2024-09-05 07:26:00,7.1,success,0.11
576,288,2024-08-04 07:26:00,225.95,success,3.39
577,288,2024-08-19 07:26:00,1588.97,failed,0.0
578,288,2024-08-03 07:26:00,114.08,success,1.71
579,289,2024-11-04 06:00:00,15.0,success,0.22
580,289,2024-11-13 06:00:00,1386.63,success,20.8
581,289,2024-12-11 06:00:00,1348.43,success,20.23
582,289,2024-12-06 06:00:00,1385.51,failed,0.0
583,289,2024-11-24 06:00:00,857.92,success,12.87
584,290,2024-04-24 22:40:00,11.87,success,0.18
585,296,2023-09-28 23:13:00,377.49,success,5.66
586,296,2023-09-13 23:13:00,1178.17,success,17.67
587,296,2023-10-04 23:13:00,306.44,success,4.6
588,300,2024-11-01 07:08:00,1892.91,success,28.39
589,303,2023-10-04 22:31:00,5.15,success,0.08
590,303,2023-09-08 22:31:00,8.8,success,0.13
591,303,2023-09-03 22:31:00,6.93,success,0.1
592,303,2023-09-08 22:31:00,751.05,success,11.27
593,303,2023-10-03 22:31:00,362.76,success,5.44
594,303,2023-09-18 22:31:00,8.92,failed,0.0
595,304,2024-08-08 00:13:00,122.49,success,1.84
596,304,2024-08-28 00:13:00,526.19,success,7.89
597,304,2024-07-13 00:13:00,10.56,success,0.16
598,304,2024-06-02 00:13:00,13.44,failed,0.0
599,304,2024-08-21 00:13:00,295.51,failed,0.0
600,304,2024-08-23 00:13:00,1080.15,success,16.2
601,304,2024-08-03 00:13:00,205.32,success,3.08
602,306,2024-04-01 08:29:00,809.68,success,12.15
603,306,2024-04-12 08:29:00,1653.86,success,24.81
604,306,2024-04-03 08:29:00,868.55,success,13.03
605,306,2024-05-10 08:29:00,1418.49,success,21.28
606,306,2024-03-13 08:29:00,15.14,failed,0.0
607,306,2024-03-15 08:29:00,90.48,success,1.36
608,312,2023-07-09 06:49:00,518.0,success,7.77
609,312,2023-05-24 06:49:00,1042.22,success,15.63
610,312,2023-04-22 06:49:00,377.22,success,5.66
611,313,2024-07-21 15:58:00,19.85,success,0.3
612,313,2024-08-26 15:58:00,18.58,success,0.28
613,317,2023-11-02 04:02:00,391.31,success,5.87
614,317,2023-11-07 04:02:00,15.59,success,0.23
615,317,2023-10-15 04:02:00,440.48,success,6.61
616,317,2023-11-30 04:02:00,333.0,success,5.0
617,317,2023-12-30 04:02:00,924.36,success,13.87
618,317,2023-10-18 04:02:00,18.25,success,0.27
619,317,2023-10-21 04:02:00,745.07,success,11.18
620,318,2024-01-06 18:31:00,1822.47,failed,0.0
621,318,2024-01-27 18:31:00,511.02,success,7.67
622,318,2024-02-11 18:31:00,8.98,success,0.13
623,318,2024-02-07 18:31:00,10.02,success,0.15
624,318,2024-03-03 18:31:00,1477.11,success,22.16
625,318,2024-02-01 18:31:00,1706.95,failed,0.0
626,319,2024-11-01 01:17:00,7.86,success,0.12
627,319,2024-11-02 01:17:00,396.7,success,5.95
628,319,2024-10-08 01:17:00,18.95,success,0.28
629,319,2024-10-31 01:17:00,356.82,success,5.35
630,326,2023-10-04 02:37:00,1820.95,success,27.31
631,326,2023-09-25 02:37:00,10.7,success,0.16
632,326,2023-11-30 02:37:00,1745.95,failed,0.0
633,330,2024-12-12 17:45:00,7.83,success,0.12
634,330,2025-01-24 17:45:00,14.5,success,0.22
635,332,2024-05-24 17:05:00,19.63,success,0.29
636,332,2024-04-26 17:05:00,19.01,success,0.29
637,332,2024-05-03 17:05:00,304.71,success,4.57
638,332,2024-05-04 17:05:00,235.19,success,3.53
639,332,2024-04-16 17:05:00,708.92,success,10.63
640,332,2024-06-18 17:05:00,15.29,success,0.23
641,332,2024-06-05 17:05:00,102.74,success,1.54
642,332,2024-04-18 17:05:00,1006.06,success,15.09
643,335,2023-03-29 06:42:00,740.59,success,11.11
644,335,2023-04-06 06:42:00,106.05,success,1.59
645,336,2023-07-02 08:08:00,205.33,success,3.08
646,336,2023-08-26 08:08:00,18.64,success,0.28
647,336,2023-08-02 08:08:00,1780.47,success,26.71
648,336,2023-09-05 08:08:00,430.66,success,6.46
649,336,2023-07-29 08:08:00,638.57,success,9.58
650,336,2023-08-01 08:08:00,469.4,success,7.04
651,337,2023-07-31 15:25:00,1698.26,success,25.47
652,337,2023-09-22 15:25:00,1287.58,failed,0.0
653,337,2023-08-28 15:25:00,309.86,success,4.65
654,337,2023-09-19 15:25:00,19.05,success,0.29
655,337,2023-08-09 15:25:00,6.1,success,0.09
656,337,2023-09-04 15:25:00,184.78,success,2.77
657,339,2023-07-05 06:38:00,6.4,success,0.1
658,339,2023-06-11 06:38:00,137.52,success,2.06
659,339,2023-06-29 06:38:00,11.4,success,0.17
660,339,2023-06-18 06:38:00,7.45,success,0.11
661,341,2024-03-15 22:10:00,1982.28,success,29.73
662,341,2024-03-27 22:10:00,453.68,success,6.81
663,341,2024-05-17 22:10:00,607.52,success,9.11
664,341,2024-03-11 22:10:00,736.09,success,11.04
665,341,2024-05-05 22:10:00,360.06,success,5.4
666,342,2024-05-11 15:41:00,683.93,success,10.26
667,342,2024-07-05 15:41:00,13.28,failed,0.0
668,342,2024-07-03 15:41:00,5.51,success,0.08
669,344,2023-09-27 10:00:00,13.21,success,0.2
670,344,2023-07-16 10:00:00,332.17,success,4.98
671,344,2023-09-05 10:00:00,18.94,failed,0.0
672,344,2023-09-27 10:00:00,8.34,success,0.13
673,344,2023-10-07 10:00:00,898.05,success,13.47
674,344,2023-08-11 10:00:00,252.16,success,3.78
675,344,2023-07-23 10:00:00,1721.64,failed,0.0
676,344,2023-07-16 10:00:00,1691.94,success,25.38
677,349,2025-01-05 05:40:00,274.23,success,4.11
678,349,2024-12-05 05:40:00,1804.26,success,27.06
679,349,2024-11-11 05:40:00,92.82,success,1.39
680,351,2023-04-15 13:49:00,18.66,success,0.28
681,351,2023-03-26 13:49:00,273.95,success,4.11
682,351,2023-03-26 13:49:00,1721.67,success,25.83
683,351,2023-05-18 13:49:00,8.73,success,0.13
684,351,2023-03-03 13:49:00,15.26,success,0.23
685,351,2023-05-16 13:49:00,99.85,success,1.5
686,351,2023-03-20 13:49:00,11.71,failed,0.0
687,357,2024-06-28 15:20:00,17.52,success,0.26
688,357,2024-05-21 15:20:00,65.81,success,0.99
689,357,2024-06-10 15:20:00,8.18,success,0.12
690,357,2024-06-11 15:20:00,1332.5,success,19.99
691,357,2024-08-04 15:20:00,462.71,success,6.94
692,357,2024-08-05 15:20:00,305.28,success,4.58
693,357,2024-07-16 15:20:00,821.22,success,12.32
694,357,2024-05-23 15:20:00,182.99,failed,0.0
695,362,2024-03-01 09:34:00,1467.78,success,22.02
696,362,2024-03-16 09:34:00,1819.17,success,27.29
697,362,2024-03-31 09:34:00,96.84,success,1.45
698,362,2024-01-29 09:34:00,181.23,success,2.72
699,362,2024-03-11 09:34:00,439.82,success,6.6
700,362,2024-04-19 09:34:00,10.54,failed,0.0
701,362,2024-01-26 09:34:00,261.42,failed,0.0
702,362,2024-03-29 09:34:00,13.64,success,0.2
703,366,2024-09-28 07:51:00,1079.43,success,16.19
704,366,2024-10-28 07:51:00,19.1,success,0.29
705,366,2024-10-30 07:51:00,10.34,success,0.16
706,366,2024-09-30 07:51:00,1136.71,success,17.05
707,366,2024-10-05 07:51:00,492.76,success,7.39
708,366,2024-09-22 07:51:00,1331.8,failed,0.0
709,366,2024-10-11 07:51:00,1794.25,success,26.91
710,378,2023-07-30 21:55:00,765.82,failed,0.0
711,378,2023-08-20 21:55:00,1625.41,success,24.38
712,378,2023-09-26 21:55:00,1143.03,failed,0.0
713,378,2023-07-14 21:55:00,365.05,success,5.48
714,378,2023-08-19 21:55:00,12.77,success,0.19
715,378,2023-06-29 21:55:00,10.64,success,0.16
716,378,2023-09-17 21:55:00,353.25,success,5.3
717,386,2024-09-21 23:43:00,11.42,failed,0.0
718,386,2024-06-30 23:43:00,1458.75,success,21.88
719,386,2024-07-24 23:43:00,6.09,success,0.09
720,389,2023-06-21 09:36:00,255.73,success,3.84
721,389,2023-05-19 09:36:00,18.89,success,0.28
722,389,2023-05-14 09:36:00,7.33,success,0.11
723,389,2023-05-13 09:36:00,1699.1,failed,0.0
724,389,2023-05-01 09:36:00,14.61,failed,0.0
725,389,2023-06-02 09:36:00,866.78,failed,0.0
726,389,2023-06-30 09:36:00,300.17,success,4.5
727,389,2023-07-13 09:36:00,11.95,success,0.18
728,391,2024-12-18 06:12:00,490.1,success,7.35
729,391,2025-02-04 06:12:00,17.83,success,0.27
730,391,2024-12-13 06:12:00,19.31,success,0.29
731,392,2024-09-21 20:53:00,5.63,success,0.08
732,392,2024-11-21 20:53:00,16.14,success,0.24
733,392,2024-11-16 20:53:00,16.2,success,0.24
734,392,2024-10-11 20:53:00,768.26,failed,0.0
735,393,2024-09-15 03:11:00,7.43,success,0.11
736,393,2024-09-16 03:11:00,373.48,success,5.6
737,393,2024-09-12 03:11:00,152.69,success,2.29
738,393,2024-07-12 03:11:00,1796.08,success,26.94
739,393,2024-06-29 03:11:00,8.33,success,0.12
740,399,2023-04-16 01:45:00,1384.47,success,20.77
741,399,2023-04-01 01:45:00,227.75,success,3.42
742,400,2023-10-19 05:36:00,146.45,success,2.2
743,400,2023-10-04 05:36:00,17.66,success,0.26
744,400,2023-10-19 05:36:00,5.41,success,0.08
745,400,2023-10-04 05:36:00,852.82,success,12.79
746,400,2023-10-13 05:36:00,1827.43,success,27.41
747,400,2023-08-14 05:36:00,18.46,success,0.28
748,404,2024-10-22 01:50:00,373.87,success,5.61
749,404,2024-10-24 01:50:00,5.66,success,0.08
750,404,2024-12-21 01:50:00,124.51,success,1.87
751,405,2023-12-10 07:14:00,1548.32,success,23.22
752,405,2023-12-21 07:14:00,1260.08,success,18.9
753,405,2023-10-14 07:14:00,1968.34,success,29.53
754,405,2023-10-18 07:14:00,14.21,success,0.21
755,405,2023-12-03 07:14:00,1893.12,success,28.4
756,405,2023-10-17 07:14:00,6.06,success,0.09
757,405,2023-12-18 07:14:00,13.07,success,0.2
758,405,2023-11-03 07:14:00,688.64,success,10.33
759,406,2024-10-04 20:11:00,405.73,failed,0.0
760,406,2024-11-15 20:11:00,1838.7,success,27.58
761,407,2023-12-10 20:06:00,182.35,success,2.74
762,408,2025-01-03 04:01:00,19.91,success,0.3
763,408,2025-02-09 04:01:00,6.14,success,0.09
764,408,2025-01-18 04:01:00,8.43,success,0.13
765,408,2025-03-16 04:01:00,13.83,success,0.21
766,408,2025-01-30 04:01:00,336.0,failed,0.0
767,408,2025-01-08 04:01:00,9.65,success,0.14
768,410,2023-09-09 16:06:00,1940.52,success,29.11
769,410,2023-09-01 16:06:00,411.76,failed,0.0
770,410,2023-08-31 16:06:00,1830.09,success,27.45
771,410,2023-08-03 16:06:00,19.9,success,0.3
772,410,2023-07-08 16:06:00,252.24,success,3.78
773,410,2023-07-06 16:06:00,493.92,success,7.41
774,410,2023-07-17 16:06:00,1747.46,success,26.21
775,410,2023-08-21 16:06:00,7.44,success,0.11
776,411,2024-03-30 17:06:00,592.57,success,8.89
777,411,2024-04-22 17:06:00,9.34,success,0.14
778,411,2024-02-18 17:06:00,1674.56,success,25.12
779,411,2024-03-07 17:06:00,233.9,success,3.51
780,413,2025-03-03 17:47:00,17.66,success,0.26
781,413,2025-02-03 17:47:00,699.05,success,10.49
782,413,2025-02-18 17:47:00,1282.96,success,19.24
783,413,2025-01-27 17:47:00,10.7,success,0.16
784,413,2025-03-18 17:47:00,112.64,success,1.69
785,414,2023-07-07 06:47:00,368.21,success,5.52
786,417,2024-11-21 06:43:00,19.39,failed,0.0
787,417,2024-12-05 06:43:00,623.96,success,9.36
788,417,2024-11-14 06:43:00,1027.69,success,15.42
789,419,2024-04-12 13:50:00,1736.98,success,26.05
790,419,2024-05-04 13:50:00,563.76,success,8.46
791,421,2024-12-24 13:42:00,438.27,failed,0.0
792,421,2025-03-03 13:42:00,1160.23,success,17.4
793,426,2024-12-27 07:58:00,6.72,success,0.1
794,426,2025-01-10 07:58:00,5.09,success,0.08
795,426,2025-01-17 07:58:00,1028.86,success,15.43
796,431,2024-05-07 11:01:00,1575.92,success,23.64
797,431,2024-02-11 11:01:00,9.53,success,0.14
798,431,2024-03-02 11:01:00,10.78,success,0.16
799,431,2024-02-28 11:01:00,1498.2,success,22.47
800,433,2024-01-12 13:54:00,222.04,success,3.33
801,433,2023-12-02 13:54:00,6.9,success,0.1
802,433,2023-10-29 13:54:00,466.38,success,7.0
803,433,2023-12-10 13:54:00,229.6,success,3.44
804,433,2023-12-17 13:54:00,9.53,success,0.14
805,433,2023-12-02 13:54:00,7.05,success,0.11
806,435,2024-09-24 07:12:00,1720.51,success,25.81
807,435,2024-08-22 07:12:00,9.88,success,0.15
808,435,2024-07-25 07:12:00,12.26,success,0.18
809,437,2024-02-12 07:33:00,8.4,success,0.13
810,439,2024-08-04 20:49:00,1986.22,failed,0.0
811,439,2024-06-15 20:49:00,16.01,success,0.24
812,439,2024-08-11 20:49:00,19.89,failed,0.0
813,442,2024-06-26 16:03:00,263.82,success,3.96
814,442,2024-07-10 16:03:00,1527.41,success,22.91
815,442,2024-05-15 16:03:00,91.26,success,1.37
816,443,2024-12-12 13:44:00,241.98,failed,0.0
817,443,2024-10-28 13:44:00,5.35,success,0.08
818,443,2024-10-28 13:44:00,223.75,success,3.36
819,443,2024-12-22 13:44:00,1452.48,success,21.79
820,445,2024-09-10 02:21:00,1299.77,success,19.5
821,445,2024-09-17 02:21:00,1951.01,success,29.27
822,445,2024-08-21 02:21:00,15.37,success,0.23
823,445,2024-09-21 02:21:00,789.07,success,11.84
824,445,2024-10-05 02:21:00,10.56,success,0.16
825,445,2024-08-15 02:21:00,175.16,success,2.63
826,446,2023-02-21 02:29:00,161.9,success,2.43
827,446,2023-03-28 02:29:00,951.89,success,14.28
828,446,2023-04-19 02:29:00,1512.2,success,22.68
829,446,2023-04-14 02:29:00,1687.2,success,25.31
830,446,2023-05-05 02:29:00,920.87,failed,0.0
831,446,2023-02-23 02:29:00,344.22,success,5.16
832,446,2023-03-12 02:29:00,168.57,success,2.53
833,446,2023-03-16 02:29:00,152.77,failed,0.0
834,447,2024-04-11 19:34:00,11.12,success,0.17
835,448,2024-04-27 16:57:00,337.92,success,5.07
836,448,2024-07-16 16:57:00,12.04,success,0.18
837,448,2024-05-31 16:57:00,1377.4,success,20.66
838,448,2024-06-10 16:57:00,882.08,success,13.23
839,448,2024-05-09 16:57:00,268.46,success,4.03
840,449,2023-08-11 10:39:00,1918.02,success,28.77
841,449,2023-08-17 10:39:00,131.8,success,1.98
842,449,2023-08-03 10:39:00,219.6,success,3.29
843,453,2024-05-10 22:14:00,5.41,success,0.08
844,453,2024-03-19 22:14:00,8.35,success,0.13
845,453,2024-05-13 22:14:00,17.78,success,0.27
846,458,2024-10-19 14:41:00,810.21,success,12.15
847,458,2024-11-15 14:41:00,447.24,success,6.71
848,458,2024-10-07 14:41:00,1824.91,failed,0.0
849,458,2024-11-17 14:41:00,871.75,success,13.08
850,461,2024-10-13 20:22:00,14.25,success,0.21
851,462,2023-11-16 11:53:00,750.0,success,11.25
852,462,2023-11-29 11:53:00,18.14,success,0.27
853,462,2023-10-27 11:53:00,1100.32,success,16.5
854,462,2023-10-17 11:53:00,294.96,success,4.42
855,462,2023-10-23 11:53:00,1815.89,success,27.24
856,467,2024-02-02 07:05:00,1803.38,success,27.05
857,468,2024-12-23 18:21:00,1647.03,success,24.71
858,468,2024-11-13 18:21:00,1597.7,success,23.97
859,468,2024-12-24 18:21:00,1553.49,success,23.3
860,468,2024-11-28 18:21:00,455.59,success,6.83
861,468,2024-12-30 18:21:00,13.01,success,0.2
862,468,2024-11-03 18:21:00,1466.46,failed,0.0
863,475,2023-06-30 03:54:00,9.25,success,0.14
864,475,2023-07-21 03:54:00,1899.0,success,28.48
865,475,2023-08-12 03:54:00,16.36,success,0.25
866,476,2024-10-12 05:31:00,12.07,success,0.18
867,476,2024-11-04 05:31:00,342.57,failed,0.0
868,476,2024-10-19 05:31:00,86.99,success,1.3
869,479,2024-11-12 23:25:00,1224.08,success,18.36
870,479,2024-11-23 23:25:00,114.89,success,1.72
871,479,2024-11-13 23:25:00,1974.45,success,29.62
872,479,2024-09-26 23:25:00,85.16,success,1.28
873,480,2023-02-14 02:47:00,14.23,success,0.21
874,480,2023-02-08 02:47:00,99.12,success,1.49
875,480,2023-03-24 02:47:00,12.09,success,0.18
876,480,2023-01-21 02:47:00,1805.21,success,27.08
877,480,2023-03-11 02:47:00,16.89,success,0.25
878,480,2023-01-26 02:47:00,12.11,success,0.18
879,483,2024-01-05 14:32:00,12.5,success,0.19
880,483,2024-02-02 14:32:00,1964.63,success,29.47
881,483,2024-01-08 14:32:00,12.36,success,0.19
882,485,2023-02-01 18:54:00,1958.66,success,29.38
883,485,2023-02-27 18:54:00,8.74,failed,0.0
884,485,2023-02-09 18:54:00,18.94,success,0.28
885,488,2023-10-05 12:33:00,642.05,failed,0.0
886,491,2024-08-01 11:29:00,10.42,success,0.16
887,491,2024-08-13 11:29:00,12.51,success,0.19
888,491,2024-08-15 11:29:00,415.26,success,6.23
889,492,2024-02-07 10:49:00,966.5,success,14.5
890,492,2024-02-06 10:49:00,17.03,success,0.26
891,492,2024-02-02 10:49:00,9.66,success,0.14
892,492,2024-02-26 10:49:00,1594.97,success,23.92
893,495,2024-09-17 16:28:00,8.2,success,0.12
894,496,2024-05-03 08:59:00,16.22,success,0.24
895,500,2024-02-05 05:50:00,1478.51,failed,0.0
896,502,2023-07-20 09:32:00,238.15,success,3.57
897,502,2023-07-17 09:32:00,11.44,success,0.17
898,502,2023-07-01 09:32:00,1210.53,failed,0.0
899,502,2023-07-23 09:32:00,15.66,success,0.23
900,503,2023-11-01 05:18:00,1137.25,success,17.06
901,503,2023-11-28 05:18:00,17.85,success,0.27
902,503,2023-11-26 05:18:00,56.26,success,0.84
903,505,2024-06-07 19:39:00,1239.88,failed,0.0
904,505,2024-04-29 19:39:00,103.04,success,1.55
905,505,2024-05-17 19:39:00,19.62,success,0.29
906,505,2024-06-01 19:39:00,340.65,failed,0.0
907,508,2023-11-18 18:20:00,310.9,success,4.66
908,508,2023-12-27 18:20:00,9.7,failed,0.0
909,508,2023-11-22 18:20:00,7.14,success,0.11
910,508,2023-12-16 18:20:00,13.82,success,0.21
911,508,2024-01-22 18:20:00,16.62,failed,0.0
912,510,2024-05-11 11:17:00,72.22,failed,0.0
913,510,2024-06-09 11:17:00,14.57,success,0.22
914,511,2023-07-26 12:26:00,912.41,success,13.69
915,511,2023-07-21 12:26:00,16.78,success,0.25
916,511,2023-07-26 12:26:00,1549.21,success,23.24
917,512,2023-11-21 06:51:00,133.3,success,2.0
918,512,2023-10-08 06:51:00,15.76,success,0.24
919,512,2023-11-06 06:51:00,10.56,success,0.16
920,512,2023-12-04 06:51:00,6.4,success,0.1
921,512,2023-11-28 06:51:00,469.29,success,7.04
922,512,2023-11-16 06:51:00,1885.2,success,28.28
923,512,2023-10-13 06:51:00,246.17,success,3.69
924,514,2023-05-07 16:59:00,13.59,success,0.2
925,514,2023-04-25 16:59:00,16.59,success,0.25
926,514,2023-05-30 16:59:00,759.43,success,11.39
927,515,2023-05-18 19:57:00,16.2,success,0.24
928,515,2023-06-10 19:57:00,516.64,success,7.75
929,515,2023-03-18 19:57:00,342.42,success,5.14
930,515,2023-04-12 19:57:00,388.8,failed,0.0
931,515,2023-04-11 19:57:00,1872.27,success,28.08
932,517,2024-05-03 11:54:00,753.74,success,11.31
933,517,2024-05-14 11:54:00,494.34,success,7.42
934,517,2024-05-31 11:54:00,59.86,success,0.9
935,522,2024-03-16 02:17:00,503.27,success,7.55
936,522,2024-04-26 02:17:00,223.2,success,3.35
937,522,2024-02-26 02:17:00,5.23,success,0.08
938,522,2024-02-25 02:17:00,336.02,success,5.04
939,522,2024-03-14 02:17:00,148.25,success,2.22
940,522,2024-03-04 02:17:00,200.3,failed,0.0
941,522,2024-02-20 02:17:00,942.85,failed,0.0
942,522,2024-02-28 02:17:00,345.93,success,5.19
943,524,2024-06-07 06:06:00,476.88,success,7.15
944,524,2024-07-12 06:06:00,1863.02,success,27.95
945,524,2024-06-17 06:06:00,1686.69,success,25.3
946,524,2024-06-25 06:06:00,298.78,success,4.48
947,524,2024-07-27 06:06:00,252.92,success,3.79
948,524,2024-06-13 06:06:00,286.34,failed,0.0
949,526,2024-12-15 01:12:00,63.94,success,0.96
950,526,2024-11-15 01:12:00,167.46,success,2.51
951,526,2025-01-13 01:12:00,19.1,success,0.29
952,526,2024-12-19 01:12:00,109.27,success,1.64
953,528,2024-06-22 10:41:00,1624.69,success,24.37
954,528,2024-06-04 10:41:00,16.62,success,0.25
955,528,2024-07-18 10:41:00,11.2,success,0.17
956,529,2024-12-21 11:07:00,60.86,success,0.91
957,529,2024-12-31 11:07:00,559.86,success,8.4
958,529,2025-02-18 11:07:00,918.05,success,13.77
959,529,2025-03-05 11:07:00,293.22,success,4.4
960,530,2023-04-16 21:21:00,356.34,success,5.35
961,531,2023-04-05 21:06:00,9.44,failed,0.0
962,531,2023-05-26 21:06:00,18.38,success,0.28
963,531,2023-03-09 21:06:00,1734.31,success,26.01
964,533,2024-03-25 01:06:00,6.77,success,0.1
965,533,2024-01-28 01:06:00,10.47,success,0.16
966,533,2024-03-08 01:06:00,305.79,success,4.59
967,535,2024-04-02 02:52:00,160.38,success,2.41
968,535,2024-03-02 02:52:00,485.88,success,7.29
969,535,2024-05-21 02:52:00,362.48,success,5.44
970,535,2024-04-04 02:52:00,15.84,success,0.24
971,535,2024-05-01 02:52:00,1152.09,failed,0.0
972,536,2024-05-13 19:49:00,343.73,success,5.16
973,536,2024-03-25 19:49:00,835.75,failed,0.0
974,536,2024-05-17 19:49:00,7.11,success,0.11
975,536,2024-03-27 19:49:00,15.33,success,0.23
976,536,2024-03-17 19:49:00,182.0,success,2.73
977,536,2024-03-04 19:49:00,14.07,success,0.21
978,538,2023-10-28 03:48:00,1918.8,success,28.78
979,538,2023-11-19 03:48:00,1228.55,success,18.43
980,538,2023-11-12 03:48:00,1548.47,success,23.23
981,538,2023-11-19 03:48:00,1763.17,success,26.45
982,538,2023-10-09 03:48:00,1140.87,success,17.11
983,538,2023-10-17 03:48:00,923.14,success,13.85
984,538,2023-10-03 03:48:00,237.63,success,3.56
985,538,2023-09-23 03:48:00,488.91,success,7.33
986,540,2024-02-24 08:54:00,576.04,success,8.64
987,540,2024-02-23 08:54:00,11.26,success,0.17
988,541,2024-01-24 16:30:00,398.99,failed,0.0
989,541,2023-12-09 16:30:00,11.79,failed,0.0
990,541,2024-01-08 16:30:00,1874.46,success,28.12
991,541,2023-12-08 16:30:00,7.6,success,0.11
992,541,2024-02-07 16:30:00,492.4,success,7.39
993,541,2023-12-28 16:30:00,310.27,success,4.65
994,541,2024-02-16 16:30:00,1766.95,failed,0.0
995,542,2023-07-09 01:24:00,1206.75,success,18.1
996,542,2023-06-13 01:24:00,480.05,success,7.2
997,542,2023-06-21 01:24:00,1530.1,success,22.95
998,544,2024-03-08 05:33:00,14.37,failed,0.0
999,544,2024-02-09 05:33:00,584.92,success,8.77
1000,544,2024-03-05 05:33:00,1699.18,success,25.49
1001,545,2025-02-04 03:10:00,168.61,success,2.53
1002,545,2024-11-28 03:10:00,481.77,success,7.23
1003,545,2024-12-26 03:10:00,770.61,success,11.56
1004,545,2025-02-11 03:10:00,1607.34,failed,0.0
1005,545,2025-02-03 03:10:00,1470.56,success,22.06
1006,545,2025-01-14 03:10:00,17.71,success,0.27
1007,549,2023-08-02 16:56:00,1035.74,success,15.54
1008,549,2023-08-16 16:56:00,19.64,success,0.29
1009,549,2023-08-18 16:56:00,15.88,success,0.24
1010,549,2023-07-22 16:56:00,325.92,success,4.89
1011,549,2023-07-21 16:56:00,209.78,success,3.15
1012,549,2023-07-15 16:56:00,366.49,success,5.5
1013,549,2023-08-29 16:56:00,1614.56,success,24.22
1014,549,2023-09-05 16:56:00,1052.43,success,15.79
1015,551,2023-10-28 16:59:00,304.04,failed,0.0
1016,551,2023-08-16 16:59:00,1756.67,success,26.35
1017,551,2023-11-01 16:59:00,882.72,success,13.24
1018,553,2024-12-03 14:05:00,18.73,success,0.28
1019,553,2024-10-30 14:05:00,830.27,success,12.45
1020,553,2024-10-19 14:05:00,494.86,success,7.42
1021,558,2024-02-08 04:31:00,175.04,success,2.63
1022,558,2024-04-06 04:31:00,349.18,success,5.24
1023,558,2024-01-25 04:31:00,6.43,failed,0.0
1024,558,2024-02-05 04:31:00,16.37,success,0.25
1025,565,2023-03-26 23:31:00,1790.86,success,26.86
1026,569,2025-03-04 05:14:00,1228.5,success,18.43
1027,569,2025-03-12 05:14:00,10.73,failed,0.0
1028,569,2025-01-13 05:14:00,1815.36,success,27.23
1029,569,2025-03-30 05:14:00,9.64,success,0.14
1030,569,2025-03-02 05:14:00,1955.97,success,29.34
1031,569,2025-03-26 05:14:00,698.78,success,10.48
1032,569,2025-03-23 05:14:00,1226.87,success,18.4
1033,569,2025-03-20 05:14:00,246.26,success,3.69
1034,571,2023-03-24 23:44:00,375.98,success,5.64
1035,571,2023-05-23 23:44:00,10.42,success,0.16
1036,571,2023-05-24 23:44:00,182.33,success,2.73
1037,571,2023-03-29 23:44:00,418.29,failed,0.0
1038,573,2024-01-27 11:23:00,421.54,success,6.32
1039,573,2024-02-02 11:23:00,1934.75,failed,0.0
1040,573,2024-01-28 11:23:00,543.82,success,8.16
1041,575,2024-09-11 15:41:00,6.24,failed,0.0
1042,575,2024-10-29 15:41:00,1381.62,success,20.72
1043,576,2024-11-13 02:17:00,9.16,success,0.14
1044,576,2024-11-11 02:17:00,202.07,success,3.03
1045,576,2024-11-21 02:17:00,17.72,success,0.27
1046,578,2024-09-02 12:52:00,1029.12,success,15.44
1047,578,2024-08-31 12:52:00,351.54,failed,0.0
1048,578,2024-10-11 12:52:00,1488.25,failed,0.0
1049,580,2024-04-23 14:53:00,15.7,success,0.24
1050,580,2024-04-18 14:53:00,306.56,failed,0.0
1051,580,2024-04-22 14:53:00,1668.41,failed,0.0
1052,580,2024-04-04 14:53:00,123.65,success,1.85
1053,580,2024-04-11 14:53:00,444.57,success,6.67
1054,580,2024-03-04 14:53:00,497.04,success,7.46
1055,581,2023-12-21 01:19:00,609.42,success,9.14
1056,581,2023-11-19 01:19:00,18.03,success,0.27
1057,581,2023-10-20 01:19:00,1325.16,failed,0.0
1058,581,2023-12-23 01:19:00,364.56,failed,0.0
1059,581,2023-12-06 01:19:00,1060.37,success,15.91
1060,584,2023-03-31 11:15:00,1685.46,success,25.28
1061,584,2023-03-31 11:15:00,301.44,success,4.52
1062,584,2023-03-09 11:15:00,214.62,failed,0.0
1063,586,2023-04-19 12:14:00,12.27,success,0.18
1064,586,2023-04-14 12:14:00,10.11,success,0.15
1065,586,2023-03-29 12:14:00,302.08,success,4.53
1066,586,2023-04-30 12:14:00,382.39,success,5.74
1067,586,2023-04-15 12:14:00,10.56,success,0.16
1068,586,2023-04-18 12:14:00,1872.9,failed,0.0
1069,587,2023-06-16 02:23:00,7.11,failed,0.0
1070,589,2024-12-21 16:06:00,10.02,failed,0.0
1071,592,2025-01-07 18:43:00,315.15,success,4.73
1072,592,2025-01-23 18:43:00,12.43,success,0.19
1073,592,2025-03-28 18:43:00,139.17,success,2.09
1074,592,2025-02-01 18:43:00,10.72,success,0.16
1075,592,2025-01-16 18:43:00,18.61,success,0.28
1076,592,2025-03-22 18:43:00,13.83,success,0.21
1077,595,2024-04-23 23:57:00,121.51,success,1.82
1078,595,2024-05-30 23:57:00,306.44,success,4.6
1079,598,2024-04-30 07:48:00,426.03,success,6.39
1080,598,2024-02-10 07:48:00,11.02,success,0.17
1081,598,2024-03-03 07:48:00,678.6,success,10.18
1082,600,2025-02-06 19:51:00,17.45,failed,0.0
1083,600,2025-02-14 19:51:00,506.86,failed,0.0
1084,600,2025-01-24 19:51:00,1475.67,success,22.14
1085,600,2025-03-12 19:51:00,865.78,success,12.99
1086,600,2025-03-04 19:51:00,15.36,success,0.23
1087,600,2025-01-26 19:51:00,9.79,success,0.15
1088,602,2023-09-12 08:49:00,561.47,success,8.42
1089,602,2023-10-29 08:49:00,154.47,success,2.32
1090,602,2023-09-17 08:49:00,10.16,success,0.15
1091,604,2023-04-29 20:42:00,7.91,success,0.12
1092,604,2023-04-27 20:42:00,11.54,failed,0.0
1093,604,2023-06-22 20:42:00,120.55,success,1.81
1094,604,2023-06-21 20:42:00,1112.0,success,16.68
1095,604,2023-06-21 20:42:00,322.23,success,4.83
1096,604,2023-05-23 20:42:00,122.78,success,1.84
1097,604,2023-06-13 20:42:00,6.25,success,0.09
1098,604,2023-04-15 20:42:00,869.28,failed,0.0
1099,605,2024-04-15 02:31:00,375.62,success,5.63
1100,605,2024-04-19 02:31:00,1745.16,success,26.18
1101,605,2024-04-29 02:31:00,6.08,success,0.09
1102,605,2024-05-25 02:31:00,5.9,success,0.09
1103,605,2024-06-14 02:31:00,14.86,success,0.22
1104,605,2024-06-16 02:31:00,615.2,success,9.23
1105,605,2024-04-22 02:31:00,15.85,success,0.24
1106,605,2024-06-18 02:31:00,1472.77,success,22.09
1107,607,2024-12-18 15:02:00,16.33,success,0.24
1108,609,2024-07-25 18:05:00,321.51,success,4.82
1109,609,2024-09-23 18:05:00,17.64,success,0.26
1110,609,2024-07-15 18:05:00,16.69,success,0.25
1111,609,2024-07-18 18:05:00,12.24,success,0.18
1112,609,2024-07-02 18:05:00,1614.24,success,24.21
1113,609,2024-07-09 18:05:00,6.23,success,0.09
1114,609,2024-07-12 18:05:00,59.19,success,0.89
1115,611,2023-07-23 01:49:00,1703.71,success,25.56
1116,611,2023-05-10 01:49:00,1205.31,success,18.08
1117,611,2023-07-08 01:49:00,965.71,success,14.49
1118,611,2023-05-26 01:49:00,123.5,success,1.85
1119,611,2023-06-06 01:49:00,12.55,success,0.19
1120,611,2023-07-09 01:49:00,423.89,failed,0.0
1121,611,2023-05-22 01:49:00,119.36,success,1.79
1122,611,2023-05-29 01:49:00,320.09,success,4.8
1123,612,2024-12-29 17:44:00,1043.54,success,15.65
1124,612,2024-11-01 17:44:00,548.17,success,8.22
1125,612,2024-11-06 17:44:00,15.54,success,0.23
1126,612,2024-10-26 17:44:00,11.28,success,0.17
1127,612,2025-01-02 17:44:00,470.44,success,7.06
1128,612,2024-10-30 17:44:00,12.18,success,0.18
1129,612,2024-11-07 17:44:00,1469.51,failed,0.0
1130,612,2024-11-18 17:44:00,1819.34,success,27.29
1131,613,2024-05-16 04:48:00,178.25,success,2.67
1132,613,2024-05-07 04:48:00,14.3,success,0.21
1133,613,2024-05-19 04:48:00,1985.18,success,29.78
1134,617,2023-12-22 05:41:00,315.07,success,4.73
1135,617,2023-12-19 05:41:00,1780.03,success,26.7
1136,617,2023-12-22 05:41:00,88.25,failed,0.0
1137,617,2023-11-07 05:41:00,391.42,success,5.87
1138,617,2023-12-24 05:41:00,226.49,success,3.4
1139,617,2023-12-08 05:41:00,1314.23,success,19.71
1140,617,2023-10-30 05:41:00,222.96,success,3.34
1141,620,2024-07-09 10:40:00,6.57,success,0.1
1142,623,2023-08-30 14:35:00,286.4,success,4.3
1143,623,2023-09-20 14:35:00,10.48,failed,0.0
1144,623,2023-08-13 14:35:00,547.84,failed,0.0
1145,625,2024-09-25 11:40:00,131.22,success,1.97
1146,625,2024-10-02 11:40:00,1757.26,success,26.36
1147,625,2024-11-03 11:40:00,11.33,success,0.17
1148,625,2024-09-23 11:40:00,289.37,success,4.34
1149,625,2024-10-23 11:40:00,18.01,success,0.27
1150,625,2024-10-30 11:40:00,167.52,success,2.51
1151,625,2024-08-27 11:40:00,7.82,failed,0.0
1152,625,2024-11-21 11:40:00,374.9,success,5.62
1153,629,2023-03-12 21:13:00,188.29,success,2.82
1154,629,2023-05-12 21:13:00,1424.96,success,21.37
1155,629,2023-05-05 21:13:00,348.64,success,5.23
1156,632,2023-07-15 23:15:00,1940.24,success,29.1
1157,632,2023-07-24 23:15:00,327.06,success,4.91
1158,632,2023-08-30 23:15:00,11.95,success,0.18
1159,632,2023-07-13 23:15:00,996.77,failed,0.0
1160,632,2023-09-10 23:15:00,1870.29,success,28.05
1161,632,2023-08-07 23:15:00,5.66,success,0.08
1162,632,2023-08-12 23:15:00,431.24,success,6.47
1163,632,2023-08-10 23:15:00,1011.6,success,15.17
1164,636,2024-12-13 17:40:00,170.96,success,2.56
1165,636,2025-01-14 17:40:00,10.02,success,0.15
1166,636,2025-01-15 17:40:00,205.08,success,3.08
1167,636,2024-12-05 17:40:00,1232.82,success,18.49
1168,636,2024-12-20 17:40:00,358.62,failed,0.0
1169,636,2025-01-03 17:40:00,492.24,success,7.38
1170,636,2024-11-30 17:40:00,1684.86,success,25.27
1171,637,2023-08-31 01:06:00,881.06,success,13.22
1172,637,2023-09-04 01:06:00,443.41,success,6.65
1173,637,2023-09-20 01:06:00,185.01,failed,0.0
1174,637,2023-10-20 01:06:00,218.63,success,3.28
1175,637,2023-10-26 01:06:00,205.66,failed,0.0
1176,637,2023-10-08 01:06:00,1089.43,failed,0.0
1177,637,2023-10-26 01:06:00,469.13,success,7.04
1178,638,2023-09-28 17:15:00,166.92,success,2.5
1179,645,2023-10-03 13:42:00,257.01,success,3.86
1180,645,2023-11-30 13:42:00,767.15,success,11.51
1181,645,2023-12-25 13:42:00,734.14,success,11.01
1182,645,2023-12-12 13:42:00,1324.52,success,19.87
1183,645,2023-11-19 13:42:00,208.82,success,3.13
1184,645,2023-10-29 13:42:00,1034.07,success,15.51
1185,645,2023-10-04 13:42:00,699.26,success,10.49
1186,645,2023-10-09 13:42:00,19.51,success,0.29
1187,651,2025-02-14 14:57:00,1987.08,success,29.81
1188,651,2025-02-08 14:57:00,294.56,success,4.42
1189,651,2025-03-02 14:57:00,1481.31,success,22.22
1190,651,2025-03-06 14:57:00,11.24,success,0.17
1191,651,2025-02-20 14:57:00,227.64,success,3.41
1192,651,2025-02-02 14:57:00,839.28,success,12.59
1193,652,2025-01-19 05:16:00,226.07,success,3.39
1194,652,2024-11-26 05:16:00,19.41,success,0.29
1195,652,2024-12-31 05:16:00,15.93,success,0.24
1196,652,2024-11-11 05:16:00,7.11,success,0.11
1197,652,2025-01-15 05:16:00,11.83,failed,0.0
1198,652,2025-01-27 05:16:00,8.48,success,0.13
1199,653,2023-09-20 23:33:00,18.93,success,0.28
1200,653,2023-09-01 23:33:00,585.48,success,8.78
1201,653,2023-08-04 23:33:00,469.79,success,7.05
1202,658,2023-12-14 13:17:00,315.17,success,4.73
1203,658,2023-11-26 13:17:00,247.01,success,3.71
1204,658,2024-01-25 13:17:00,13.96,success,0.21
1205,658,2024-02-07 13:17:00,18.74,success,0.28
1206,658,2023-12-16 13:17:00,5.78,success,0.09
1207,658,2024-01-03 13:17:00,5.34,success,0.08
1208,660,2023-11-08 17:57:00,265.85,success,3.99
1209,660,2023-12-17 17:57:00,19.41,success,0.29
1210,663,2024-03-09 06:39:00,15.56,success,0.23
1211,663,2024-01-18 06:39:00,273.36,success,4.1
1212,663,2024-01-08 06:39:00,14.26,success,0.21
1213,663,2024-03-16 06:39:00,7.32,success,0.11
1214,663,2024-01-24 06:39:00,252.48,success,3.79
1215,665,2023-09-14 10:11:00,598.72,success,8.98
1216,665,2023-10-07 10:11:00,107.35,success,1.61
1217,665,2023-12-05 10:11:00,17.5,failed,0.0
1218,665,2023-10-06 10:11:00,11.19,success,0.17
1219,665,2023-10-12 10:11:00,18.84,success,0.28
1220,665,2023-09-26 10:11:00,98.93,success,1.48
1221,665,2023-10-01 10:11:00,460.15,success,6.9
1222,665,2023-09-09 10:11:00,18.18,failed,0.0
1223,667,2024-09-15 23:36:00,5.3,success,0.08
1224,667,2024-11-09 23:36:00,131.35,success,1.97
1225,667,2024-09-06 23:36:00,7.29,success,0.11
1226,667,2024-10-22 23:36:00,10.61,success,0.16
1227,671,2024-02-17 01:45:00,303.07,success,4.55
1228,673,2024-10-22 19:22:00,8.83,success,0.13
1229,674,2023-12-19 23:33:00,427.84,success,6.42
1230,674,2023-12-30 23:33:00,715.37,success,10.73
1231,674,2023-11-21 23:33:00,981.87,success,14.73
1232,676,2023-11-22 13:36:00,5.58,success,0.08
1233,683,2023-06-14 16:15:00,14.66,success,0.22
1234,683,2023-06-13 16:15:00,468.96,success,7.03
1235,683,2023-06-29 16:15:00,319.75,success,4.8
1236,690,2023-03-04 11:21:00,387.79,success,5.82
1237,690,2023-03-17 11:21:00,1444.54,success,21.67
1238,690,2023-03-05 11:21:00,1646.87,success,24.7
1239,690,2023-05-18 11:21:00,975.3,success,14.63
1240,693,2023-05-10 19:39:00,494.44,success,7.42
1241,693,2023-06-08 19:39:00,1032.72,success,15.49
1242,693,2023-05-04 19:39:00,122.14,success,1.83
1243,695,2023-09-10 06:53:00,604.03,success,9.06
1244,696,2025-02-17 00:57:00,142.12,success,2.13
1245,696,2025-01-08 00:57:00,17.74,failed,0.0
1246,696,2025-03-21 00:57:00,105.79,success,1.59
1247,696,2025-03-02 00:57:00,12.07,failed,0.0
1248,697,2023-12-31 00:34:00,19.03,failed,0.0
1249,697,2024-01-12 00:34:00,186.87,success,2.8
1250,697,2024-01-19 00:34:00,17.76,failed,0.0
1251,697,2024-01-16 00:34:00,7.98,success,0.12
1252,697,2023-12-03 00:34:00,979.01,success,14.69
1253,697,2023-11-14 00:34:00,11.95,success,0.18
1254,697,2023-11-19 00:34:00,6.24,failed,0.0
1255,697,2023-10-24 00:34:00,1703.51,failed,0.0
1256,699,2024-03-10 20:39:00,1366.65,success,20.5
1257,699,2024-03-30 20:39:00,494.78,failed,0.0
1258,699,2024-03-15 20:39:00,1358.37,success,20.38
1259,700,2024-11-27 17:23:00,968.95,failed,0.0
1260,700,2024-11-28 17:23:00,8.79,success,0.13
1261,700,2024-11-18 17:23:00,126.66,success,1.9
1262,700,2024-10-18 17:23:00,154.52,failed,0.0
1263,700,2024-09-18 17:23:00,63.95,success,0.96
1264,700,2024-11-18 17:23:00,1881.35,success,28.22
1265,700,2024-11-24 17:23:00,438.0,success,6.57
1266,700,2024-12-04 17:23:00,484.76,success,7.27
1267,701,2025-01-31 05:27:00,8.27,success,0.12
1268,701,2025-01-27 05:27:00,56.14,success,0.84
1269,701,2025-02-09 05:27:00,10.1,success,0.15
1270,703,2025-01-04 07:57:00,5.93,success,0.09
1271,703,2025-01-16 07:57:00,1348.35,success,20.23
1272,703,2024-11-07 07:57:00,19.22,success,0.29
1273,703,2025-01-15 07:57:00,77.93,success,1.17
1274,703,2024-12-10 07:57:00,555.69,failed,0.0
1275,703,2024-12-18 07:57:00,1934.28,success,29.01
1276,703,2024-10-24 07:57:00,312.81,success,4.69
1277,704,2024-11-16 05:15:00,181.01,success,2.72
1278,704,2024-11-20 05:15:00,383.29,success,5.75
1279,704,2024-11-18 05:15:00,361.67,failed,0.0
1280,704,2024-10-10 05:15:00,362.65,success,5.44
1281,704,2024-11-05 05:15:00,297.55,success,4.46
1282,704,2024-11-14 05:15:00,1715.7,success,25.74
1283,704,2024-10-30 05:15:00,9.77,failed,0.0
1284,705,2024-04-30 00:56:00,7.17,failed,0.0
1285,705,2024-05-25 00:56:00,358.12,success,5.37
1286,705,2024-05-26 00:56:00,527.01,success,7.91
1287,705,2024-07-09 00:56:00,167.76,success,2.52
1288,705,2024-07-20 00:56:00,1271.65,success,19.07
1289,705,2024-06-23 00:56:00,96.25,success,1.44
1290,705,2024-05-05 00:56:00,15.87,success,0.24
1291,705,2024-05-20 00:56:00,296.59,success,4.45
1292,710,2024-11-19 00:54:00,164.92,success,2.47
1293,710,2024-11-08 00:54:00,128.53,failed,0.0
1294,710,2024-11-20 00:54:00,15.82,success,0.24
1295,710,2024-11-14 00:54:00,6.18,success,0.09
1296,710,2024-11-03 00:54:00,329.67,success,4.95
1297,713,2024-07-10 12:29:00,1887.99,success,28.32
1298,713,2024-08-06 12:29:00,18.84,success,0.28
1299,713,2024-06-12 12:29:00,428.31,failed,0.0
1300,713,2024-07-04 12:29:00,1504.77,success,22.57
1301,713,2024-08-09 12:29:00,1190.41,success,17.86
1302,713,2024-06-13 12:29:00,121.7,failed,0.0
1303,713,2024-07-28 12:29:00,1681.47,success,25.22
1304,714,2024-04-21 07:32:00,689.85,success,10.35
1305,714,2024-05-20 07:32:00,60.19,success,0.9
1306,714,2024-04-12 07:32:00,1862.36,success,27.94
1307,714,2024-06-21 07:32:00,491.5,success,7.37
1308,714,2024-04-30 07:32:00,1956.6,failed,0.0
1309,714,2024-04-01 07:32:00,312.7,success,4.69
1310,715,2023-11-09 10:07:00,627.71,success,9.42
1311,715,2023-09-30 10:07:00,675.99,failed,0.0
1312,715,2023-11-01 10:07:00,6.37,success,0.1
1313,715,2023-10-23 10:07:00,1836.64,success,27.55
1314,715,2023-09-08 10:07:00,353.15,success,5.3
1315,715,2023-09-25 10:07:00,426.97,success,6.4
1316,715,2023-09-15 10:07:00,252.43,success,3.79
1317,715,2023-10-09 10:07:00,1147.24,success,17.21
1318,717,2023-04-18 00:29:00,382.02,success,5.73
1319,719,2023-04-25 16:19:00,1561.62,success,23.42
1320,719,2023-05-02 16:19:00,1788.95,success,26.83
1321,719,2023-06-22 16:19:00,1334.09,success,20.01
1322,726,2023-12-21 10:10:00,1159.12,success,17.39
1323,726,2023-12-26 10:10:00,15.67,success,0.24
1324,726,2024-01-04 10:10:00,6.77,failed,0.0
1325,726,2023-11-26 10:10:00,1099.5,success,16.49
1326,726,2023-12-29 10:10:00,369.17,failed,0.0
1327,726,2023-12-09 10:10:00,870.2,success,13.05
1328,726,2023-12-16 10:10:00,12.5,success,0.19
1329,726,2024-02-11 10:10:00,358.69,success,5.38
1330,727,2024-03-06 02:57:00,1442.55,success,21.64
1331,727,2024-05-03 02:57:00,17.19,success,0.26
1332,727,2024-05-16 02:57:00,1003.08,success,15.05
1333,727,2024-03-27 02:57:00,927.63,success,13.91
1334,727,2024-05-16 02:57:00,626.82,success,9.4
1335,728,2025-01-01 07:36:00,11.67,success,0.18
1336,728,2025-03-10 07:36:00,9.26,success,0.14
1337,728,2025-01-20 07:36:00,1998.61,success,29.98
1338,730,2024-10-06 12:51:00,916.39,failed,0.0
1339,731,2024-10-06 12:15:00,487.22,success,7.31
1340,731,2024-10-07 12:15:00,1145.57,success,17.18
1341,731,2024-10-25 12:15:00,423.03,success,6.35
1342,731,2024-10-07 12:15:00,9.61,failed,0.0
1343,733,2024-01-04 12:04:00,800.16,success,12.0
1344,733,2023-12-23 12:04:00,5.93,success,0.09
1345,733,2024-02-10 12:04:00,143.99,success,2.16
1346,733,2024-01-22 12:04:00,289.76,success,4.35
1347,733,2024-02-24 12:04:00,8.46,success,0.13
1348,734,2023-05-09 07:30:00,1830.86,success,27.46
1349,736,2024-04-19 07:33:00,12.03,success,0.18
1350,736,2024-02-12 07:33:00,747.47,success,11.21
1351,736,2024-04-16 07:33:00,239.27,success,3.59
1352,736,2024-04-29 07:33:00,63.43,success,0.95
1353,736,2024-04-25 07:33:00,337.05,success,5.06
1354,736,2024-03-01 07:33:00,272.4,success,4.09
1355,736,2024-04-15 07:33:00,713.49,success,10.7
1356,743,2024-05-06 02:40:00,8.98,success,0.13
1357,743,2024-06-21 02:40:00,11.09,success,0.17
1358,743,2024-07-11 02:40:00,64.49,success,0.97
1359,744,2023-02-22 14:10:00,61.66,success,0.92
1360,744,2023-04-29 14:10:00,5.17,success,0.08
1361,744,2023-03-31 14:10:00,642.02,success,9.63
1362,744,2023-04-10 14:10:00,13.38,success,0.2
1363,744,2023-05-10 14:10:00,310.28,success,4.65
1364,744,2023-04-10 14:10:00,5.54,success,0.08
1365,744,2023-05-08 14:10:00,467.92,success,7.02
1366,744,2023-04-18 14:10:00,1224.54,success,18.37
1367,751,2023-04-11 13:44:00,1446.99,success,21.7
1368,751,2023-05-13 13:44:00,228.13,success,3.42
1369,751,2023-05-17 13:44:00,121.16,failed,0.0
1370,751,2023-03-17 13:44:00,472.02,success,7.08
1371,751,2023-03-16 13:44:00,10.1,success,0.15
1372,752,2024-07-27 08:05:00,18.75,success,0.28
1373,752,2024-07-28 08:05:00,18.63,success,0.28
1374,752,2024-08-30 08:05:00,833.67,failed,0.0
1375,752,2024-07-18 08:05:00,335.83,success,5.04
1376,752,2024-08-31 08:05:00,7.27,success,0.11
1377,752,2024-07-07 08:05:00,11.41,success,0.17
1378,752,2024-09-03 08:05:00,1275.57,success,19.13
1379,754,2024-02-22 18:25:00,12.09,success,0.18
1380,754,2024-03-12 18:25:00,981.43,success,14.72
1381,754,2024-02-29 18:25:00,349.31,success,5.24
1382,754,2024-01-12 18:25:00,419.7,success,6.3
1383,754,2024-03-20 18:25:00,7.84,success,0.12
1384,754,2024-01-15 18:25:00,1762.1,failed,0.0
1385,755,2024-10-22 01:52:00,19.22,success,0.29
1386,755,2024-12-28 01:52:00,274.61,success,4.12
1387,755,2024-11-13 01:52:00,12.72,failed,0.0
1388,755,2024-11-11 01:52:00,779.33,success,11.69
1389,755,2024-12-26 01:52:00,445.92,success,6.69
1390,755,2024-10-31 01:52:00,1817.57,success,27.26
1391,766,2023-09-13 22:42:00,261.67,success,3.93
1392,766,2023-08-03 22:42:00,14.55,failed,0.0
1393,766,2023-10-08 22:42:00,7.74,failed,0.0
1394,766,2023-10-04 22:42:00,134.42,success,2.02
1395,766,2023-10-07 22:42:00,1508.26,success,22.62
1396,766,2023-08-19 22:42:00,1116.84,success,16.75
1397,766,2023-09-04 22:42:00,277.26,success,4.16
1398,766,2023-07-29 22:42:00,389.23,success,5.84
1399,776,2024-11-23 06:48:00,654.83,success,9.82
1400,776,2024-11-16 06:48:00,10.08,success,0.15
1401,777,2024-10-08 09:44:00,1285.27,failed,0.0
1402,777,2024-12-08 09:44:00,10.25,success,0.15
1403,777,2024-12-09 09:44:00,7.95,success,0.12
1404,777,2024-10-20 09:44:00,11.09,success,0.17
1405,780,2024-10-17 15:00:00,8.46,failed,0.0
1406,780,2024-12-16 15:00:00,141.69,success,2.13
1407,780,2024-11-26 15:00:00,273.1,success,4.1
1408,780,2024-11-01 15:00:00,358.92,success,5.38
1409,780,2024-11-17 15:00:00,343.28,success,5.15
1410,780,2024-11-18 15:00:00,302.73,success,4.54
1411,782,2025-01-27 21:03:00,17.48,success,0.26
1412,782,2024-11-30 21:03:00,1027.02,success,15.41
1413,782,2024-11-28 21:03:00,1855.35,success,27.83
1414,782,2024-11-19 21:03:00,440.31,success,6.6
1415,782,2024-12-30 21:03:00,615.22,success,9.23
1416,784,2024-01-22 07:07:00,12.95,failed,0.0
1417,784,2024-02-10 07:07:00,1844.58,success,27.67
1418,784,2024-01-06 07:07:00,17.91,success,0.27
1419,784,2024-02-07 07:07:00,235.52,success,3.53
1420,784,2024-03-15 07:07:00,536.82,success,8.05
1421,785,2025-01-22 15:48:00,13.28,failed,0.0
1422,785,2025-03-22 15:48:00,638.8,success,9.58
1423,785,2025-03-11 15:48:00,1181.02,success,17.72
1424,785,2025-01-05 15:48:00,10.32,failed,0.0
1425,785,2025-03-14 15:48:00,8.58,success,0.13
1426,785,2025-02-16 15:48:00,1661.68,success,24.93
1427,785,2025-01-25 15:48:00,8.71,failed,0.0
1428,786,2024-10-28 22:20:00,16.09,success,0.24
1429,786,2024-10-26 22:20:00,917.51,success,13.76
1430,786,2025-01-05 22:20:00,6.01,failed,0.0
1431,786,2024-12-28 22:20:00,350.05,failed,0.0
1432,786,2025-01-19 22:20:00,285.75,failed,0.0
1433,786,2024-11-01 22:20:00,1196.22,success,17.94
1434,786,2024-11-11 22:20:00,95.25,success,1.43
1435,787,2024-11-19 10:52:00,223.98,success,3.36
1436,787,2024-10-04 10:52:00,1763.53,success,26.45
1437,787,2024-12-10 10:52:00,10.7,success,0.16
1438,787,2024-11-13 10:52:00,1130.34,success,16.96
1439,789,2025-02-16 11:30:00,1254.36,success,18.82
1440,789,2025-02-22 11:30:00,9.96,failed,0.0
1441,789,2025-01-23 11:30:00,1273.35,success,19.1
1442,789,2025-01-13 11:30:00,434.59,failed,0.0
1443,789,2024-12-19 11:30:00,18.23,success,0.27
1444,791,2024-11-09 12:37:00,18.9,success,0.28
1445,791,2024-11-23 12:37:00,135.45,success,2.03
1446,791,2024-10-19 12:37:00,50.2,success,0.75
1447,792,2024-03-25 22:09:00,87.84,success,1.32
1448,792,2024-04-08 22:09:00,311.49,failed,0.0
1449,792,2024-04-10 22:09:00,9.82,success,0.15
1450,793,2023-04-04 07:36:00,10.92,success,0.16
1451,793,2023-03-23 07:36:00,112.75,success,1.69
1452,793,2023-05-10 07:36:00,409.93,success,6.15
1453,793,2023-04-11 07:36:00,1597.61,failed,0.0
1454,798,2024-06-19 12:37:00,498.5,success,7.48
1455,799,2024-08-16 20:15:00,7.44,success,0.11
1456,799,2024-08-19 20:15:00,384.12,success,5.76
1457,805,2023-11-01 05:59:00,615.13,success,9.23
1458,805,2024-01-06 05:59:00,301.69,success,4.53
1459,805,2023-12-19 05:59:00,264.25,failed,0.0
1460,805,2023-11-18 05:59:00,12.5,success,0.19
1461,805,2023-11-01 05:59:00,1422.09,success,21.33
1462,805,2023-11-11 05:59:00,278.01,success,4.17
1463,805,2024-01-05 05:59:00,1251.94,success,18.78
1464,805,2023-11-01 05:59:00,14.68,success,0.22
1465,810,2024-08-06 21:21:00,1940.76,failed,0.0
1466,810,2024-07-15 21:21:00,1611.03,success,24.17
1467,810,2024-06-19 21:21:00,11.06,success,0.17
1468,810,2024-07-23 21:21:00,6.82,success,0.1
1469,813,2024-12-14 08:44:00,1502.11,success,22.53
1470,813,2025-01-09 08:44:00,1119.63,success,16.79
1471,813,2024-11-27 08:44:00,198.25,success,2.97
1472,816,2024-11-23 19:09:00,1352.45,failed,0.0
1473,816,2025-01-05 19:09:00,1940.42,success,29.11
1474,823,2023-10-15 19:31:00,476.32,success,7.14
1475,823,2023-09-12 19:31:00,331.23,success,4.97
1476,823,2023-09-07 19:31:00,1185.21,success,17.78
1477,823,2023-10-04 19:31:00,1127.35,success,16.91
1478,824,2023-08-07 07:22:00,15.74,success,0.24
1479,824,2023-08-09 07:22:00,14.83,success,0.22
1480,824,2023-07-04 07:22:00,1993.95,success,29.91
1481,824,2023-07-21 07:22:00,109.13,success,1.64
1482,824,2023-08-17 07:22:00,259.05,success,3.89
1483,824,2023-08-17 07:22:00,520.64,success,7.81
1484,829,2023-05-24 16:25:00,279.03,success,4.19
1485,829,2023-05-02 16:25:00,19.79,success,0.3
1486,829,2023-05-08 16:25:00,15.02,failed,0.0
1487,829,2023-06-12 16:25:00,6.77,failed,0.0
1488,829,2023-04-29 16:25:00,52.19,success,0.78
1489,829,2023-06-13 16:25:00,207.02,success,3.11
1490,830,2023-09-14 14:20:00,450.51,failed,0.0
1491,830,2023-09-02 14:20:00,17.25,success,0.26
1492,835,2024-03-14 23:58:00,286.78,success,4.3
1493,835,2024-02-05 23:58:00,112.86,success,1.69
1494,835,2023-12-23 23:58:00,8.69,success,0.13
1495,835,2023-12-30 23:58:00,13.16,success,0.2
1496,835,2023-12-21 23:58:00,668.06,success,10.02
1497,835,2023-12-21 23:58:00,163.22,success,2.45
1498,839,2024-10-24 16:13:00,288.15,success,4.32
1499,839,2024-11-10 16:13:00,10.54,success,0.16
1500,839,2024-11-06 16:13:00,1782.45,failed,0.0
1501,843,2023-06-25 04:51:00,18.15,success,0.27
1502,843,2023-08-04 04:51:00,17.13,success,0.26
1503,843,2023-08-22 04:51:00,5.11,failed,0.0
1504,843,2023-07-19 04:51:00,275.1,success,4.13
1505,843,2023-08-12 04:51:00,1169.06,success,17.54
1506,843,2023-07-24 04:51:00,827.45,success,12.41
1507,844,2023-03-24 10:47:00,1634.45,success,24.52
1508,844,2023-03-24 10:47:00,1038.46,success,15.58
1509,844,2023-04-04 10:47:00,518.91,failed,0.0
1510,844,2023-02-18 10:47:00,15.58,success,0.23
1511,844,2023-03-11 10:47:00,16.05,success,0.24
1512,845,2023-12-15 15:30:00,346.65,success,5.2
1513,845,2024-01-03 15:30:00,1965.48,success,29.48
1514,845,2023-11-15 15:30:00,491.24,success,7.37
1515,845,2023-11-05 15:30:00,507.31,success,7.61
1516,845,2023-11-03 15:30:00,1818.19,success,27.27
1517,845,2023-10-10 15:30:00,771.15,success,11.57
1518,847,2024-07-17 14:39:00,15.43,success,0.23
1519,847,2024-07-03 14:39:00,383.54,success,5.75
1520,847,2024-07-05 14:39:00,405.49,success,6.08
1521,850,2024-10-13 16:45:00,1197.79,success,17.97
1522,850,2024-12-02 16:45:00,1223.95,failed,0.0
1523,850,2024-09-09 16:45:00,1434.87,failed,0.0
1524,850,2024-11-10 16:45:00,5.15,success,0.08
1525,850,2024-11-16 16:45:00,14.62,success,0.22
1526,850,2024-12-01 16:45:00,1400.46,success,21.01
1527,851,2023-04-20 15:39:00,199.89,success,3.0
1528,851,2023-05-23 15:39:00,11.64,success,0.17
1529,851,2023-05-06 15:39:00,358.6,success,5.38
1530,852,2023-12-14 21:16:00,346.95,failed,0.0
1531,852,2023-11-16 21:16:00,373.05,failed,0.0
1532,852,2023-12-13 21:16:00,7.5,failed,0.0
1533,852,2023-11-04 21:16:00,676.71,success,10.15
1534,852,2023-11-17 21:16:00,6.96,success,0.1
1535,852,2023-11-11 21:16:00,242.23,success,3.63
1536,852,2023-10-27 21:16:00,18.29,success,0.27
1537,852,2023-12-08 21:16:00,1203.6,success,18.05
1538,855,2023-06-07 06:46:00,18.76,success,0.28
1539,855,2023-05-26 06:46:00,853.58,success,12.8
1540,855,2023-04-11 06:46:00,19.68,success,0.3
1541,856,2025-02-18 10:36:00,1565.17,success,23.48
1542,856,2025-03-10 10:36:00,11.24,success,0.17
1543,856,2025-02-10 10:36:00,439.93,failed,0.0
1544,857,2024-11-15 10:39:00,87.82,success,1.32
1545,857,2024-12-21 10:39:00,998.67,success,14.98
1546,857,2024-10-19 10:39:00,948.92,success,14.23
1547,857,2024-11-26 10:39:00,8.56,success,0.13
1548,857,2024-10-24 10:39:00,1628.65,success,24.43
1549,858,2025-01-11 05:47:00,18.25,success,0.27
1550,858,2025-01-09 05:47:00,890.11,success,13.35
1551,859,2024-04-13 02:14:00,96.07,success,1.44
1552,859,2024-03-24 02:14:00,6.22,success,0.09
1553,859,2024-04-30 02:14:00,467.76,success,7.02
1554,862,2024-08-10 21:54:00,458.24,success,6.87
1555,862,2024-07-12 21:54:00,89.18,success,1.34
1556,862,2024-07-23 21:54:00,220.86,failed,0.0
1557,862,2024-09-07 21:54:00,403.27,success,6.05
1558,862,2024-07-09 21:54:00,12.53,success,0.19
1559,865,2023-07-10 03:42:00,1122.28,success,16.83
1560,865,2023-08-09 03:42:00,1011.06,failed,0.0
1561,865,2023-09-24 03:42:00,19.12,success,0.29
1562,866,2024-06-04 08:42:00,238.84,success,3.58
1563,866,2024-04-05 08:42:00,15.15,success,0.23
1564,866,2024-05-22 08:42:00,13.1,success,0.2
1565,866,2024-04-12 08:42:00,268.49,success,4.03
1566,866,2024-05-10 08:42:00,254.71,success,3.82
1567,866,2024-05-10 08:42:00,948.19,failed,0.0
1568,866,2024-04-08 08:42:00,483.23,success,7.25
1569,872,2024-07-13 19:54:00,17.65,success,0.26
1570,872,2024-08-26 19:54:00,441.14,success,6.62
1571,872,2024-08-05 19:54:00,10.08,success,0.15
1572,872,2024-07-22 19:54:00,1021.29,success,15.32
1573,872,2024-08-29 19:54:00,9.88,failed,0.0
1574,872,2024-07-25 19:54:00,13.4,success,0.2
1575,876,2024-07-27 11:06:00,1508.9,success,22.63
1576,876,2024-07-04 11:06:00,14.99,success,0.22
1577,876,2024-05-26 11:06:00,1811.93,success,27.18
1578,879,2025-01-01 15:36:00,17.86,success,0.27
1579,879,2024-12-01 15:36:00,366.41,success,5.5
1580,879,2025-01-21 15:36:00,1562.65,success,23.44
1581,880,2024-08-05 00:31:00,18.86,success,0.28
1582,880,2024-08-07 00:31:00,1662.5,success,24.94
1583,885,2024-01-08 21:18:00,1246.72,success,18.7
1584,885,2023-11-15 21:18:00,940.69,success,14.11
1585,885,2023-12-04 21:18:00,14.82,success,0.22
1586,885,2024-01-15 21:18:00,138.34,failed,0.0
1587,885,2023-11-03 21:18:00,13.67,success,0.21
1588,885,2023-12-12 21:18:00,1607.5,success,24.11
1589,885,2024-01-28 21:18:00,870.35,success,13.06
1590,886,2024-05-07 04:14:00,423.14,success,6.35
1591,886,2024-07-14 04:14:00,1810.78,success,27.16
1592,886,2024-07-16 04:14:00,7.02,success,0.11
1593,886,2024-06-25 04:14:00,550.24,success,8.25
1594,886,2024-05-23 04:14:00,8.57,success,0.13
1595,886,2024-07-01 04:14:00,12.95,success,0.19
1596,894,2024-03-09 10:54:00,17.36,success,0.26
1597,894,2024-02-17 10:54:00,1396.98,success,20.95
1598,894,2024-02-21 10:54:00,12.0,success,0.18
1599,894,2024-01-27 10:54:00,8.66,success,0.13
1600,894,2024-01-22 10:54:00,16.16,success,0.24
1601,894,2024-01-28 10:54:00,1413.0,success,21.2
1602,894,2024-02-07 10:54:00,16.74,success,0.25
1603,894,2024-02-26 10:54:00,1779.85,success,26.7
1604,895,2023-04-16 07:26:00,66.37,success,1.0
1605,895,2023-05-03 07:26:00,16.86,success,0.25
1606,898,2023-04-10 20:56:00,11.26,failed,0.0
1607,899,2024-07-24 22:50:00,119.46,success,1.79
1608,899,2024-05-13 22:50:00,1284.11,success,19.26
1609,899,2024-05-23 22:50:00,9.31,success,0.14
1610,901,2024-07-06 02:09:00,313.53,success,4.7
1611,901,2024-05-30 02:09:00,102.64,success,1.54
1612,901,2024-07-28 02:09:00,1060.2,failed,0.0
1613,901,2024-06-21 02:09:00,13.41,success,0.2
1614,906,2024-10-12 05:11:00,1229.4,success,18.44
1615,906,2024-10-27 05:11:00,302.82,success,4.54
1616,906,2024-11-15 05:11:00,465.77,failed,0.0
1617,906,2024-12-08 05:11:00,383.38,success,5.75
1618,906,2024-12-28 05:11:00,266.2,success,3.99
1619,908,2023-11-08 07:27:00,815.99,success,12.24
1620,908,2023-10-24 07:27:00,18.63,success,0.28
1621,908,2023-10-18 07:27:00,5.52,success,0.08
1622,908,2023-09-21 07:27:00,193.36,success,2.9
1623,908,2023-10-23 07:27:00,238.34,success,3.58
1624,908,2023-10-27 07:27:00,344.02,success,5.16
1625,908,2023-10-12 07:27:00,1565.04,success,23.48
1626,910,2024-02-15 15:53:00,460.68,success,6.91
1627,910,2024-01-22 15:53:00,99.6,success,1.49
1628,912,2025-01-14 13:47:00,1211.93,success,18.18
1629,912,2025-01-10 13:47:00,8.27,success,0.12
1630,912,2024-12-31 13:47:00,1469.55,success,22.04
1631,913,2024-03-27 17:47:00,9.02,success,0.14
1632,913,2024-03-16 17:47:00,13.29,success,0.2
1633,913,2024-06-10 17:47:00,1277.32,success,19.16
1634,913,2024-05-26 17:47:00,13.85,failed,0.0
1635,913,2024-03-24 17:47:00,11.16,failed,0.0
1636,913,2024-06-01 17:47:00,460.67,failed,0.0
1637,913,2024-05-05 17:47:00,672.13,success,10.08
1638,916,2023-07-23 17:20:00,221.4,success,3.32
1639,916,2023-07-21 17:20:00,1187.73,success,17.82
1640,917,2024-08-14 08:17:00,14.32,success,0.21
1641,917,2024-07-29 08:17:00,244.03,failed,0.0
1642,917,2024-09-25 08:17:00,449.8,failed,0.0
1643,917,2024-08-15 08:17:00,12.06,success,0.18
1644,917,2024-07-26 08:17:00,942.91,success,14.14
1645,917,2024-08-15 08:17:00,260.72,success,3.91
1646,917,2024-07-24 08:17:00,1567.36,success,23.51
1647,917,2024-10-04 08:17:00,439.92,success,6.6
1648,922,2024-11-12 00:29:00,14.47,success,0.22
1649,922,2025-01-02 00:29:00,436.01,failed,0.0
1650,922,2025-01-06 00:29:00,1024.36,success,15.37
1651,922,2024-11-17 00:29:00,139.27,success,2.09
1652,922,2024-10-25 00:29:00,13.79,success,0.21
1653,922,2024-11-11 00:29:00,474.35,success,7.12
1654,922,2025-01-04 00:29:00,267.83,failed,0.0
1655,922,2024-10-26 00:29:00,424.84,success,6.37
1656,927,2025-02-21 12:05:00,18.8,success,0.28
1657,927,2025-03-08 12:05:00,13.24,success,0.2
1658,927,2024-12-24 12:05:00,13.61,success,0.2
1659,933,2024-02-11 01:25:00,269.07,success,4.04
1660,933,2024-03-10 01:25:00,12.99,success,0.19
1661,936,2023-02-02 02:09:00,1288.02,success,19.32
1662,936,2023-04-08 02:09:00,1477.46,success,22.16
1663,936,2023-04-17 02:09:00,492.9,success,7.39
1664,936,2023-04-03 02:09:00,1371.57,success,20.57
1665,936,2023-03-14 02:09:00,1353.83,success,20.31
1666,936,2023-03-22 02:09:00,12.55,success,0.19
1667,936,2023-01-25 02:09:00,1993.93,success,29.91
1668,936,2023-04-18 02:09:00,1917.73,failed,0.0
1669,937,2023-02-04 02:42:00,1008.1,success,15.12
1670,937,2023-03-31 02:42:00,12.82,success,0.19
1671,937,2023-05-04 02:42:00,19.61,success,0.29
1672,937,2023-03-29 02:42:00,11.73,success,0.18
1673,937,2023-04-15 02:42:00,8.63,success,0.13
1674,937,2023-04-11 02:42:00,1353.74,success,20.31
1675,937,2023-02-18 02:42:00,482.18,success,7.23
1676,938,2024-06-03 22:50:00,1623.14,success,24.35
1677,938,2024-07-15 22:50:00,61.61,success,0.92
1678,938,2024-07-18 22:50:00,145.05,success,2.18
1679,940,2023-07-17 05:56:00,998.05,success,14.97
1680,940,2023-07-29 05:56:00,17.78,failed,0.0
1681,940,2023-05-29 05:56:00,227.18,success,3.41
1682,940,2023-05-18 05:56:00,987.81,failed,0.0
1683,940,2023-05-13 05:56:00,285.79,success,4.29
1684,943,2024-09-19 10:25:00,1855.61,success,27.83
1685,943,2024-08-15 10:25:00,92.32,success,1.38
1686,943,2024-07-13 10:25:00,8.98,failed,0.0
1687,943,2024-08-14 10:25:00,169.21,success,2.54
1688,943,2024-08-05 10:25:00,1489.4,success,22.34
1689,943,2024-09-17 10:25:00,1394.1,failed,0.0
1690,943,2024-08-04 10:25:00,6.29,success,0.09
1691,946,2024-02-29 08:21:00,1421.61,success,21.32
1692,946,2024-01-21 08:21:00,1643.47,failed,0.0
1693,946,2024-03-27 08:21:00,15.6,failed,0.0
1694,946,2024-02-12 08:21:00,9.03,success,0.14
1695,946,2024-02-19 08:21:00,1982.28,success,29.73
1696,946,2024-02-26 08:21:00,11.13,failed,0.0
1697,946,2024-02-17 08:21:00,1846.35,success,27.7
1698,946,2024-01-29 08:21:00,685.16,success,10.28
1699,950,2024-07-16 03:39:00,319.39,success,4.79
1700,950,2024-07-11 03:39:00,342.31,success,5.13
1701,950,2024-07-08 03:39:00,13.16,failed,0.0
1702,950,2024-07-28 03:39:00,16.22,success,0.24
1703,951,2023-05-20 10:31:00,7.5,success,0.11
1704,954,2024-03-19 03:21:00,354.96,failed,0.0
1705,954,2024-02-25 03:21:00,1283.96,failed,0.0
1706,954,2024-03-23 03:21:00,1101.57,success,16.52
1707,954,2024-02-16 03:21:00,6.48,success,0.1
1708,954,2024-02-18 03:21:00,735.82,success,11.04
1709,954,2024-02-24 03:21:00,449.08,success,6.74
1710,954,2024-04-11 03:21:00,249.65,failed,0.0
1711,955,2023-10-10 08:50:00,1661.89,failed,0.0
1712,955,2023-11-16 08:50:00,9.36,success,0.14
1713,955,2023-12-02 08:50:00,13.29,success,0.2
1714,958,2024-01-18 22:11:00,173.43,success,2.6
1715,958,2024-01-24 22:11:00,14.58,success,0.22
1716,958,2024-03-18 22:11:00,1744.67,success,26.17
1717,958,2024-02-13 22:11:00,265.02,success,3.98
1718,958,2024-02-04 22:11:00,7.34,success,0.11
1719,958,2024-03-18 22:11:00,12.26,success,0.18
1720,958,2024-01-16 22:11:00,1621.45,success,24.32
1721,963,2024-12-29 01:18:00,9.52,success,0.14
1722,963,2024-11-15 01:18:00,1475.03,success,22.13
1723,963,2024-12-29 01:18:00,6.85,success,0.1
1724,963,2025-01-02 01:18:00,126.07,success,1.89
1725,963,2024-12-16 01:18:00,447.05,failed,0.0
1726,963,2024-12-05 01:18:00,9.83,failed,0.0
1727,965,2023-09-06 08:07:00,1358.35,success,20.38
1728,965,2023-10-28 08:07:00,6.46,failed,0.0
1729,965,2023-10-11 08:07:00,216.98,success,3.25
1730,965,2023-09-17 08:07:00,1173.15,success,17.6
1731,965,2023-10-13 08:07:00,11.47,success,0.17
1732,965,2023-10-16 08:07:00,5.91,success,0.09
1733,968,2024-03-19 01:25:00,402.54,success,6.04
1734,968,2024-05-15 01:25:00,489.32,success,7.34
1735,968,2024-04-16 01:25:00,1038.18,success,15.57
1736,968,2024-05-16 01:25:00,183.06,success,2.75
1737,968,2024-04-25 01:25:00,1842.77,success,27.64
1738,968,2024-04-15 01:25:00,10.94,success,0.16
1739,968,2024-04-03 01:25:00,1403.66,success,21.05
1740,974,2024-02-06 12:20:00,248.69,success,3.73
1741,974,2024-01-15 12:20:00,16.3,success,0.24
1742,974,2024-01-10 12:20:00,689.27,success,10.34
1743,974,2024-02-11 12:20:00,251.75,success,3.78
1744,974,2023-11-26 12:20:00,209.77,success,3.15
1745,974,2023-12-09 12:20:00,1478.9,success,22.18
1746,974,2024-02-08 12:20:00,14.78,success,0.22
1747,975,2024-05-07 06:08:00,740.82,success,11.11
1748,975,2024-06-16 06:08:00,362.98,success,5.44
1749,975,2024-07-05 06:08:00,590.29,success,8.85
1750,975,2024-05-14 06:08:00,1603.07,failed,0.0
1751,975,2024-05-31 06:08:00,1135.5,success,17.03
1752,976,2023-10-03 16:49:00,6.11,success,0.09
1753,976,2023-09-21 16:49:00,7.13,success,0.11
1754,976,2023-08-12 16:49:00,961.81,success,14.43
1755,976,2023-08-05 16:49:00,8.13,success,0.12
1756,976,2023-09-11 16:49:00,372.25,success,5.58
1757,976,2023-07-30 16:49:00,1069.0,success,16.04
1758,979,2023-12-31 06:31:00,373.41,success,5.6
1759,979,2023-12-11 06:31:00,445.86,failed,0.0
1760,979,2023-11-21 06:31:00,434.76,success,6.52
1761,979,2024-01-12 06:31:00,1307.56,success,19.61
1762,984,2023-04-24 01:56:00,348.32,success,5.22
1763,984,2023-04-11 01:56:00,658.84,success,9.88
1764,984,2023-04-12 01:56:00,6.64,success,0.1
1765,984,2023-03-27 01:56:00,59.48,success,0.89
1766,984,2023-03-22 01:56:00,270.55,success,4.06
1767,984,2023-04-19 01:56:00,480.86,success,7.21
1768,990,2023-01-22 20:51:00,1418.8,success,21.28
1769,990,2023-03-20 20:51:00,1859.02,success,27.89
1770,990,2023-02-01 20:51:00,291.12,failed,0.0
1771,990,2023-01-27 20:51:00,337.87,success,5.07
1772,990,2023-03-26 20:51:00,1943.45,success,29.15
1773,990,2023-04-02 20:51:00,62.29,success,0.93
1774,990,2023-04-19 20:51:00,17.18,success,0.26
1775,994,2024-10-05 03:32:00,1074.01,failed,0.0
1776,994,2024-09-20 03:32:00,1198.2,success,17.97
1777,994,2024-09-18 03:32:00,19.04,success,0.29
1778,994,2024-08-25 03:32:00,19.68,success,0.3
1779,994,2024-07-27 03:32:00,415.86,success,6.24
1780,994,2024-08-15 03:32:00,14.23,success,0.21
1781,1001,2024-08-12 17:37:00,11.63,success,0.17
1782,1001,2024-09-17 17:37:00,279.95,success,4.2
1783,1001,2024-07-17 17:37:00,9.74,success,0.15
1784,1004,2023-08-21 19:34:00,73.53,success,1.1
1785,1007,2023-09-22 23:48:00,18.98,success,0.28
1786,1007,2023-08-22 23:48:00,7.45,success,0.11
1787,1014,2023-05-16 10:09:00,1712.86,success,25.69
1788,1014,2023-03-17 10:09:00,656.99,success,9.85
1789,1014,2023-04-14 10:09:00,1169.5,success,17.54
1790,1014,2023-05-07 10:09:00,19.37,success,0.29
1791,1014,2023-03-31 10:09:00,6.06,success,0.09
1792,1014,2023-05-29 10:09:00,184.44,failed,0.0
1793,1014,2023-05-22 10:09:00,387.25,success,5.81
1794,1014,2023-03-11 10:09:00,7.14,success,0.11
1795,1016,2023-09-29 17:40:00,1238.0,success,18.57
1796,1016,2023-10-07 17:40:00,645.54,success,9.68
1797,1016,2023-11-18 17:40:00,1698.93,success,25.48
1798,1018,2023-07-07 12:51:00,13.82,success,0.21
1799,1018,2023-08-02 12:51:00,1421.46,success,21.32
1800,1018,2023-07-21 12:51:00,402.54,success,6.04
1801,1018,2023-07-13 12:51:00,366.34,success,5.5
1802,1020,2025-03-09 21:14:00,1262.66,success,18.94
1803,1020,2025-02-04 21:14:00,1979.31,success,29.69
1804,1020,2025-04-05 21:14:00,1979.77,success,29.7
1805,1020,2025-04-07 21:14:00,1917.55,success,28.76
1806,1020,2025-01-16 21:14:00,1721.56,failed,0.0
1807,1020,2025-01-10 21:14:00,6.73,success,0.1
1808,1020,2025-01-27 21:14:00,89.53,success,1.34
1809,1020,2025-03-15 21:14:00,1303.55,success,19.55
1810,1026,2023-12-09 07:23:00,1415.03,failed,0.0
1811,1026,2023-11-30 07:23:00,469.49,success,7.04
1812,1026,2023-12-29 07:23:00,54.51,success,0.82
1813,1026,2023-11-19 07:23:00,425.78,failed,0.0
1814,1026,2023-12-18 07:23:00,1297.26,success,19.46
1815,1026,2024-01-11 07:23:00,852.18,success,12.78
1816,1027,2023-10-29 09:49:00,7.21,success,0.11
1817,1027,2023-12-12 09:49:00,383.97,success,5.76
1818,1027,2023-11-25 09:49:00,7.49,success,0.11
1819,1027,2023-10-02 09:49:00,166.56,success,2.5
1820,1027,2023-10-06 09:49:00,1277.79,failed,0.0
1821,1027,2023-10-06 09:49:00,355.43,success,5.33
1822,1027,2023-11-14 09:49:00,1364.81,success,20.47
1823,1027,2023-10-03 09:49:00,735.84,success,11.04
1824,1031,2024-11-02 10:26:00,6.03,success,0.09
1825,1032,2023-08-22 10:36:00,210.56,success,3.16
1826,1032,2023-08-29 10:36:00,5.86,success,0.09
1827,1032,2023-08-16 10:36:00,962.63,success,14.44
1828,1037,2023-07-30 23:18:00,69.71,success,1.05
1829,1037,2023-09-02 23:18:00,6.82,success,0.1
1830,1037,2023-07-14 23:18:00,456.81,success,6.85
1831,1038,2023-12-27 07:05:00,6.41,success,0.1
1832,1038,2024-01-10 07:05:00,794.42,success,11.92
1833,1038,2023-12-20 07:05:00,1805.59,success,27.08
1834,1038,2024-01-26 07:05:00,12.49,success,0.19
1835,1038,2024-01-16 07:05:00,19.69,success,0.3
1836,1040,2023-10-16 04:06:00,803.23,success,12.05
1837,1040,2023-10-27 04:06:00,16.15,success,0.24
1838,1040,2023-12-07 04:06:00,466.75,success,7.0
1839,1040,2023-10-07 04:06:00,10.83,success,0.16
1840,1040,2023-12-04 04:06:00,9.02,success,0.14
1841,1042,2023-07-11 11:26:00,597.75,success,8.97
1842,1042,2023-04-29 11:26:00,1821.73,success,27.33
1843,1042,2023-07-13 11:26:00,268.27,success,4.02
1844,1042,2023-07-26 11:26:00,9.16,failed,0.0
1845,1042,2023-05-28 11:26:00,1206.24,success,18.09
1846,1042,2023-05-28 11:26:00,1450.6,success,21.76
1847,1043,2024-06-10 21:54:00,1031.33,success,15.47
1848,1043,2024-06-03 21:54:00,406.6,success,6.1
1849,1043,2024-04-20 21:54:00,875.53,success,13.13
1850,1043,2024-04-21 21:54:00,1954.98,failed,0.0
1851,1043,2024-04-14 21:54:00,134.8,success,2.02
1852,1043,2024-05-15 21:54:00,16.24,success,0.24
1853,1043,2024-04-26 21:54:00,466.34,success,7.0
1854,1043,2024-05-19 21:54:00,1625.17,success,24.38
1855,1044,2024-05-22 18:31:00,11.86,success,0.18
1856,1044,2024-05-25 18:31:00,92.16,failed,0.0
1857,1044,2024-04-02 18:31:00,13.84,success,0.21
1858,1048,2024-04-28 02:23:00,1336.0,success,20.04
1859,1048,2024-03-24 02:23:00,1547.06,success,23.21
1860,1048,2024-04-29 02:23:00,1107.0,success,16.61
1861,1048,2024-03-09 02:23:00,12.13,failed,0.0
1862,1048,2024-04-11 02:23:00,149.64,success,2.24
1863,1049,2024-04-01 17:37:00,514.41,success,7.72
1864,1049,2024-02-23 17:37:00,17.88,success,0.27
1865,1049,2024-03-29 17:37:00,1799.94,success,27.0
1866,1049,2024-02-09 17:37:00,14.37,success,0.22
1867,1049,2024-01-18 17:37:00,261.93,success,3.93
1868,1049,2024-01-19 17:37:00,473.21,success,7.1
1869,1051,2023-10-29 21:53:00,10.77,success,0.16
1870,1051,2023-12-13 21:53:00,1319.83,success,19.8
1871,1051,2024-01-25 21:53:00,1100.38,success,16.51
1872,1051,2024-01-25 21:53:00,16.72,success,0.25
1873,1051,2023-12-06 21:53:00,661.97,success,9.93
1874,1051,2023-12-19 21:53:00,471.95,success,7.08
1875,1055,2024-04-07 21:15:00,1420.46,success,21.31
1876,1055,2024-03-12 21:15:00,10.73,failed,0.0
1877,1055,2024-02-12 21:15:00,1924.46,success,28.87
1878,1059,2023-06-29 02:46:00,6.26,failed,0.0
1879,1059,2023-06-27 02:46:00,5.8,success,0.09
1880,1062,2024-09-21 07:35:00,133.78,success,2.01
1881,1062,2024-08-14 07:35:00,396.04,failed,0.0
1882,1062,2024-08-20 07:35:00,449.65,success,6.74
1883,1063,2024-04-09 12:56:00,389.16,success,5.84
1884,1063,2024-05-17 12:56:00,15.18,failed,0.0
1885,1063,2024-06-03 12:56:00,290.43,success,4.36
1886,1063,2024-06-03 12:56:00,17.34,success,0.26
1887,1063,2024-04-11 12:56:00,12.28,success,0.18
1888,1063,2024-05-28 12:56:00,313.44,failed,0.0
1889,1063,2024-05-03 12:56:00,1738.82,success,26.08
1890,1063,2024-06-09 12:56:00,723.57,success,10.85
1891,1064,2023-12-15 21:40:00,148.94,success,2.23
1892,1065,2023-06-23 03:03:00,448.5,success,6.73
1893,1065,2023-05-11 03:03:00,5.59,success,0.08
1894,1065,2023-05-28 03:03:00,1747.56,success,26.21
1895,1065,2023-05-09 03:03:00,255.25,success,3.83
1896,1065,2023-07-16 03:03:00,996.56,success,14.95
1897,1065,2023-06-11 03:03:00,837.91,success,12.57
1898,1067,2024-03-15 05:49:00,207.03,success,3.11
1899,1067,2024-03-13 05:49:00,19.73,success,0.3
1900,1067,2024-02-26 05:49:00,887.35,failed,0.0
1901,1068,2024-12-29 06:06:00,1903.99,success,28.56
1902,1068,2025-03-12 06:06:00,238.63,success,3.58
1903,1068,2025-02-18 06:06:00,207.46,success,3.11
1904,1069,2023-10-24 21:24:00,1463.66,success,21.95
1905,1069,2023-10-22 21:24:00,1706.53,success,25.6
1906,1069,2023-08-07 21:24:00,1982.1,success,29.73
1907,1070,2023-03-29 18:07:00,321.22,success,4.82
1908,1070,2023-03-04 18:07:00,1578.85,success,23.68
1909,1070,2023-03-08 18:07:00,1340.23,success,20.1
1910,1070,2023-03-05 18:07:00,10.23,success,0.15
1911,1070,2023-02-20 18:07:00,780.87,success,11.71
1912,1071,2024-08-15 03:13:00,349.92,success,5.25
1913,1071,2024-10-03 03:13:00,155.69,success,2.34
1914,1071,2024-10-21 03:13:00,401.6,success,6.02
1915,1071,2024-10-09 03:13:00,13.05,failed,0.0
1916,1071,2024-09-01 03:13:00,269.24,success,4.04
1917,1072,2024-10-12 17:07:00,791.95,success,11.88
1918,1072,2024-11-07 17:07:00,907.12,failed,0.0
1919,1080,2024-08-01 10:45:00,674.13,success,10.11
1920,1080,2024-10-23 10:45:00,112.54,success,1.69
1921,1080,2024-09-16 10:45:00,17.13,success,0.26
1922,1083,2024-06-30 12:30:00,327.2,success,4.91
1923,1083,2024-06-21 12:30:00,437.34,success,6.56
1924,1083,2024-08-08 12:30:00,418.07,success,6.27
1925,1083,2024-06-11 12:30:00,283.9,success,4.26
1926,1083,2024-07-14 12:30:00,237.03,success,3.56
1927,1083,2024-08-27 12:30:00,336.14,success,5.04
1928,1083,2024-08-16 12:30:00,13.0,success,0.2
1929,1083,2024-06-22 12:30:00,286.9,success,4.3
1930,1084,2023-12-05 20:26:00,8.41,success,0.13
1931,1084,2024-01-29 20:26:00,158.8,success,2.38
1932,1084,2023-12-24 20:26:00,991.67,success,14.88
1933,1084,2023-12-16 20:26:00,583.69,success,8.76
1934,1084,2024-01-07 20:26:00,274.97,failed,0.0
1935,1084,2024-02-21 20:26:00,397.16,success,5.96
1936,1084,2024-01-28 20:26:00,17.32,success,0.26
1937,1085,2023-08-14 07:10:00,1082.69,failed,0.0
1938,1085,2023-06-09 07:10:00,1000.7,success,15.01
1939,1085,2023-06-12 07:10:00,451.21,success,6.77
1940,1085,2023-06-21 07:10:00,5.68,failed,0.0
1941,1085,2023-08-08 07:10:00,1484.03,success,22.26
1942,1085,2023-07-07 07:10:00,901.94,success,13.53
1943,1085,2023-07-08 07:10:00,1970.31,success,29.55
1944,1085,2023-07-03 07:10:00,210.97,success,3.16
1945,1087,2024-03-03 06:10:00,10.99,success,0.16
1946,1087,2024-05-07 06:10:00,12.04,success,0.18
1947,1087,2024-03-26 06:10:00,10.1,success,0.15
1948,1088,2023-07-07 06:14:00,199.81,success,3.0
1949,1088,2023-07-03 06:14:00,391.52,success,5.87
1950,1088,2023-08-05 06:14:00,921.02,success,13.82
1951,1088,2023-07-09 06:14:00,11.12,failed,0.0
1952,1089,2024-11-04 00:42:00,17.97,success,0.27
1953,1089,2024-10-02 00:42:00,19.2,success,0.29
1954,1089,2024-09-29 00:42:00,7.79,success,0.12
1955,1089,2024-09-18 00:42:00,988.15,success,14.82
1956,1089,2024-10-21 00:42:00,716.82,success,10.75
1957,1089,2024-11-21 00:42:00,17.93,failed,0.0
1958,1089,2024-12-04 00:42:00,175.06,success,2.63
1959,1089,2024-09-28 00:42:00,494.31,success,7.41
1960,1092,2024-11-26 17:50:00,490.29,success,7.35
1961,1092,2024-11-13 17:50:00,7.1,success,0.11
1962,1092,2024-10-23 17:50:00,15.43,success,0.23
1963,1092,2024-11-29 17:50:00,7.24,success,0.11
1964,1092,2024-10-24 17:50:00,10.03,success,0.15
1965,1094,2024-01-24 22:14:00,213.99,success,3.21
1966,1094,2024-01-27 22:14:00,56.94,success,0.85
1967,1094,2024-02-26 22:14:00,6.74,success,0.1
1968,1094,2024-01-25 22:14:00,104.2,success,1.56
1969,1094,2024-04-19 22:14:00,204.24,success,3.06
1970,1096,2023-12-30 21:51:00,538.61,success,8.08
1971,1096,2023-12-04 21:51:00,425.59,failed,0.0
1972,1096,2023-10-15 21:51:00,1492.65,success,22.39
1973,1099,2024-06-14 02:28:00,564.58,success,8.47
1974,1099,2024-05-05 02:28:00,5.72,success,0.09
1975,1099,2024-05-06 02:28:00,18.37,success,0.28
1976,1101,2023-03-05 16:12:00,8.11,success,0.12
1977,1101,2023-05-22 16:12:00,7.15,success,0.11
1978,1101,2023-03-14 16:12:00,1395.92,success,20.94
1979,1101,2023-04-30 16:12:00,366.93,success,5.5
1980,1101,2023-04-22 16:12:00,303.13,success,4.55
1981,1101,2023-04-05 16:12:00,835.08,success,12.53
1982,1101,2023-05-26 16:12:00,449.12,failed,0.0
1983,1101,2023-03-20 16:12:00,126.01,success,1.89
1984,1102,2023-03-16 09:30:00,10.67,success,0.16
1985,1102,2023-04-12 09:30:00,400.06,success,6.0
1986,1102,2023-03-14 09:30:00,6.57,success,0.1
1987,1102,2023-02-17 09:30:00,1390.46,success,20.86
1988,1102,2023-03-30 09:30:00,1099.24,success,16.49
1989,1102,2023-02-23 09:30:00,453.87,success,6.81
1990,1105,2023-05-28 16:08:00,70.62,success,1.06
1991,1106,2024-04-02 00:05:00,460.59,success,6.91
1992,1106,2024-04-05 00:05:00,13.93,success,0.21
1993,1106,2024-06-08 00:05:00,7.33,failed,0.0
1994,1106,2024-06-19 00:05:00,9.95,success,0.15
1995,1106,2024-04-25 00:05:00,483.9,success,7.26
1996,1106,2024-04-27 00:05:00,150.99,success,2.26
1997,1107,2023-06-19 19:37:00,801.33,failed,0.0
1998,1107,2023-08-03 19:37:00,1917.3,success,28.76
1999,1107,2023-06-23 19:37:00,443.21,success,6.65
2000,1107,2023-06-04 19:37:00,1584.04,success,23.76
2001,1107,2023-06-19 19:37:00,907.13,success,13.61
2002,1107,2023-06-02 19:37:00,1429.81,success,21.45
2003,1110,2023-10-24 18:23:00,10.56,success,0.16
2004,1110,2023-08-24 18:23:00,61.65,success,0.92
2005,1110,2023-09-14 18:23:00,16.66,failed,0.0
2006,1110,2023-10-17 18:23:00,17.48,success,0.26
2007,1110,2023-09-26 18:23:00,12.77,success,0.19
2008,1110,2023-10-28 18:23:00,10.0,success,0.15
2009,1116,2023-11-07 11:25:00,76.47,success,1.15
2010,1116,2023-09-19 11:25:00,10.57,success,0.16
2011,1116,2023-09-27 11:25:00,16.92,failed,0.0
2012,1116,2023-11-30 11:25:00,1613.14,success,24.2
2013,1116,2023-12-02 11:25:00,292.78,failed,0.0
2014,1116,2023-11-07 11:25:00,1327.05,success,19.91
2015,1116,2023-10-20 11:25:00,1106.78,success,16.6
2016,1119,2024-11-06 18:03:00,1962.58,success,29.44
2017,1119,2024-11-24 18:03:00,14.81,success,0.22
2018,1124,2023-09-03 12:52:00,210.78,success,3.16
2019,1124,2023-08-18 12:52:00,8.84,success,0.13
2020,1124,2023-07-11 12:52:00,113.7,failed,0.0
2021,1125,2024-09-18 01:13:00,176.9,success,2.65
2022,1125,2024-11-04 01:13:00,1003.73,success,15.06
2023,1125,2024-08-27 01:13:00,535.31,success,8.03
2024,1125,2024-08-16 01:13:00,1099.25,success,16.49
2025,1125,2024-10-23 01:13:00,16.04,success,0.24
2026,1127,2023-09-05 14:19:00,10.55,success,0.16
2027,1128,2024-06-03 03:49:00,10.35,failed,0.0
2028,1128,2024-08-03 03:49:00,12.93,success,0.19
2029,1128,2024-08-02 03:49:00,17.38,success,0.26
2030,1130,2024-12-31 22:21:00,373.63,success,5.6
2031,1130,2024-12-12 22:21:00,14.46,failed,0.0
2032,1130,2024-11-12 22:21:00,12.27,success,0.18
2033,1131,2023-08-20 22:42:00,7.32,success,0.11
2034,1131,2023-07-18 22:42:00,938.86,success,14.08
2035,1133,2023-11-13 07:34:00,768.25,success,11.52
2036,1133,2023-10-10 07:34:00,209.14,success,3.14
2037,1133,2023-09-24 07:34:00,9.06,failed,0.0
2038,1134,2025-01-10 01:38:00,664.47,success,9.97
2039,1134,2024-12-22 01:38:00,384.61,success,5.77
2040,1134,2025-02-21 01:38:00,8.71,success,0.13
2041,1134,2025-01-16 01:38:00,1078.29,success,16.17
2042,1134,2025-01-17 01:38:00,575.68,failed,0.0
2043,1134,2025-03-03 01:38:00,342.14,success,5.13
2044,1134,2024-12-14 01:38:00,16.36,success,0.25
2045,1141,2024-07-07 20:34:00,95.86,success,1.44
2046,1143,2024-04-27 08:13:00,398.88,success,5.98
2047,1143,2024-06-05 08:13:00,17.87,failed,0.0
2048,1143,2024-05-09 08:13:00,441.55,success,6.62
2049,1143,2024-05-30 08:13:00,1912.32,success,28.68
2050,1143,2024-05-03 08:13:00,13.78,success,0.21
2051,1151,2024-04-28 08:46:00,17.57,success,0.26
2052,1151,2024-04-12 08:46:00,321.35,success,4.82
2053,1151,2024-04-14 08:46:00,10.19,success,0.15
2054,1151,2024-03-20 08:46:00,8.87,success,0.13
2055,1151,2024-04-28 08:46:00,584.33,success,8.76
2056,1152,2024-07-24 05:26:00,19.66,success,0.29
2057,1152,2024-08-21 05:26:00,12.82,success,0.19
2058,1152,2024-08-17 05:26:00,591.71,success,8.88
2059,1152,2024-09-08 05:26:00,200.09,success,3.0
2060,1152,2024-08-23 05:26:00,8.07,success,0.12
2061,1153,2025-01-13 06:18:00,15.68,success,0.24
2062,1153,2025-01-15 06:18:00,976.56,success,14.65
2063,1153,2025-01-01 06:18:00,5.07,success,0.08
2064,1153,2025-01-09 06:18:00,165.52,success,2.48
2065,1153,2025-03-12 06:18:00,5.82,success,0.09
2066,1154,2025-03-14 20:56:00,12.26,success,0.18
2067,1154,2025-03-14 20:56:00,14.77,failed,0.0
2068,1154,2025-03-17 20:56:00,666.55,success,10.0
2069,1154,2024-12-29 20:56:00,289.09,success,4.34
2070,1154,2025-02-10 20:56:00,14.98,success,0.22
2071,1154,2025-02-03 20:56:00,1281.54,success,19.22
2072,1156,2024-12-14 04:21:00,1218.89,failed,0.0
2073,1156,2025-02-06 04:21:00,1364.48,success,20.47
2074,1156,2024-12-01 04:21:00,5.37,success,0.08
2075,1156,2025-01-25 04:21:00,7.76,failed,0.0
2076,1156,2024-12-27 04:21:00,73.61,success,1.1
2077,1156,2025-01-09 04:21:00,756.9,success,11.35
2078,1156,2025-01-03 04:21:00,15.87,success,0.24
2079,1156,2024-12-04 04:21:00,1855.2,success,27.83
2080,1157,2024-01-20 07:18:00,6.97,failed,0.0
2081,1157,2024-02-03 07:18:00,317.95,success,4.77
2082,1157,2024-01-03 07:18:00,101.49,success,1.52
2083,1157,2023-11-26 07:18:00,1655.19,success,24.83
2084,1157,2023-12-15 07:18:00,15.53,success,0.23
2085,1157,2024-01-12 07:18:00,11.55,failed,0.0
2086,1157,2024-01-20 07:18:00,9.29,success,0.14
2087,1157,2024-01-31 07:18:00,765.63,failed,0.0
2088,1158,2024-01-24 08:41:00,938.17,success,14.07
2089,1158,2024-02-25 08:41:00,1155.45,success,17.33
2090,1158,2024-03-26 08:41:00,273.5,success,4.1
2091,1159,2024-03-29 07:24:00,399.49,success,5.99
2092,1159,2024-04-17 07:24:00,19.28,success,0.29
2093,1159,2024-01-24 07:24:00,95.99,success,1.44
2094,1161,2023-10-31 12:18:00,350.32,success,5.25
2095,1165,2024-02-15 21:19:00,1821.22,success,27.32
2096,1165,2024-04-10 21:19:00,1214.98,failed,0.0
2097,1165,2024-04-17 21:19:00,627.53,success,9.41
2098,1165,2024-03-20 21:19:00,18.36,success,0.28
2099,1165,2024-01-31 21:19:00,1782.6,success,26.74
2100,1165,2024-02-18 21:19:00,988.7,failed,0.0
2101,1170,2024-08-02 22:37:00,15.18,success,0.23
2102,1170,2024-09-30 22:37:00,5.03,failed,0.0
2103,1172,2023-06-27 10:32:00,741.79,failed,0.0
2104,1172,2023-06-18 10:32:00,332.16,success,4.98
2105,1172,2023-05-19 10:32:00,1296.47,success,19.45
2106,1174,2024-11-16 22:29:00,1483.0,success,22.24
2107,1174,2024-09-16 22:29:00,858.68,success,12.88
2108,1174,2024-10-27 22:29:00,6.78,success,0.1
2109,1174,2024-11-13 22:29:00,1147.51,failed,0.0
2110,1174,2024-09-01 22:29:00,1353.35,success,20.3
2111,1175,2024-06-14 14:18:00,488.07,success,7.32
2112,1176,2024-02-27 18:41:00,10.71,success,0.16
2113,1176,2024-04-06 18:41:00,1899.02,success,28.49
2114,1176,2024-02-27 18:41:00,196.7,success,2.95
2115,1177,2025-03-17 23:38:00,73.67,success,1.11
2116,1177,2025-03-23 23:38:00,68.0,failed,0.0
2117,1177,2025-03-05 23:38:00,14.34,success,0.22
2118,1177,2025-01-14 23:38:00,851.83,success,12.78
2119,1177,2025-01-22 23:38:00,1613.23,failed,0.0
2120,1178,2023-09-17 19:18:00,8.9,success,0.13
2121,1178,2023-10-08 19:18:00,19.75,success,0.3
2122,1178,2023-08-08 19:18:00,1272.7,failed,0.0
2123,1181,2023-10-30 20:57:00,11.98,failed,0.0
2124,1187,2024-10-25 20:58:00,734.99,success,11.02
2125,1187,2024-11-27 20:58:00,19.18,failed,0.0
2126,1187,2024-12-23 20:58:00,406.4,success,6.1
2127,1187,2024-12-18 20:58:00,165.66,success,2.48
2128,1187,2024-11-05 20:58:00,459.18,success,6.89
2129,1187,2024-10-18 20:58:00,8.68,success,0.13
2130,1190,2024-02-09 17:00:00,19.56,success,0.29
2131,1190,2023-12-20 17:00:00,397.42,success,5.96
2132,1191,2024-01-28 12:02:00,425.4,failed,0.0
2133,1191,2024-01-25 12:02:00,18.07,success,0.27
2134,1191,2024-01-16 12:02:00,160.92,success,2.41
2135,1191,2024-03-20 12:02:00,12.54,success,0.19
2136,1191,2024-02-07 12:02:00,484.15,success,7.26
2137,1191,2024-02-01 12:02:00,219.38,success,3.29
2138,1191,2024-01-18 12:02:00,1600.55,success,24.01
2139,1191,2024-01-12 12:02:00,1586.32,success,23.79
2140,1192,2024-01-21 01:35:00,822.43,success,12.34
2141,1192,2023-12-27 01:35:00,512.59,success,7.69
2142,1192,2023-12-13 01:35:00,1913.49,success,28.7
2143,1192,2024-02-19 01:35:00,7.75,success,0.12
2144,1193,2025-01-20 11:33:00,1926.38,success,28.9
2145,1193,2025-02-20 11:33:00,15.04,failed,0.0
2146,1193,2024-12-28 11:33:00,397.07,success,5.96
2147,1194,2024-07-07 23:45:00,1384.88,failed,0.0
2148,1194,2024-05-16 23:45:00,1389.18,failed,0.0
2149,1194,2024-05-28 23:45:00,1948.71,success,29.23
2150,1195,2023-12-03 00:23:00,362.86,success,5.44
2151,1195,2023-11-12 00:23:00,1156.67,success,17.35
2152,1195,2023-12-17 00:23:00,9.34,success,0.14
2153,1195,2023-12-11 00:23:00,402.15,success,6.03
2154,1195,2023-12-12 00:23:00,104.5,success,1.57
2155,1197,2024-05-30 22:18:00,1515.5,success,22.73
2156,1197,2024-05-21 22:18:00,6.22,success,0.09
2157,1197,2024-04-03 22:18:00,19.3,success,0.29
2158,1197,2024-05-02 22:18:00,431.45,success,6.47
2159,1197,2024-05-18 22:18:00,1267.12,success,19.01
2160,1197,2024-05-16 22:18:00,193.73,success,2.91
2161,1197,2024-06-05 22:18:00,1529.19,success,22.94
2162,1198,2024-03-29 13:26:00,13.02,failed,0.0
2163,1198,2024-03-21 13:26:00,9.31,success,0.14
2164,1198,2024-04-17 13:26:00,263.03,success,3.95
2165,1198,2024-04-30 13:26:00,250.63,success,3.76
2166,1198,2024-04-06 13:26:00,713.61,success,10.7
2167,1199,2024-08-10 04:27:00,438.76,success,6.58
2168,1199,2024-07-18 04:27:00,1595.5,failed,0.0
2169,1199,2024-07-13 04:27:00,1646.65,success,24.7
2170,1199,2024-07-13 04:27:00,1800.51,success,27.01
2171,1199,2024-07-08 04:27:00,356.05,success,5.34
2172,1199,2024-05-25 04:27:00,453.2,success,6.8
2173,1199,2024-07-20 04:27:00,1642.87,success,24.64
2174,1199,2024-08-19 04:27:00,55.51,success,0.83
2175,1201,2025-03-10 05:55:00,492.13,success,7.38
2176,1201,2025-01-02 05:55:00,473.93,success,7.11
2177,1201,2025-01-29 05:55:00,445.2,success,6.68
2178,1201,2025-02-03 05:55:00,67.7,success,1.02
2179,1201,2025-01-12 05:55:00,1005.96,success,15.09
2180,1201,2025-02-16 05:55:00,1568.0,success,23.52
2181,1208,2024-05-23 20:05:00,127.07,success,1.91
2182,1208,2024-06-26 20:05:00,132.37,failed,0.0
2183,1208,2024-05-22 20:05:00,54.78,success,0.82
2184,1211,2024-01-28 09:03:00,7.07,success,0.11
2185,1211,2024-03-06 09:03:00,51.36,success,0.77
2186,1215,2024-10-26 13:44:00,8.17,failed,0.0
2187,1215,2024-12-15 13:44:00,1772.72,success,26.59
2188,1215,2024-12-15 13:44:00,1490.78,success,22.36
2189,1215,2024-10-17 13:44:00,298.74,success,4.48
2190,1215,2024-12-20 13:44:00,14.73,success,0.22
2191,1215,2025-01-03 13:44:00,1143.1,failed,0.0
2192,1216,2025-02-06 20:25:00,15.96,success,0.24
2193,1216,2024-12-24 20:25:00,273.55,success,4.1
2194,1216,2025-02-18 20:25:00,1975.43,success,29.63
2195,1216,2025-03-18 20:25:00,1784.58,success,26.77
2196,1216,2025-01-29 20:25:00,211.26,success,3.17
2197,1218,2024-10-28 05:05:00,276.11,failed,0.0
2198,1218,2024-11-22 05:05:00,19.04,success,0.29
2199,1218,2024-09-18 05:05:00,1030.83,success,15.46
2200,1219,2024-12-09 13:53:00,280.1,success,4.2
2201,1219,2024-11-14 13:53:00,292.02,success,4.38
2202,1219,2024-10-22 13:53:00,467.04,success,7.01
2203,1219,2024-10-10 13:53:00,18.15,success,0.27
2204,1219,2024-10-10 13:53:00,1664.06,failed,0.0
2205,1224,2024-08-01 22:34:00,487.62,success,7.31
2206,1227,2023-04-22 04:38:00,348.14,failed,0.0
2207,1232,2024-05-09 23:25:00,9.71,failed,0.0
2208,1232,2024-03-30 23:25:00,9.36,success,0.14
2209,1232,2024-04-05 23:25:00,574.07,failed,0.0
2210,1233,2023-08-31 11:24:00,268.76,success,4.03
2211,1233,2023-08-28 11:24:00,653.2,success,9.8
2212,1233,2023-09-04 11:24:00,328.07,success,4.92
2213,1234,2024-07-07 09:16:00,18.01,failed,0.0
2214,1234,2024-08-17 09:16:00,8.73,success,0.13
2215,1234,2024-07-22 09:16:00,493.25,failed,0.0
2216,1234,2024-05-23 09:16:00,1298.86,success,19.48
2217,1236,2023-12-06 12:31:00,88.95,success,1.33
2218,1236,2023-12-06 12:31:00,11.82,success,0.18
2219,1236,2023-11-07 12:31:00,1982.0,success,29.73
2220,1236,2023-11-19 12:31:00,14.58,failed,0.0
2221,1236,2023-11-06 12:31:00,11.44,success,0.17
2222,1236,2023-12-12 12:31:00,16.4,success,0.25
2223,1238,2024-08-30 10:38:00,6.17,success,0.09
2224,1238,2024-08-31 10:38:00,499.23,success,7.49
2225,1238,2024-09-27 10:38:00,1318.69,success,19.78
2226,1238,2024-10-14 10:38:00,253.11,failed,0.0
2227,1238,2024-09-12 10:38:00,455.73,success,6.84
2228,1238,2024-09-16 10:38:00,1018.42,success,15.28
2229,1238,2024-09-28 10:38:00,507.34,failed,0.0
2230,1238,2024-08-18 10:38:00,571.63,failed,0.0
2231,1239,2024-12-25 02:13:00,1509.04,success,22.64
2232,1239,2024-11-16 02:13:00,201.84,success,3.03
2233,1239,2024-11-20 02:13:00,1352.59,success,20.29
2234,1239,2024-10-09 02:13:00,188.0,success,2.82
2235,1239,2024-10-29 02:13:00,1305.35,success,19.58
2236,1248,2024-12-01 05:46:00,9.06,success,0.14
2237,1248,2024-10-12 05:46:00,1766.55,success,26.5
2238,1251,2023-08-03 19:50:00,5.68,failed,0.0
2239,1251,2023-09-04 19:50:00,1264.06,success,18.96
2240,1251,2023-06-27 19:50:00,16.77,success,0.25
2241,1251,2023-07-28 19:50:00,415.46,success,6.23
2242,1251,2023-07-03 19:50:00,228.67,success,3.43
2243,1254,2024-12-25 18:22:00,18.45,failed,0.0
2244,1254,2025-01-01 18:22:00,12.48,success,0.19
2245,1254,2025-01-14 18:22:00,17.8,success,0.27
2246,1254,2025-02-05 18:22:00,53.42,success,0.8
2247,1254,2024-12-30 18:22:00,19.28,success,0.29
2248,1258,2024-10-18 03:06:00,469.54,success,7.04
2249,1261,2024-09-25 01:32:00,467.97,success,7.02
2250,1263,2024-05-31 00:49:00,74.66,success,1.12
2251,1263,2024-07-22 00:49:00,17.77,success,0.27
2252,1263,2024-07-15 00:49:00,453.19,success,6.8
2253,1263,2024-06-21 00:49:00,978.97,success,14.68
2254,1263,2024-08-08 00:49:00,365.24,success,5.48
2255,1266,2023-11-27 18:35:00,265.3,success,3.98
2256,1266,2023-12-13 18:35:00,16.66,failed,0.0
2257,1266,2023-10-24 18:35:00,7.9,success,0.12
2258,1266,2024-01-02 18:35:00,1812.33,success,27.18
2259,1266,2023-12-27 18:35:00,247.14,success,3.71
2260,1269,2023-12-21 08:24:00,6.02,success,0.09
2261,1269,2023-12-25 08:24:00,225.6,success,3.38
2262,1269,2023-11-05 08:24:00,280.83,success,4.21
2263,1269,2023-12-10 08:24:00,273.76,failed,0.0
2264,1273,2024-02-04 00:14:00,238.8,success,3.58
2265,1273,2023-12-06 00:14:00,445.67,failed,0.0
2266,1274,2024-07-09 09:47:00,108.73,success,1.63
2267,1274,2024-08-18 09:47:00,307.35,success,4.61
2268,1274,2024-08-11 09:47:00,1711.18,success,25.67
2269,1274,2024-08-08 09:47:00,13.32,success,0.2
2270,1275,2024-12-28 13:45:00,447.2,success,6.71
2271,1275,2024-12-24 13:45:00,19.41,success,0.29
2272,1275,2024-12-26 13:45:00,750.22,success,11.25
2273,1279,2025-01-10 01:29:00,360.41,success,5.41
2274,1279,2024-11-08 01:29:00,1994.72,success,29.92
2275,1280,2023-07-07 17:52:00,817.99,failed,0.0
2276,1280,2023-06-07 17:52:00,298.2,success,4.47
2277,1280,2023-07-17 17:52:00,1303.99,success,19.56
2278,1280,2023-05-23 17:52:00,631.46,success,9.47
2279,1280,2023-08-04 17:52:00,9.48,success,0.14
2280,1284,2023-12-06 15:37:00,848.76,failed,0.0
2281,1284,2023-12-31 15:37:00,18.82,success,0.28
2282,1284,2023-12-21 15:37:00,430.55,success,6.46
2283,1284,2023-12-27 15:37:00,1752.98,success,26.29
2284,1284,2023-12-18 15:37:00,19.1,success,0.29
2285,1284,2024-01-30 15:37:00,6.29,success,0.09
2286,1284,2023-12-29 15:37:00,128.53,failed,0.0
2287,1284,2024-01-25 15:37:00,189.91,success,2.85
2288,1285,2023-05-31 19:15:00,1490.75,failed,0.0
2289,1286,2024-10-15 13:13:00,81.72,success,1.23
2290,1286,2024-11-10 13:13:00,1361.1,failed,0.0
2291,1286,2024-10-25 13:13:00,1512.61,success,22.69
2292,1286,2024-10-21 13:13:00,219.57,failed,0.0
2293,1286,2024-10-21 13:13:00,318.71,success,4.78
2294,1286,2024-10-26 13:13:00,1537.8,success,23.07
2295,1286,2024-09-02 13:13:00,193.15,success,2.9
2296,1287,2023-11-28 07:05:00,13.76,failed,0.0
2297,1287,2023-12-13 07:05:00,314.79,success,4.72
2298,1287,2023-11-20 07:05:00,582.74,success,8.74
2299,1288,2025-02-18 17:41:00,422.93,success,6.34
2300,1288,2025-01-29 17:41:00,1787.51,success,26.81
2301,1288,2025-02-04 17:41:00,334.01,failed,0.0
2302,1288,2025-01-04 17:41:00,1069.16,success,16.04
2303,1288,2024-12-20 17:41:00,6.25,success,0.09
2304,1288,2025-02-01 17:41:00,1515.38,success,22.73
2305,1288,2025-02-10 17:41:00,100.04,success,1.5
2306,1289,2024-11-03 14:53:00,15.72,success,0.24
2307,1289,2024-10-19 14:53:00,196.51,success,2.95
2308,1289,2024-09-12 14:53:00,5.96,success,0.09
2309,1289,2024-11-10 14:53:00,226.78,success,3.4
2310,1289,2024-12-01 14:53:00,16.7,success,0.25
2311,1289,2024-10-08 14:53:00,189.02,failed,0.0
2312,1289,2024-10-17 14:53:00,13.21,success,0.2
2313,1290,2024-03-07 22:21:00,11.43,failed,0.0
2314,1290,2024-03-14 22:21:00,7.53,success,0.11
2315,1290,2024-01-24 22:21:00,5.04,success,0.08
2316,1290,2024-01-11 22:21:00,1989.21,success,29.84
2317,1291,2024-06-04 23:50:00,164.16,success,2.46
2318,1291,2024-03-19 23:50:00,748.69,success,11.23
2319,1291,2024-03-30 23:50:00,342.74,success,5.14
2320,1291,2024-03-20 23:50:00,11.0,success,0.16
2321,1291,2024-05-02 23:50:00,1799.88,success,27.0
2322,1291,2024-05-03 23:50:00,18.17,failed,0.0
2323,1291,2024-03-25 23:50:00,799.93,success,12.0
2324,1291,2024-04-27 23:50:00,12.69,success,0.19
2325,1292,2024-09-23 00:45:00,267.27,success,4.01
2326,1292,2024-09-03 00:45:00,16.76,failed,0.0
2327,1292,2024-08-19 00:45:00,500.8,success,7.51
2328,1292,2024-07-18 00:45:00,185.34,success,2.78
2329,1292,2024-07-11 00:45:00,439.65,success,6.59
2330,1292,2024-08-31 00:45:00,484.97,success,7.27
2331,1292,2024-08-31 00:45:00,18.07,success,0.27
2332,1292,2024-08-19 00:45:00,1790.09,failed,0.0
2333,1299,2024-10-14 00:58:00,124.08,success,1.86
2334,1301,2023-10-25 16:01:00,5.26,success,0.08
2335,1301,2023-10-16 16:01:00,197.67,success,2.97
2336,1301,2023-11-27 16:01:00,15.36,success,0.23
2337,1301,2023-11-28 16:01:00,1077.82,success,16.17
2338,1301,2023-12-24 16:01:00,1193.33,success,17.9
2339,1303,2024-04-28 05:45:00,443.53,success,6.65
2340,1303,2024-04-30 05:45:00,881.4,success,13.22
2341,1303,2024-03-24 05:45:00,896.95,failed,0.0
2342,1303,2024-03-18 05:45:00,951.05,success,14.27
2343,1305,2023-04-28 11:21:00,166.98,failed,0.0
2344,1305,2023-03-17 11:21:00,1956.17,success,29.34
2345,1305,2023-04-11 11:21:00,14.69,success,0.22
2346,1305,2023-04-27 11:21:00,564.63,success,8.47
2347,1308,2024-11-20 13:58:00,308.77,success,4.63
2348,1312,2025-01-14 22:58:00,6.89,success,0.1
2349,1312,2024-12-24 22:58:00,12.48,success,0.19
2350,1312,2024-12-22 22:58:00,546.32,success,8.19
2351,1313,2023-03-12 12:21:00,609.39,success,9.14
2352,1313,2023-04-12 12:21:00,892.45,success,13.39
2353,1313,2023-03-08 12:21:00,232.79,success,3.49
2354,1313,2023-04-28 12:21:00,13.16,success,0.2
2355,1313,2023-05-21 12:21:00,355.56,success,5.33
2356,1313,2023-05-24 12:21:00,1287.89,success,19.32
2357,1313,2023-05-18 12:21:00,380.85,success,5.71
2358,1316,2023-02-13 11:42:00,167.72,success,2.52
2359,1316,2023-01-28 11:42:00,610.09,failed,0.0
2360,1316,2023-03-24 11:42:00,14.71,success,0.22
2361,1316,2023-01-23 11:42:00,867.57,success,13.01
2362,1316,2023-04-06 11:42:00,15.69,success,0.24
2363,1316,2023-02-09 11:42:00,67.81,failed,0.0
2364,1316,2023-03-21 11:42:00,11.4,success,0.17
2365,1316,2023-04-14 11:42:00,11.06,success,0.17
2366,1318,2023-10-08 06:57:00,64.01,failed,0.0
2367,1318,2023-08-25 06:57:00,12.95,success,0.19
2368,1318,2023-08-24 06:57:00,386.06,failed,0.0
2369,1318,2023-08-14 06:57:00,1954.67,success,29.32
2370,1318,2023-09-29 06:57:00,14.57,failed,0.0
2371,1318,2023-08-07 06:57:00,346.46,success,5.2
2372,1318,2023-10-24 06:57:00,411.76,success,6.18
2373,1320,2024-01-26 16:44:00,1650.75,success,24.76
2374,1320,2024-01-02 16:44:00,499.95,success,7.5
2375,1320,2023-12-29 16:44:00,400.38,success,6.01
2376,1320,2023-12-30 16:44:00,422.29,success,6.33
2377,1320,2023-12-11 16:44:00,8.55,success,0.13
2378,1321,2024-06-28 09:15:00,1201.12,success,18.02
2379,1321,2024-07-28 09:15:00,644.71,failed,0.0
2380,1321,2024-07-23 09:15:00,18.29,success,0.27
2381,1323,2024-01-30 14:16:00,1538.34,success,23.08
2382,1323,2024-02-15 14:16:00,1526.98,failed,0.0
2383,1323,2024-03-09 14:16:00,13.99,success,0.21
2384,1330,2024-11-03 15:19:00,1407.28,success,21.11
2385,1330,2024-12-07 15:19:00,19.82,success,0.3
2386,1333,2024-09-11 12:09:00,7.03,success,0.11
2387,1333,2024-07-30 12:09:00,14.61,success,0.22
2388,1333,2024-08-26 12:09:00,7.37,success,0.11
2389,1333,2024-10-03 12:09:00,81.07,success,1.22
2390,1333,2024-07-18 12:09:00,1795.47,success,26.93
2391,1333,2024-09-07 12:09:00,11.59,success,0.17
2392,1333,2024-09-07 12:09:00,307.32,success,4.61
2393,1338,2023-08-31 07:41:00,408.64,success,6.13
2394,1338,2023-09-22 07:41:00,775.4,success,11.63
2395,1338,2023-08-03 07:41:00,18.0,success,0.27
2396,1338,2023-08-22 07:41:00,7.79,success,0.12
2397,1340,2024-09-12 09:24:00,136.07,success,2.04
2398,1340,2024-06-29 09:24:00,11.11,success,0.17
2399,1340,2024-08-19 09:24:00,1413.32,success,21.2
2400,1340,2024-06-23 09:24:00,704.34,failed,0.0
2401,1340,2024-07-03 09:24:00,173.4,success,2.6
2402,1340,2024-09-08 09:24:00,876.25,success,13.14
2403,1342,2023-09-25 11:51:00,1500.0,failed,0.0
2404,1342,2023-09-11 11:51:00,1452.41,success,21.79
2405,1343,2024-10-05 19:02:00,229.12,success,3.44
2406,1343,2024-08-30 19:02:00,558.61,success,8.38
2407,1343,2024-09-03 19:02:00,140.44,success,2.11
2408,1344,2024-07-11 00:08:00,7.22,success,0.11
2409,1344,2024-07-21 00:08:00,415.84,failed,0.0
2410,1344,2024-08-27 00:08:00,8.04,failed,0.0
2411,1344,2024-07-20 00:08:00,258.8,failed,0.0
2412,1344,2024-08-28 00:08:00,7.51,success,0.11
2413,1348,2023-06-07 18:23:00,244.23,success,3.66
2414,1348,2023-05-13 18:23:00,15.61,success,0.23
2415,1348,2023-06-19 18:23:00,385.86,success,5.79
2416,1350,2023-06-25 12:14:00,8.18,success,0.12
2417,1352,2024-02-05 01:30:00,104.09,success,1.56
2418,1352,2024-02-14 01:30:00,10.75,failed,0.0
2419,1352,2024-02-10 01:30:00,208.05,success,3.12
2420,1352,2024-01-17 01:30:00,18.69,success,0.28
2421,1352,2024-02-03 01:30:00,291.34,failed,0.0
2422,1352,2024-02-03 01:30:00,185.01,failed,0.0
2423,1353,2024-10-12 01:55:00,19.22,success,0.29
2424,1353,2024-10-06 01:55:00,683.93,success,10.26
2425,1353,2024-11-14 01:55:00,629.59,success,9.44
2426,1356,2023-11-07 04:24:00,309.81,success,4.65
2427,1356,2023-12-07 04:24:00,430.94,success,6.46
2428,1356,2023-11-07 04:24:00,434.4,success,6.52
2429,1356,2024-01-17 04:24:00,694.84,success,10.42
2430,1356,2023-12-29 04:24:00,99.79,failed,0.0
2431,1356,2023-12-06 04:24:00,176.65,success,2.65
2432,1359,2025-01-28 01:22:00,265.36,success,3.98
2433,1359,2024-11-29 01:22:00,10.38,success,0.16
2434,1359,2024-12-25 01:22:00,1066.37,success,16.0
2435,1359,2024-11-27 01:22:00,1062.88,failed,0.0
2436,1372,2024-07-27 09:56:00,299.25,failed,0.0
2437,1372,2024-07-29 09:56:00,199.82,success,3.0
2438,1372,2024-07-16 09:56:00,561.8,success,8.43
2439,1372,2024-06-12 09:56:00,306.8,success,4.6
2440,1372,2024-07-04 09:56:00,466.45,failed,0.0
2441,1372,2024-08-22 09:56:00,247.27,failed,0.0
2442,1375,2024-07-16 08:00:00,373.74,success,5.61
2443,1375,2024-06-04 08:00:00,448.35,success,6.73
2444,1375,2024-08-19 08:00:00,1257.69,success,18.87
2445,1375,2024-07-15 08:00:00,15.49,success,0.23
2446,1375,2024-08-08 08:00:00,595.24,success,8.93
2447,1375,2024-07-29 08:00:00,1014.42,success,15.22
2448,1375,2024-08-08 08:00:00,8.16,failed,0.0
2449,1375,2024-08-05 08:00:00,13.99,success,0.21
2450,1377,2023-10-24 22:43:00,386.35,success,5.8
2451,1377,2023-10-18 22:43:00,9.83,failed,0.0
2452,1377,2023-11-02 22:43:00,11.36,failed,0.0
2453,1377,2023-12-11 22:43:00,1147.87,failed,0.0
2454,1377,2023-12-30 22:43:00,1889.41,success,28.34
2455,1379,2023-02-11 11:44:00,1812.05,success,27.18
2456,1379,2023-04-10 11:44:00,433.8,success,6.51
2457,1379,2023-03-05 11:44:00,175.84,success,2.64
2458,1379,2023-02-19 11:44:00,15.73,success,0.24
2459,1379,2023-03-21 11:44:00,253.67,success,3.81
2460,1379,2023-03-06 11:44:00,7.94,success,0.12
2461,1380,2025-01-02 08:49:00,1011.53,success,15.17
2462,1380,2024-12-08 08:49:00,54.39,success,0.82
2463,1380,2025-02-16 08:49:00,1725.21,success,25.88
2464,1383,2023-06-29 13:56:00,14.42,success,0.22
2465,1383,2023-07-28 13:56:00,1378.12,success,20.67
2466,1387,2023-12-11 13:00:00,15.71,success,0.24
2467,1387,2023-10-13 13:00:00,7.99,success,0.12
2468,1387,2023-10-31 13:00:00,157.58,failed,0.0
2469,1387,2023-10-29 13:00:00,220.89,success,3.31
2470,1388,2024-09-10 10:05:00,10.21,success,0.15
2471,1388,2024-10-09 10:05:00,1782.11,success,26.73
2472,1388,2024-09-27 10:05:00,497.55,failed,0.0
2473,1388,2024-10-11 10:05:00,7.03,success,0.11
2474,1388,2024-09-23 10:05:00,1451.36,success,21.77
2475,1389,2024-11-30 04:36:00,17.96,success,0.27
2476,1390,2024-08-24 08:56:00,367.23,success,5.51
2477,1390,2024-07-24 08:56:00,19.32,failed,0.0
2478,1390,2024-09-13 08:56:00,5.92,success,0.09
2479,1393,2024-01-09 13:51:00,1564.01,success,23.46
2480,1393,2024-03-12 13:51:00,13.61,success,0.2
2481,1393,2024-03-30 13:51:00,414.75,success,6.22
2482,1393,2024-03-11 13:51:00,1371.08,success,20.57
2483,1393,2024-03-16 13:51:00,105.63,success,1.58
2484,1397,2023-06-05 13:47:00,372.39,success,5.59
2485,1397,2023-07-03 13:47:00,19.1,success,0.29
2486,1399,2024-06-10 09:26:00,6.85,failed,0.0
2487,1399,2024-05-21 09:26:00,1953.86,success,29.31
2488,1399,2024-06-21 09:26:00,1544.47,success,23.17
2489,1399,2024-05-31 09:26:00,8.89,success,0.13
2490,1399,2024-05-24 09:26:00,927.09,success,13.91
2491,1399,2024-07-01 09:26:00,829.19,success,12.44
2492,1399,2024-08-01 09:26:00,14.42,success,0.22
2493,1399,2024-05-27 09:26:00,17.97,success,0.27
2494,1400,2023-08-19 09:54:00,697.74,success,10.47
2495,1400,2023-06-15 09:54:00,13.86,failed,0.0
2496,1400,2023-06-13 09:54:00,8.8,success,0.13
2497,1401,2023-02-09 00:57:00,1544.9,success,23.17
2498,1401,2023-02-16 00:57:00,435.48,success,6.53
2499,1401,2023-03-31 00:57:00,15.27,success,0.23
2500,1401,2023-02-03 00:57:00,1411.37,success,21.17
2501,1401,2023-03-27 00:57:00,1776.68,success,26.65
2502,1405,2023-05-14 09:43:00,645.78,success,9.69
2503,1405,2023-05-03 09:43:00,393.27,success,5.9
2504,1405,2023-05-31 09:43:00,14.71,success,0.22
2505,1405,2023-06-13 09:43:00,58.23,success,0.87
2506,1405,2023-05-03 09:43:00,272.64,success,4.09
2507,1405,2023-07-05 09:43:00,522.18,success,7.83
2508,1406,2023-06-18 02:37:00,291.26,success,4.37
2509,1406,2023-05-31 02:37:00,1950.56,success,29.26
2510,1406,2023-05-07 02:37:00,10.74,success,0.16
2511,1406,2023-06-17 02:37:00,16.16,success,0.24
2512,1408,2024-06-18 13:55:00,1553.49,success,23.3
2513,1408,2024-07-08 13:55:00,87.56,success,1.31
2514,1408,2024-05-14 13:55:00,1442.95,success,21.64
2515,1408,2024-05-11 13:55:00,7.34,success,0.11
2516,1408,2024-06-21 13:55:00,319.8,success,4.8
2517,1411,2023-06-29 01:53:00,10.57,success,0.16
2518,1411,2023-07-17 01:53:00,13.89,success,0.21
2519,1411,2023-06-06 01:53:00,10.48,success,0.16
2520,1415,2024-02-11 00:49:00,222.3,success,3.33
2521,1415,2024-04-14 00:49:00,1643.64,failed,0.0
2522,1417,2025-01-12 22:54:00,1566.82,success,23.5
2523,1417,2025-03-03 22:54:00,487.4,success,7.31
2524,1417,2025-02-13 22:54:00,222.52,success,3.34
2525,1417,2025-02-17 22:54:00,405.62,success,6.08
2526,1417,2025-01-14 22:54:00,661.58,success,9.92
2527,1417,2025-03-07 22:54:00,14.26,success,0.21
2528,1418,2024-05-02 11:41:00,359.77,success,5.4
2529,1418,2024-04-24 11:41:00,1457.57,success,21.86
2530,1418,2024-03-09 11:41:00,6.09,failed,0.0
2531,1420,2024-07-30 05:34:00,13.15,success,0.2
2532,1420,2024-07-28 05:34:00,213.58,success,3.2
2533,1420,2024-10-11 05:34:00,268.19,success,4.02
2534,1420,2024-08-04 05:34:00,1635.81,success,24.54
2535,1423,2024-03-12 18:52:00,5.15,failed,0.0
2536,1423,2024-03-27 18:52:00,13.79,success,0.21
2537,1423,2024-04-20 18:52:00,227.11,failed,0.0
2538,1423,2024-03-04 18:52:00,120.48,success,1.81
2539,1423,2024-05-09 18:52:00,8.73,success,0.13
2540,1423,2024-05-06 18:52:00,1371.47,success,20.57
2541,1423,2024-03-04 18:52:00,169.07,success,2.54
2542,1425,2024-09-20 13:12:00,6.71,success,0.1
2543,1425,2024-08-13 13:12:00,150.78,success,2.26
2544,1425,2024-08-24 13:12:00,1859.32,failed,0.0
2545,1426,2023-09-13 07:38:00,11.27,success,0.17
2546,1426,2023-09-15 07:38:00,5.28,success,0.08
2547,1426,2023-09-20 07:38:00,426.75,success,6.4
2548,1428,2024-11-23 12:26:00,348.98,success,5.23
2549,1428,2025-01-05 12:26:00,1679.21,success,25.19
2550,1428,2024-12-29 12:26:00,516.67,success,7.75
2551,1429,2024-07-22 19:58:00,1953.15,success,29.3
2552,1430,2024-03-07 18:13:00,812.73,success,12.19
2553,1430,2024-03-27 18:13:00,18.74,success,0.28
2554,1430,2024-04-02 18:13:00,16.14,success,0.24
2555,1430,2024-03-16 18:13:00,148.72,success,2.23
2556,1430,2024-04-20 18:13:00,137.81,success,2.07
2557,1430,2024-03-01 18:13:00,188.61,failed,0.0
2558,1430,2024-04-14 18:13:00,12.69,success,0.19
2559,1431,2024-06-04 05:55:00,647.06,success,9.71
2560,1435,2024-02-29 07:10:00,11.84,success,0.18
2561,1438,2025-01-23 13:54:00,1859.08,success,27.89
2562,1438,2025-01-10 13:54:00,480.9,failed,0.0
2563,1439,2023-07-07 02:27:00,626.94,success,9.4
2564,1439,2023-08-05 02:27:00,377.36,success,5.66
2565,1439,2023-07-20 02:27:00,559.21,success,8.39
2566,1440,2023-06-20 20:44:00,71.94,failed,0.0
2567,1440,2023-06-25 20:44:00,440.57,success,6.61
2568,1440,2023-05-31 20:44:00,980.93,success,14.71
2569,1440,2023-05-12 20:44:00,321.38,success,4.82
2570,1440,2023-05-21 20:44:00,1829.88,success,27.45
2571,1440,2023-06-08 20:44:00,13.23,success,0.2
2572,1440,2023-05-19 20:44:00,499.56,success,7.49
2573,1440,2023-07-09 20:44:00,12.36,failed,0.0
2574,1441,2023-02-16 04:52:00,308.75,success,4.63
2575,1441,2023-02-16 04:52:00,11.24,success,0.17
2576,1441,2023-04-13 04:52:00,1547.09,success,23.21
2577,1441,2023-01-28 04:52:00,13.33,success,0.2
2578,1441,2023-03-26 04:52:00,1950.25,success,29.25
2579,1441,2023-01-27 04:52:00,1673.75,success,25.11
2580,1449,2024-06-16 17:17:00,5.22,success,0.08
2581,1449,2024-08-25 17:17:00,208.0,failed,0.0
2582,1449,2024-08-13 17:17:00,1696.75,success,25.45
2583,1451,2024-07-01 08:06:00,1512.9,failed,0.0
2584,1451,2024-09-07 08:06:00,1919.4,success,28.79
2585,1451,2024-07-21 08:06:00,6.22,success,0.09
2586,1451,2024-06-12 08:06:00,515.72,success,7.74
2587,1451,2024-07-09 08:06:00,520.33,success,7.8
2588,1451,2024-07-01 08:06:00,1199.29,success,17.99
2589,1452,2024-10-13 11:07:00,14.82,success,0.22
2590,1452,2024-11-07 11:07:00,1549.3,success,23.24
2591,1452,2024-09-27 11:07:00,10.98,success,0.16
2592,1452,2024-12-04 11:07:00,86.22,failed,0.0
2593,1452,2024-12-02 11:07:00,1982.44,success,29.74
2594,1455,2023-07-22 02:39:00,1351.76,success,20.28
2595,1455,2023-08-27 02:39:00,508.32,success,7.62
2596,1455,2023-08-17 02:39:00,7.99,success,0.12
2597,1462,2023-02-24 10:31:00,309.54,success,4.64
2598,1462,2023-02-04 10:31:00,116.67,success,1.75
2599,1465,2024-02-15 11:52:00,480.48,success,7.21
2600,1465,2024-03-11 11:52:00,11.0,success,0.16
2601,1465,2024-03-03 11:52:00,1429.17,success,21.44
2602,1465,2024-02-07 11:52:00,495.72,success,7.44
2603,1465,2024-04-12 11:52:00,1952.82,success,29.29
2604,1465,2024-04-27 11:52:00,145.25,success,2.18
2605,1465,2024-03-29 11:52:00,1587.91,failed,0.0
2606,1467,2024-04-18 05:55:00,15.63,success,0.23
2607,1467,2024-03-03 05:55:00,6.1,failed,0.0
2608,1470,2024-02-02 12:30:00,1411.84,success,21.18
2609,1470,2024-03-16 12:30:00,8.41,success,0.13
2610,1470,2024-01-16 12:30:00,289.67,failed,0.0
2611,1477,2025-03-15 10:27:00,359.99,success,5.4
2612,1477,2025-01-29 10:27:00,354.27,success,5.31
2613,1477,2025-03-19 10:27:00,11.43,success,0.17
2614,1477,2025-02-23 10:27:00,488.78,failed,0.0
2615,1480,2023-06-27 10:29:00,8.43,success,0.13
2616,1480,2023-06-28 10:29:00,1819.76,success,27.3
2617,1480,2023-06-03 10:29:00,19.21,success,0.29
2618,1480,2023-07-02 10:29:00,1886.92,failed,0.0
2619,1480,2023-06-15 10:29:00,135.76,success,2.04
2620,1480,2023-06-27 10:29:00,14.53,success,0.22
2621,1480,2023-06-12 10:29:00,582.16,success,8.73
2622,1480,2023-05-20 10:29:00,1677.09,failed,0.0
2623,1482,2024-08-25 22:53:00,1888.87,success,28.33
2624,1482,2024-08-07 22:53:00,1158.61,failed,0.0
2625,1482,2024-06-27 22:53:00,271.24,success,4.07
2626,1482,2024-06-30 22:53:00,334.46,failed,0.0
2627,1482,2024-09-07 22:53:00,16.61,success,0.25
2628,1482,2024-09-13 22:53:00,1786.35,success,26.8
2629,1482,2024-09-01 22:53:00,14.77,success,0.22
2630,1483,2024-07-12 04:37:00,109.74,success,1.65
2631,1483,2024-06-30 04:37:00,7.59,success,0.11
2632,1483,2024-07-10 04:37:00,284.48,success,4.27
2633,1483,2024-06-13 04:37:00,98.07,success,1.47
2634,1483,2024-05-28 04:37:00,1927.12,failed,0.0
2635,1484,2023-06-06 17:43:00,19.59,success,0.29
2636,1484,2023-04-05 17:43:00,11.59,success,0.17
2637,1484,2023-06-11 17:43:00,1303.1,success,19.55
2638,1484,2023-05-28 17:43:00,19.91,success,0.3
2639,1484,2023-05-28 17:43:00,1109.71,success,16.65
2640,1484,2023-05-16 17:43:00,314.41,success,4.72
2641,1484,2023-04-21 17:43:00,261.3,success,3.92
2642,1486,2024-07-21 04:43:00,177.45,success,2.66
2643,1486,2024-07-16 04:43:00,15.27,success,0.23
2644,1488,2023-03-11 06:44:00,450.46,failed,0.0
2645,1489,2024-02-16 09:34:00,8.8,success,0.13
2646,1489,2024-02-20 09:34:00,1967.67,failed,0.0
2647,1489,2024-04-02 09:34:00,1929.0,success,28.93
2648,1489,2024-04-16 09:34:00,8.59,failed,0.0
2649,1489,2024-03-24 09:34:00,124.38,failed,0.0
2650,1489,2024-03-09 09:34:00,552.39,failed,0.0
2651,1490,2024-11-11 04:57:00,991.81,success,14.88
2652,1490,2024-09-05 04:57:00,6.21,success,0.09
2653,1490,2024-09-13 04:57:00,143.07,success,2.15
2654,1490,2024-09-16 04:57:00,1698.79,success,25.48
2655,1490,2024-11-13 04:57:00,257.48,success,3.86
2656,1490,2024-11-13 04:57:00,18.98,success,0.28
2657,1490,2024-09-25 04:57:00,64.16,success,0.96
2658,1493,2023-06-12 23:19:00,594.83,success,8.92
2659,1498,2023-12-02 13:27:00,10.09,success,0.15
2660,1498,2023-10-26 13:27:00,760.44,success,11.41
2661,1498,2023-10-28 13:27:00,352.27,success,5.28
2662,1498,2023-10-16 13:27:00,931.59,success,13.97
2663,1499,2023-06-11 16:33:00,65.77,success,0.99
2664,1499,2023-04-15 16:33:00,509.73,success,7.65
2665,1499,2023-03-20 16:33:00,544.58,failed,0.0
2666,1505,2024-02-24 00:54:00,1350.51,success,20.26
2667,1505,2024-02-26 00:54:00,333.01,success,5.0
2668,1505,2024-03-02 00:54:00,12.67,success,0.19
2669,1505,2023-12-21 00:54:00,6.62,success,0.1
2670,1505,2024-02-22 00:54:00,1001.45,success,15.02
2671,1505,2024-03-19 00:54:00,398.92,failed,0.0
2672,1505,2024-02-10 00:54:00,15.37,success,0.23
2673,1507,2023-08-31 14:12:00,9.72,success,0.15
2674,1507,2023-07-20 14:12:00,1695.16,success,25.43
2675,1507,2023-07-09 14:12:00,9.95,success,0.15
2676,1511,2024-11-06 14:23:00,129.4,success,1.94
2677,1511,2024-09-15 14:23:00,1959.88,success,29.4
2678,1511,2024-10-14 14:23:00,689.41,failed,0.0
2679,1511,2024-10-07 14:23:00,1595.72,success,23.94
2680,1511,2024-10-21 14:23:00,11.67,success,0.18
2681,1511,2024-11-14 14:23:00,9.66,success,0.14
2682,1511,2024-11-09 14:23:00,803.21,success,12.05
2683,1513,2023-11-15 14:31:00,1255.07,success,18.83
2684,1513,2024-01-14 14:31:00,10.45,failed,0.0
2685,1513,2023-11-26 14:31:00,203.31,success,3.05
2686,1518,2024-02-26 11:19:00,17.35,success,0.26
2687,1518,2024-01-07 11:19:00,9.21,success,0.14
2688,1518,2024-01-20 11:19:00,320.27,success,4.8
2689,1518,2024-02-06 11:19:00,1998.86,success,29.98
2690,1518,2024-02-09 11:19:00,11.71,success,0.18
2691,1518,2024-01-15 11:19:00,473.33,failed,0.0
2692,1522,2023-05-09 22:16:00,961.38,success,14.42
2693,1526,2023-11-23 12:49:00,780.43,success,11.71
2694,1526,2023-10-03 12:49:00,16.82,failed,0.0
2695,1526,2023-11-02 12:49:00,11.02,failed,0.0
2696,1526,2023-12-11 12:49:00,1458.84,success,21.88
2697,1526,2023-09-19 12:49:00,5.23,success,0.08
2698,1526,2023-11-10 12:49:00,168.75,failed,0.0
2699,1526,2023-11-30 12:49:00,174.99,failed,0.0
2700,1526,2023-11-07 12:49:00,1791.0,success,26.86
2701,1527,2023-09-26 11:22:00,1288.1,success,19.32
2702,1527,2023-11-27 11:22:00,7.4,success,0.11
2703,1527,2023-11-16 11:22:00,850.57,success,12.76
2704,1527,2023-10-17 11:22:00,471.49,failed,0.0
2705,1527,2023-11-04 11:22:00,12.96,success,0.19
2706,1531,2024-11-05 00:19:00,19.17,success,0.29
2707,1531,2024-11-15 00:19:00,1476.23,success,22.14
2708,1531,2024-10-18 00:19:00,1083.27,success,16.25
2709,1533,2024-12-05 11:00:00,206.64,success,3.1
2710,1533,2025-02-19 11:00:00,1912.57,success,28.69
2711,1533,2024-11-30 11:00:00,12.67,success,0.19
2712,1533,2025-01-15 11:00:00,838.8,success,12.58
2713,1533,2024-12-28 11:00:00,497.01,success,7.46
2714,1533,2024-12-16 11:00:00,135.55,failed,0.0
2715,1533,2025-01-31 11:00:00,16.15,success,0.24
2716,1533,2025-01-11 11:00:00,326.45,failed,0.0
2717,1535,2023-10-07 07:30:00,1113.5,success,16.7
2718,1535,2023-10-10 07:30:00,19.99,success,0.3
2719,1537,2023-06-01 00:38:00,272.92,failed,0.0
2720,1537,2023-05-07 00:38:00,421.33,failed,0.0
2721,1537,2023-04-27 00:38:00,850.46,failed,0.0
2722,1537,2023-03-28 00:38:00,398.85,success,5.98
2723,1537,2023-05-09 00:38:00,6.4,success,0.1
2724,1537,2023-06-08 00:38:00,1780.58,success,26.71
2725,1537,2023-05-30 00:38:00,1579.11,success,23.69
2726,1537,2023-05-22 00:38:00,12.32,success,0.18
2727,1542,2025-01-08 16:53:00,165.07,success,2.48
2728,1542,2024-12-29 16:53:00,121.55,failed,0.0
2729,1542,2025-01-20 16:53:00,863.2,success,12.95
2730,1542,2024-12-19 16:53:00,93.38,success,1.4
2731,1542,2025-02-17 16:53:00,10.61,success,0.16
2732,1545,2023-09-30 03:24:00,1224.39,success,18.37
2733,1545,2023-11-21 03:24:00,286.01,success,4.29
2734,1545,2023-10-08 03:24:00,676.23,failed,0.0
2735,1545,2023-10-22 03:24:00,19.17,success,0.29
2736,1545,2023-12-08 03:24:00,14.61,success,0.22
2737,1545,2023-11-09 03:24:00,19.5,failed,0.0
2738,1549,2024-03-15 17:50:00,1619.57,success,24.29
2739,1550,2023-07-22 06:12:00,997.25,success,14.96
2740,1550,2023-07-17 06:12:00,137.8,success,2.07
2741,1550,2023-05-20 06:12:00,11.58,success,0.17
2742,1550,2023-06-01 06:12:00,64.18,success,0.96
2743,1551,2024-09-08 18:49:00,249.13,success,3.74
2744,1551,2024-09-03 18:49:00,18.64,failed,0.0
2745,1551,2024-10-08 18:49:00,10.85,success,0.16
2746,1552,2025-03-11 18:15:00,432.96,success,6.49
2747,1552,2025-03-24 18:15:00,1300.09,failed,0.0
2748,1552,2025-03-20 18:15:00,11.17,success,0.17
2749,1552,2025-01-10 18:15:00,1980.39,success,29.71
2750,1557,2025-02-25 21:45:00,1544.45,success,23.17
2751,1557,2025-02-23 21:45:00,1814.83,success,27.22
2752,1557,2025-02-06 21:45:00,85.25,success,1.28
2753,1558,2024-10-04 06:59:00,324.24,failed,0.0
2754,1558,2024-09-21 06:59:00,17.54,success,0.26
2755,1558,2024-09-26 06:59:00,347.66,success,5.21
2756,1559,2024-09-18 18:04:00,10.89,success,0.16
2757,1559,2024-07-09 18:04:00,1377.67,success,20.67
2758,1559,2024-09-13 18:04:00,167.98,success,2.52
2759,1560,2024-12-22 17:43:00,514.0,success,7.71
2760,1561,2024-06-16 12:20:00,6.25,success,0.09
2761,1561,2024-06-26 12:20:00,18.3,success,0.27
2762,1561,2024-05-23 12:20:00,129.4,success,1.94
2763,1561,2024-04-08 12:20:00,339.4,success,5.09
2764,1561,2024-06-19 12:20:00,1119.06,success,16.79
2765,1561,2024-06-14 12:20:00,113.34,success,1.7
2766,1561,2024-05-03 12:20:00,134.39,success,2.02
2767,1561,2024-06-10 12:20:00,1048.39,success,15.73
2768,1562,2023-11-26 07:26:00,1910.36,success,28.66
2769,1562,2023-10-24 07:26:00,297.94,success,4.47
2770,1562,2023-10-02 07:26:00,1912.07,success,28.68
2771,1562,2023-11-04 07:26:00,1738.95,failed,0.0
2772,1562,2023-10-10 07:26:00,6.0,success,0.09
2773,1562,2023-11-16 07:26:00,365.98,success,5.49
2774,1562,2023-12-04 07:26:00,16.9,success,0.25
2775,1562,2023-11-15 07:26:00,432.32,success,6.48
2776,1563,2023-04-17 23:21:00,620.5,failed,0.0
2777,1563,2023-03-19 23:21:00,408.07,success,6.12
2778,1563,2023-03-02 23:21:00,291.47,success,4.37
2779,1563,2023-03-12 23:21:00,1935.72,failed,0.0
2780,1567,2023-12-22 01:19:00,15.96,success,0.24
2781,1567,2023-12-16 01:19:00,7.08,success,0.11
2782,1567,2023-10-03 01:19:00,1945.68,failed,0.0
2783,1568,2024-10-16 00:12:00,17.71,success,0.27
2784,1568,2024-12-30 00:12:00,1756.84,success,26.35
2785,1568,2024-10-27 00:12:00,963.66,success,14.45
2786,1568,2024-10-24 00:12:00,1078.02,success,16.17
2787,1568,2024-11-16 00:12:00,18.87,success,0.28
2788,1568,2024-12-07 00:12:00,1392.39,success,20.89
2789,1568,2024-12-28 00:12:00,287.17,success,4.31
2790,1568,2024-11-07 00:12:00,519.23,success,7.79
2791,1570,2024-11-10 07:26:00,16.63,success,0.25
2792,1570,2024-10-28 07:26:00,138.22,failed,0.0
2793,1572,2023-08-31 06:29:00,185.95,success,2.79
2794,1572,2023-09-02 06:29:00,52.42,success,0.79
2795,1572,2023-10-10 06:29:00,11.78,success,0.18
2796,1572,2023-09-03 06:29:00,105.92,success,1.59
2797,1572,2023-08-18 06:29:00,1425.77,failed,0.0
2798,1577,2025-03-06 03:35:00,540.31,success,8.1
2799,1577,2025-02-01 03:35:00,18.68,success,0.28
2800,1578,2024-04-06 00:27:00,1609.16,success,24.14
2801,1578,2024-05-06 00:27:00,902.44,success,13.54
2802,1578,2024-05-16 00:27:00,14.76,success,0.22
2803,1579,2025-01-31 10:45:00,173.02,failed,0.0
2804,1579,2025-03-15 10:45:00,991.78,success,14.88
2805,1579,2025-02-14 10:45:00,343.2,success,5.15
2806,1579,2025-03-09 10:45:00,1480.74,failed,0.0
2807,1579,2024-12-27 10:45:00,11.35,success,0.17
2808,1579,2025-02-18 10:45:00,732.97,success,10.99
2809,1580,2025-01-14 06:09:00,99.15,success,1.49
2810,1580,2025-01-11 06:09:00,464.55,success,6.97
2811,1580,2025-03-08 06:09:00,204.72,failed,0.0
2812,1581,2025-01-17 07:53:00,541.22,success,8.12
2813,1581,2024-12-25 07:53:00,7.4,success,0.11
2814,1581,2025-01-04 07:53:00,14.93,success,0.22
2815,1581,2025-01-07 07:53:00,8.27,success,0.12
2816,1587,2024-06-23 01:53:00,461.37,success,6.92
2817,1587,2024-07-24 01:53:00,323.79,success,4.86
2818,1587,2024-08-05 01:53:00,1479.73,success,22.2
2819,1587,2024-07-04 01:53:00,1244.77,failed,0.0
2820,1587,2024-08-17 01:53:00,19.19,success,0.29
2821,1587,2024-06-13 01:53:00,1755.05,success,26.33
2822,1588,2024-02-02 23:26:00,1267.08,success,19.01
2823,1588,2024-02-07 23:26:00,345.83,success,5.19
2824,1588,2024-02-09 23:26:00,13.2,success,0.2
2825,1588,2024-03-16 23:26:00,135.72,success,2.04
2826,1588,2024-03-17 23:26:00,19.6,success,0.29
2827,1588,2024-02-01 23:26:00,5.96,failed,0.0
2828,1588,2024-02-17 23:26:00,444.12,success,6.66
2829,1588,2024-02-11 23:26:00,361.73,success,5.43
2830,1594,2024-06-29 21:22:00,364.48,success,5.47
2831,1594,2024-06-28 21:22:00,1240.1,success,18.6
2832,1594,2024-09-08 21:22:00,15.99,failed,0.0
2833,1594,2024-07-19 21:22:00,186.7,success,2.8
2834,1594,2024-07-09 21:22:00,757.85,failed,0.0
2835,1594,2024-09-09 21:22:00,381.35,success,5.72
2836,1594,2024-06-29 21:22:00,405.19,success,6.08
2837,1595,2023-06-03 20:23:00,421.06,success,6.32
2838,1595,2023-05-19 20:23:00,13.13,success,0.2
2839,1595,2023-04-24 20:23:00,6.9,success,0.1
2840,1595,2023-04-24 20:23:00,1777.28,success,26.66
2841,1595,2023-04-23 20:23:00,1289.54,success,19.34
2842,1595,2023-04-27 20:23:00,1933.47,success,29.0
2843,1595,2023-04-29 20:23:00,850.54,failed,0.0
2844,1596,2023-06-17 21:58:00,11.23,success,0.17
2845,1596,2023-04-11 21:58:00,705.19,success,10.58
2846,1596,2023-04-28 21:58:00,8.59,success,0.13
2847,1596,2023-05-15 21:58:00,376.64,success,5.65
2848,1596,2023-06-22 21:58:00,245.41,success,3.68
2849,1596,2023-04-09 21:58:00,368.74,failed,0.0
2850,1598,2025-01-11 01:39:00,286.14,success,4.29
2851,1598,2025-01-08 01:39:00,334.9,success,5.02
2852,1598,2025-01-12 01:39:00,345.23,failed,0.0
2853,1598,2024-12-05 01:39:00,271.34,success,4.07
2854,1598,2025-02-21 01:39:00,399.19,success,5.99
2855,1598,2024-12-18 01:39:00,1772.14,failed,0.0
2856,1599,2023-08-24 23:58:00,17.84,failed,0.0
2857,1599,2023-10-03 23:58:00,953.03,success,14.3
2858,1601,2023-09-15 00:26:00,1885.95,success,28.29
2859,1601,2023-09-15 00:26:00,1003.2,success,15.05
2860,1601,2023-10-04 00:26:00,1443.25,failed,0.0
2861,1601,2023-09-07 00:26:00,7.47,failed,0.0
2862,1601,2023-08-28 00:26:00,11.39,success,0.17
2863,1606,2024-01-15 13:18:00,18.41,success,0.28
2864,1606,2024-01-19 13:18:00,1429.08,failed,0.0
2865,1606,2024-02-29 13:18:00,680.15,success,10.2
2866,1606,2023-12-10 13:18:00,13.8,success,0.21
2867,1606,2023-12-09 13:18:00,419.64,success,6.29
2868,1606,2023-12-24 13:18:00,15.92,success,0.24
2869,1609,2023-10-09 20:10:00,11.84,failed,0.0
2870,1609,2023-10-18 20:10:00,1451.1,success,21.77
2871,1609,2023-09-26 20:10:00,1051.47,success,15.77
2872,1609,2023-11-18 20:10:00,8.63,success,0.13
2873,1609,2023-09-30 20:10:00,1542.09,failed,0.0
2874,1609,2023-10-07 20:10:00,385.6,success,5.78
2875,1609,2023-12-01 20:10:00,1798.12,success,26.97
2876,1610,2024-10-16 02:22:00,16.63,success,0.25
2877,1611,2023-07-28 14:10:00,18.3,success,0.27
2878,1611,2023-06-09 14:10:00,245.31,success,3.68
2879,1611,2023-08-21 14:10:00,541.08,success,8.12
2880,1611,2023-06-22 14:10:00,16.02,success,0.24
2881,1611,2023-06-03 14:10:00,362.33,success,5.43
2882,1611,2023-07-23 14:10:00,19.44,success,0.29
2883,1611,2023-06-26 14:10:00,635.2,success,9.53
2884,1611,2023-06-14 14:10:00,15.69,success,0.24
2885,1614,2023-07-01 23:00:00,13.23,success,0.2
2886,1614,2023-06-28 23:00:00,868.92,failed,0.0
2887,1614,2023-04-30 23:00:00,1115.87,failed,0.0
2888,1614,2023-05-02 23:00:00,143.98,success,2.16
2889,1614,2023-05-23 23:00:00,470.95,success,7.06
2890,1614,2023-06-16 23:00:00,170.38,failed,0.0
2891,1614,2023-07-21 23:00:00,18.98,success,0.28
2892,1615,2024-09-01 02:10:00,115.58,success,1.73
2893,1615,2024-09-11 02:10:00,446.96,success,6.7
2894,1615,2024-08-31 02:10:00,17.34,failed,0.0
2895,1615,2024-07-27 02:10:00,459.68,success,6.9
2896,1615,2024-06-29 02:10:00,15.14,success,0.23
2897,1615,2024-08-18 02:10:00,19.06,success,0.29
2898,1615,2024-08-23 02:10:00,1362.55,success,20.44
2899,1616,2024-04-02 09:53:00,1286.03,success,19.29
2900,1616,2024-04-03 09:53:00,124.79,success,1.87
2901,1616,2024-03-26 09:53:00,79.27,failed,0.0
2902,1616,2024-03-01 09:53:00,1948.05,success,29.22
2903,1616,2024-03-03 09:53:00,9.82,success,0.15
2904,1616,2024-02-12 09:53:00,5.76,failed,0.0
2905,1616,2024-03-19 09:53:00,761.71,success,11.43
2906,1623,2023-08-14 10:14:00,7.53,success,0.11
2907,1623,2023-08-30 10:14:00,9.13,success,0.14
2908,1623,2023-08-28 10:14:00,88.38,success,1.33
2909,1625,2023-08-11 11:08:00,9.75,success,0.15
2910,1625,2023-06-29 11:08:00,466.47,success,7.0
2911,1625,2023-07-31 11:08:00,50.65,success,0.76
2912,1625,2023-05-14 11:08:00,1811.58,failed,0.0
2913,1626,2023-05-01 15:34:00,309.29,success,4.64
2914,1626,2023-05-17 15:34:00,249.13,success,3.74
2915,1626,2023-05-28 15:34:00,728.88,success,10.93
2916,1626,2023-05-05 15:34:00,1714.98,success,25.72
2917,1626,2023-05-23 15:34:00,13.93,success,0.21
2918,1627,2023-07-19 18:09:00,1896.79,success,28.45
2919,1627,2023-09-08 18:09:00,1091.73,failed,0.0
2920,1627,2023-08-14 18:09:00,1324.92,success,19.87
2921,1627,2023-07-01 18:09:00,19.76,failed,0.0
2922,1627,2023-07-07 18:09:00,559.35,failed,0.0
2923,1629,2023-12-07 03:08:00,421.43,success,6.32
2924,1629,2023-11-25 03:08:00,717.71,success,10.77
2925,1629,2023-11-24 03:08:00,354.25,success,5.31
2926,1629,2023-12-29 03:08:00,1166.03,success,17.49
2927,1629,2023-10-24 03:08:00,433.71,success,6.51
2928,1630,2024-02-26 04:30:00,1146.76,success,17.2
2929,1630,2024-02-07 04:30:00,1765.04,success,26.48
2930,1630,2024-01-02 04:30:00,332.35,success,4.99
2931,1633,2023-05-05 06:58:00,412.14,success,6.18
2932,1633,2023-05-13 06:58:00,906.66,success,13.6
2933,1634,2023-06-18 08:19:00,460.1,success,6.9
2934,1634,2023-04-28 08:19:00,18.21,success,0.27
2935,1634,2023-07-08 08:19:00,493.84,success,7.41
2936,1634,2023-06-16 08:19:00,1933.54,success,29.0
2937,1634,2023-07-23 08:19:00,1349.83,failed,0.0
2938,1634,2023-05-04 08:19:00,1023.94,failed,0.0
2939,1634,2023-04-26 08:19:00,1762.52,success,26.44
2940,1635,2023-09-01 07:54:00,1642.91,failed,0.0
2941,1635,2023-08-29 07:54:00,19.02,success,0.29
2942,1635,2023-10-24 07:54:00,202.65,success,3.04
2943,1635,2023-08-18 07:54:00,119.02,success,1.79
2944,1635,2023-09-24 07:54:00,339.49,success,5.09
2945,1635,2023-08-29 07:54:00,1821.28,success,27.32
2946,1635,2023-09-27 07:54:00,406.48,success,6.1
2947,1635,2023-08-22 07:54:00,1231.46,success,18.47
2948,1636,2024-12-26 21:53:00,13.25,success,0.2
2949,1636,2024-12-10 21:53:00,946.42,success,14.2
2950,1636,2024-10-27 21:53:00,6.49,success,0.1
2951,1636,2024-11-30 21:53:00,1279.45,success,19.19
2952,1636,2024-10-13 21:53:00,1831.1,success,27.47
2953,1637,2024-08-24 23:59:00,15.04,success,0.23
2954,1637,2024-08-26 23:59:00,1942.6,success,29.14
2955,1637,2024-09-07 23:59:00,257.28,success,3.86
2956,1637,2024-10-05 23:59:00,199.51,failed,0.0
2957,1637,2024-11-02 23:59:00,13.11,success,0.2
2958,1637,2024-09-12 23:59:00,409.41,failed,0.0
2959,1637,2024-11-02 23:59:00,16.82,success,0.25
2960,1637,2024-10-14 23:59:00,5.26,success,0.08
2961,1641,2024-07-14 11:36:00,437.13,failed,0.0
2962,1641,2024-04-28 11:36:00,7.6,success,0.11
2963,1641,2024-05-30 11:36:00,19.07,success,0.29
2964,1641,2024-07-16 11:36:00,1391.89,success,20.88
2965,1641,2024-07-18 11:36:00,363.49,success,5.45
2966,1645,2023-11-27 12:05:00,8.92,success,0.13
2967,1645,2023-11-19 12:05:00,1984.25,success,29.76
2968,1645,2024-01-07 12:05:00,16.34,success,0.25
2969,1645,2023-12-25 12:05:00,1785.67,success,26.79
2970,1646,2024-04-01 22:32:00,11.5,success,0.17
2971,1646,2024-05-11 22:32:00,378.57,success,5.68
2972,1646,2024-05-21 22:32:00,1077.94,failed,0.0
2973,1646,2024-03-31 22:32:00,18.71,success,0.28
2974,1646,2024-05-14 22:32:00,488.02,success,7.32
2975,1646,2024-03-20 22:32:00,611.01,success,9.17
2976,1646,2024-04-30 22:32:00,153.55,success,2.3
2977,1646,2024-03-28 22:32:00,396.18,success,5.94
2978,1647,2025-01-05 16:48:00,136.9,success,2.05
2979,1647,2025-02-05 16:48:00,10.51,success,0.16
2980,1647,2024-12-24 16:48:00,266.38,success,4.0
2981,1647,2025-01-26 16:48:00,13.04,success,0.2
2982,1647,2025-01-31 16:48:00,138.77,success,2.08
2983,1647,2024-11-15 16:48:00,288.73,success,4.33
2984,1648,2024-04-01 08:55:00,11.13,success,0.17
2985,1648,2024-05-14 08:55:00,17.01,failed,0.0
2986,1648,2024-03-30 08:55:00,414.5,success,6.22
2987,1649,2024-03-19 14:04:00,1203.29,success,18.05
2988,1649,2024-04-05 14:04:00,1532.25,success,22.98
2989,1649,2024-02-23 14:04:00,548.88,success,8.23
2990,1651,2023-10-11 21:22:00,1414.17,success,21.21
2991,1651,2023-10-21 21:22:00,16.03,success,0.24
2992,1651,2023-11-16 21:22:00,15.3,success,0.23
2993,1651,2023-12-04 21:22:00,8.21,success,0.12
2994,1651,2023-10-22 21:22:00,18.07,failed,0.0
2995,1651,2023-12-05 21:22:00,643.32,failed,0.0
2996,1651,2023-12-13 21:22:00,347.1,failed,0.0
2997,1651,2023-10-06 21:22:00,200.97,success,3.01
2998,1652,2023-12-19 19:30:00,736.65,success,11.05
2999,1652,2023-12-02 19:30:00,117.94,success,1.77
3000,1652,2023-10-01 19:30:00,8.37,success,0.13
3001,1656,2023-05-13 08:47:00,19.43,success,0.29
3002,1656,2023-06-20 08:47:00,764.69,success,11.47
3003,1656,2023-05-11 08:47:00,10.61,success,0.16
3004,1657,2024-10-22 19:53:00,1340.9,success,20.11
3005,1657,2024-11-21 19:53:00,1225.24,success,18.38
3006,1657,2025-01-15 19:53:00,18.1,success,0.27
3007,1657,2024-12-03 19:53:00,1814.48,success,27.22
3008,1657,2025-01-14 19:53:00,12.94,failed,0.0
3009,1657,2024-10-23 19:53:00,14.94,success,0.22
3010,1659,2024-08-29 16:53:00,18.16,success,0.27
3011,1659,2024-08-30 16:53:00,577.23,success,8.66
3012,1659,2024-08-12 16:53:00,19.34,success,0.29
3013,1669,2023-12-27 18:48:00,13.16,success,0.2
3014,1669,2023-12-27 18:48:00,848.55,success,12.73
3015,1669,2023-12-31 18:48:00,325.45,success,4.88
3016,1673,2024-05-27 23:38:00,1881.43,success,28.22
3017,1673,2024-03-28 23:38:00,1910.98,success,28.66
3018,1677,2023-10-26 04:15:00,445.32,success,6.68
3019,1677,2023-10-04 04:15:00,15.29,success,0.23
3020,1682,2024-01-09 22:17:00,997.32,success,14.96
3021,1682,2024-02-03 22:17:00,462.08,success,6.93
3022,1682,2024-02-25 22:17:00,14.05,success,0.21
3023,1684,2025-02-21 01:30:00,434.9,success,6.52
3024,1684,2025-02-19 01:30:00,10.31,success,0.15
3025,1684,2025-02-14 01:30:00,1775.74,success,26.64
3026,1684,2025-03-27 01:30:00,15.1,success,0.23
3027,1684,2025-03-27 01:30:00,19.98,success,0.3
3028,1684,2025-01-23 01:30:00,57.97,success,0.87
3029,1687,2023-04-15 09:27:00,996.57,success,14.95
3030,1687,2023-04-02 09:27:00,8.69,success,0.13
3031,1687,2023-03-25 09:27:00,19.73,failed,0.0
3032,1687,2023-05-30 09:27:00,267.59,success,4.01
3033,1687,2023-05-30 09:27:00,1449.33,success,21.74
3034,1687,2023-03-11 09:27:00,1460.31,success,21.9
3035,1687,2023-05-18 09:27:00,421.21,success,6.32
3036,1687,2023-04-02 09:27:00,342.79,success,5.14
3037,1689,2023-09-15 11:05:00,516.95,success,7.75
3038,1689,2023-08-19 11:05:00,427.67,success,6.42
3039,1689,2023-08-01 11:05:00,1958.62,success,29.38
3040,1689,2023-08-22 11:05:00,5.96,failed,0.0
3041,1689,2023-07-15 11:05:00,16.77,success,0.25
3042,1689,2023-09-04 11:05:00,9.39,failed,0.0
3043,1689,2023-07-26 11:05:00,447.81,success,6.72
3044,1691,2024-01-26 08:53:00,159.88,success,2.4
3045,1691,2024-02-11 08:53:00,13.24,success,0.2
3046,1691,2024-01-10 08:53:00,1663.43,failed,0.0
3047,1691,2024-01-17 08:53:00,16.93,success,0.25
3048,1691,2024-03-24 08:53:00,12.92,failed,0.0
3049,1692,2025-02-15 02:56:00,1051.84,failed,0.0
3050,1692,2025-02-02 02:56:00,13.11,failed,0.0
3051,1692,2025-03-07 02:56:00,11.95,success,0.18
3052,1693,2024-08-13 18:31:00,7.14,failed,0.0
3053,1693,2024-09-06 18:31:00,1498.27,success,22.47
3054,1694,2023-10-31 02:26:00,98.43,success,1.48
3055,1694,2023-09-22 02:26:00,1035.31,success,15.53
3056,1694,2023-11-22 02:26:00,17.1,success,0.26
3057,1694,2023-11-11 02:26:00,485.97,success,7.29
3058,1694,2023-11-20 02:26:00,358.96,success,5.38
3059,1694,2023-09-12 02:26:00,7.7,success,0.12
3060,1694,2023-09-11 02:26:00,874.49,success,13.12
3061,1694,2023-09-19 02:26:00,121.32,success,1.82
3062,1699,2024-03-17 01:33:00,1097.91,success,16.47
3063,1699,2024-05-11 01:33:00,58.02,success,0.87
3064,1699,2024-02-16 01:33:00,1927.23,success,28.91
3065,1699,2024-04-05 01:33:00,390.54,success,5.86
3066,1699,2024-05-03 01:33:00,333.2,failed,0.0
3067,1699,2024-02-25 01:33:00,17.23,success,0.26
3068,1702,2024-09-09 02:05:00,5.42,success,0.08
3069,1702,2024-09-29 02:05:00,260.38,success,3.91
3070,1702,2024-09-25 02:05:00,1785.22,success,26.78
3071,1702,2024-08-08 02:05:00,5.85,success,0.09
3072,1702,2024-10-11 02:05:00,320.77,success,4.81
3073,1702,2024-07-28 02:05:00,1965.57,success,29.48
3074,1702,2024-10-13 02:05:00,1461.67,success,21.93
3075,1702,2024-08-27 02:05:00,320.89,success,4.81
3076,1709,2024-02-04 13:16:00,1607.33,success,24.11
3077,1712,2023-11-21 10:50:00,17.74,failed,0.0
3078,1713,2024-06-16 07:50:00,1995.29,success,29.93
3079,1713,2024-07-20 07:50:00,1839.84,success,27.6
3080,1713,2024-09-07 07:50:00,8.08,success,0.12
3081,1716,2023-11-21 19:18:00,275.21,success,4.13
3082,1716,2023-10-09 19:18:00,10.31,success,0.15
3083,1716,2023-12-13 19:18:00,15.68,success,0.24
3084,1716,2023-11-28 19:18:00,981.83,success,14.73
3085,1718,2023-07-25 12:24:00,1227.48,success,18.41
3086,1718,2023-08-19 12:24:00,305.6,success,4.58
3087,1718,2023-09-23 12:24:00,194.98,success,2.92
3088,1722,2023-11-04 00:21:00,161.2,success,2.42
3089,1725,2024-07-29 12:32:00,7.76,failed,0.0
3090,1725,2024-06-06 12:32:00,12.59,success,0.19
3091,1725,2024-07-08 12:32:00,172.74,failed,0.0
3092,1726,2024-02-23 02:37:00,14.5,success,0.22
3093,1736,2023-09-20 23:47:00,1175.58,failed,0.0
3094,1736,2023-08-18 23:47:00,324.87,success,4.87
3095,1736,2023-08-23 23:47:00,1142.7,success,17.14
3096,1736,2023-09-22 23:47:00,9.66,failed,0.0
3097,1736,2023-06-29 23:47:00,705.66,success,10.58
3098,1736,2023-08-15 23:47:00,12.77,success,0.19
3099,1736,2023-08-11 23:47:00,1149.12,success,17.24
3100,1736,2023-09-01 23:47:00,443.42,success,6.65
3101,1738,2023-05-04 20:20:00,1465.09,success,21.98
3102,1738,2023-04-04 20:20:00,1528.19,success,22.92
3103,1738,2023-04-23 20:20:00,1415.5,success,21.23
3104,1738,2023-04-18 20:20:00,18.79,success,0.28
3105,1738,2023-04-30 20:20:00,7.76,success,0.12
3106,1738,2023-04-18 20:20:00,7.7,success,0.12
3107,1740,2023-10-22 06:50:00,134.12,success,2.01
3108,1740,2023-11-22 06:50:00,597.25,success,8.96
3109,1740,2023-10-16 06:50:00,14.32,success,0.21
3110,1743,2024-02-10 02:35:00,1559.69,success,23.4
3111,1743,2024-01-29 02:35:00,7.8,success,0.12
3112,1752,2023-06-29 00:17:00,18.77,failed,0.0
3113,1753,2023-03-24 03:23:00,59.39,success,0.89
3114,1753,2023-02-22 03:23:00,19.65,success,0.29
3115,1753,2023-03-04 03:23:00,383.88,success,5.76
3116,1754,2024-02-08 02:31:00,560.56,success,8.41
3117,1754,2024-02-03 02:31:00,513.81,success,7.71
3118,1754,2024-03-09 02:31:00,221.79,success,3.33
3119,1754,2023-12-28 02:31:00,1248.87,success,18.73
3120,1755,2024-11-08 03:15:00,465.53,success,6.98
3121,1755,2024-10-08 03:15:00,1228.08,success,18.42
3122,1755,2024-09-20 03:15:00,705.66,success,10.58
3123,1755,2024-09-26 03:15:00,346.15,success,5.19
3124,1755,2024-10-03 03:15:00,497.91,success,7.47
3125,1756,2024-11-10 07:09:00,13.2,failed,0.0
3126,1756,2024-10-09 07:09:00,216.02,success,3.24
3127,1756,2024-11-07 07:09:00,1215.12,success,18.23
3128,1756,2024-11-08 07:09:00,12.67,success,0.19
3129,1756,2024-11-02 07:09:00,1241.27,success,18.62
3130,1756,2024-11-30 07:09:00,1786.28,success,26.79
3131,1756,2024-12-11 07:09:00,1695.87,failed,0.0
3132,1757,2024-04-19 01:43:00,12.26,success,0.18
3133,1757,2024-04-19 01:43:00,144.5,success,2.17
3134,1757,2024-03-21 01:43:00,15.46,success,0.23
3135,1757,2024-04-04 01:43:00,15.89,success,0.24
3136,1757,2024-01-25 01:43:00,145.57,success,2.18
3137,1757,2024-02-13 01:43:00,933.51,success,14.0
3138,1757,2024-02-23 01:43:00,88.66,failed,0.0
3139,1757,2024-03-17 01:43:00,424.84,failed,0.0
3140,1759,2023-10-17 06:33:00,418.26,success,6.27
3141,1759,2023-10-01 06:33:00,10.85,success,0.16
3142,1759,2023-11-03 06:33:00,876.35,failed,0.0
3143,1759,2023-10-07 06:33:00,1868.38,success,28.03
3144,1759,2023-10-19 06:33:00,893.93,success,13.41
3145,1759,2023-12-12 06:33:00,1382.78,success,20.74
3146,1759,2023-11-11 06:33:00,311.23,failed,0.0
3147,1759,2023-10-29 06:33:00,14.45,failed,0.0
3148,1760,2023-06-26 09:06:00,56.55,success,0.85
3149,1761,2024-03-17 07:06:00,438.13,success,6.57
3150,1761,2024-02-28 07:06:00,13.35,success,0.2
3151,1761,2024-03-26 07:06:00,571.99,success,8.58
3152,1761,2024-03-04 07:06:00,9.44,success,0.14
3153,1761,2024-03-09 07:06:00,1497.26,success,22.46
3154,1761,2024-03-22 07:06:00,18.76,success,0.28
3155,1764,2023-07-22 05:47:00,146.0,success,2.19
3156,1770,2024-07-26 22:58:00,397.23,success,5.96
3157,1770,2024-07-28 22:58:00,94.45,success,1.42
3158,1770,2024-07-15 22:58:00,7.14,failed,0.0
3159,1770,2024-08-09 22:58:00,1198.89,success,17.98
3160,1770,2024-07-05 22:58:00,73.31,success,1.1
3161,1770,2024-06-24 22:58:00,96.46,success,1.45
3162,1770,2024-07-19 22:58:00,15.4,success,0.23
3163,1770,2024-07-18 22:58:00,120.07,failed,0.0
3164,1771,2024-04-27 06:24:00,880.79,success,13.21
3165,1771,2024-06-23 06:24:00,916.64,success,13.75
3166,1771,2024-05-02 06:24:00,1769.43,success,26.54
3167,1771,2024-04-18 06:24:00,5.26,success,0.08
3168,1771,2024-06-24 06:24:00,8.42,success,0.13
3169,1771,2024-06-09 06:24:00,1685.47,success,25.28
3170,1772,2023-10-04 11:58:00,137.73,success,2.07
3171,1772,2023-10-05 11:58:00,191.13,success,2.87
3172,1772,2023-09-23 11:58:00,128.33,success,1.92
3173,1772,2023-09-30 11:58:00,444.16,success,6.66
3174,1772,2023-11-07 11:58:00,522.61,failed,0.0
3175,1772,2023-10-24 11:58:00,6.59,success,0.1
3176,1772,2023-09-25 11:58:00,1758.38,success,26.38
3177,1773,2023-10-02 07:18:00,166.88,success,2.5
3178,1773,2023-09-27 07:18:00,410.11,success,6.15
3179,1775,2023-05-04 18:11:00,1765.52,success,26.48
3180,1775,2023-05-18 18:11:00,127.15,success,1.91
3181,1777,2024-08-02 12:16:00,1943.93,failed,0.0
3182,1777,2024-09-08 12:16:00,1810.65,success,27.16
3183,1777,2024-09-02 12:16:00,281.55,success,4.22
3184,1777,2024-07-24 12:16:00,1145.95,success,17.19
3185,1781,2024-02-15 01:34:00,227.96,success,3.42
3186,1782,2024-02-05 09:17:00,13.85,success,0.21
3187,1782,2024-02-06 09:17:00,8.79,success,0.13
3188,1784,2024-12-01 08:54:00,1238.29,success,18.57
3189,1784,2024-10-16 08:54:00,601.61,success,9.02
3190,1784,2024-11-27 08:54:00,17.2,success,0.26
3191,1784,2024-10-16 08:54:00,6.4,success,0.1
3192,1784,2024-10-16 08:54:00,13.07,success,0.2
3193,1784,2024-11-01 08:54:00,260.68,failed,0.0
3194,1784,2024-10-29 08:54:00,144.18,success,2.16
3195,1784,2024-11-07 08:54:00,788.43,success,11.83
3196,1787,2023-06-09 02:20:00,18.89,success,0.28
3197,1788,2024-05-05 16:41:00,15.42,success,0.23
3198,1792,2024-05-05 22:36:00,1939.64,failed,0.0
3199,1792,2024-04-20 22:36:00,1197.05,failed,0.0
3200,1792,2024-04-21 22:36:00,1673.12,success,25.1
3201,1792,2024-04-12 22:36:00,510.35,success,7.66
3202,1792,2024-06-21 22:36:00,1817.07,success,27.26
3203,1793,2023-12-27 02:09:00,8.49,success,0.13
3204,1793,2024-01-07 02:09:00,19.01,success,0.29
3205,1793,2023-12-11 02:09:00,738.7,success,11.08
3206,1797,2023-04-04 06:51:00,457.72,success,6.87
3207,1797,2023-04-26 06:51:00,1983.25,failed,0.0
3208,1802,2024-12-02 05:31:00,1470.27,success,22.05
3209,1802,2024-09-23 05:31:00,12.41,success,0.19
3210,1802,2024-12-01 05:31:00,430.83,success,6.46
3211,1802,2024-10-27 05:31:00,63.29,success,0.95
3212,1802,2024-11-08 05:31:00,5.21,success,0.08
3213,1802,2024-10-05 05:31:00,14.61,success,0.22
3214,1803,2023-06-14 19:49:00,1980.04,success,29.7
3215,1803,2023-05-30 19:49:00,1412.57,success,21.19
3216,1803,2023-07-06 19:49:00,670.19,failed,0.0
3217,1803,2023-06-04 19:49:00,7.9,success,0.12
3218,1803,2023-07-20 19:49:00,495.39,success,7.43
3219,1804,2024-03-30 00:54:00,287.97,success,4.32
3220,1804,2024-05-17 00:54:00,219.37,success,3.29
3221,1804,2024-03-20 00:54:00,5.68,success,0.09
3222,1808,2024-12-24 05:40:00,444.07,success,6.66
3223,1808,2025-01-20 05:40:00,10.45,success,0.16
3224,1808,2024-12-27 05:40:00,16.15,failed,0.0
3225,1809,2023-08-08 04:53:00,766.64,success,11.5
3226,1809,2023-06-04 04:53:00,826.54,success,12.4
3227,1809,2023-08-16 04:53:00,13.68,success,0.21
3228,1809,2023-08-03 04:53:00,920.19,success,13.8
3229,1809,2023-07-12 04:53:00,436.61,success,6.55
3230,1809,2023-08-26 04:53:00,1756.68,success,26.35
3231,1809,2023-05-31 04:53:00,467.98,success,7.02
3232,1810,2024-06-10 00:30:00,113.1,failed,0.0
3233,1810,2024-08-04 00:30:00,176.36,success,2.65
3234,1810,2024-06-30 00:30:00,10.13,success,0.15
3235,1815,2023-05-27 10:55:00,408.47,success,6.13
3236,1815,2023-06-14 10:55:00,168.95,success,2.53
3237,1815,2023-04-28 10:55:00,194.03,success,2.91
3238,1815,2023-05-08 10:55:00,11.84,success,0.18
3239,1816,2024-06-26 12:22:00,732.27,success,10.98
3240,1816,2024-06-04 12:22:00,1397.58,success,20.96
3241,1816,2024-06-13 12:22:00,15.05,success,0.23
3242,1816,2024-04-16 12:22:00,541.34,success,8.12
3243,1816,2024-05-16 12:22:00,208.61,success,3.13
3244,1816,2024-06-30 12:22:00,212.03,success,3.18
3245,1816,2024-07-07 12:22:00,18.43,failed,0.0
3246,1818,2024-06-30 20:20:00,12.88,success,0.19
3247,1820,2023-05-05 11:15:00,345.46,failed,0.0
3248,1820,2023-06-03 11:15:00,16.05,failed,0.0
3249,1820,2023-06-18 11:15:00,8.66,failed,0.0
3250,1820,2023-04-07 11:15:00,9.9,failed,0.0
3251,1820,2023-03-27 11:15:00,13.02,failed,0.0
3252,1820,2023-05-14 11:15:00,113.92,success,1.71
3253,1822,2024-10-28 01:40:00,17.35,success,0.26
3254,1822,2024-11-02 01:40:00,340.4,success,5.11
3255,1822,2024-09-04 01:40:00,15.99,failed,0.0
3256,1822,2024-08-29 01:40:00,1052.89,success,15.79
3257,1823,2024-07-01 18:25:00,16.49,failed,0.0
3258,1823,2024-07-08 18:25:00,81.54,success,1.22
3259,1823,2024-05-09 18:25:00,10.44,success,0.16
3260,1824,2025-03-04 09:57:00,1875.26,success,28.13
3261,1824,2025-01-31 09:57:00,18.51,success,0.28
3262,1824,2024-12-24 09:57:00,1451.68,success,21.78
3263,1829,2023-02-16 09:21:00,232.3,success,3.48
3264,1829,2023-03-25 09:21:00,276.68,success,4.15
3265,1829,2023-03-27 09:21:00,5.38,failed,0.0
3266,1829,2023-01-31 09:21:00,11.95,success,0.18
3267,1829,2023-02-12 09:21:00,18.46,success,0.28
3268,1829,2023-03-31 09:21:00,1649.26,failed,0.0
3269,1831,2024-09-26 11:50:00,209.36,success,3.14
3270,1831,2024-09-25 11:50:00,325.01,success,4.88
3271,1831,2024-07-19 11:50:00,334.55,success,5.02
3272,1831,2024-08-03 11:50:00,348.82,success,5.23
3273,1832,2023-01-28 02:32:00,5.92,success,0.09
3274,1837,2023-07-22 14:11:00,101.79,success,1.53
3275,1837,2023-06-10 14:11:00,348.58,failed,0.0
3276,1837,2023-08-05 14:11:00,1360.93,success,20.41
3277,1837,2023-07-26 14:11:00,1587.89,success,23.82
3278,1838,2023-12-25 06:32:00,1407.18,success,21.11
3279,1838,2023-10-26 06:32:00,408.59,success,6.13
3280,1838,2023-11-26 06:32:00,1031.81,success,15.48
3281,1838,2023-12-17 06:32:00,161.33,success,2.42
3282,1838,2023-11-18 06:32:00,17.04,success,0.26
3283,1838,2023-10-23 06:32:00,375.46,failed,0.0
3284,1838,2023-10-16 06:32:00,11.75,success,0.18
3285,1838,2023-10-30 06:32:00,693.35,failed,0.0
3286,1839,2023-10-31 11:20:00,5.62,success,0.08
3287,1839,2023-12-09 11:20:00,16.27,success,0.24
3288,1839,2023-12-15 11:20:00,183.01,success,2.75
3289,1841,2023-09-29 09:19:00,441.8,success,6.63
3290,1841,2023-12-06 09:19:00,9.62,success,0.14
3291,1841,2023-09-24 09:19:00,817.51,success,12.26
3292,1841,2023-12-11 09:19:00,704.65,success,10.57
3293,1841,2023-10-12 09:19:00,12.6,success,0.19
3294,1841,2023-10-07 09:19:00,5.5,success,0.08
3295,1842,2023-12-12 09:27:00,18.28,success,0.27
3296,1842,2023-11-28 09:27:00,1731.64,success,25.97
3297,1842,2023-11-04 09:27:00,9.62,success,0.14
3298,1842,2023-11-17 09:27:00,210.45,success,3.16
3299,1842,2023-11-07 09:27:00,16.35,success,0.25
3300,1842,2023-12-30 09:27:00,193.34,success,2.9
3301,1845,2024-10-19 10:20:00,418.43,success,6.28
3302,1845,2024-11-30 10:20:00,182.43,success,2.74
3303,1845,2024-10-07 10:20:00,1789.79,failed,0.0
3304,1845,2024-11-15 10:20:00,19.03,success,0.29
3305,1845,2024-11-09 10:20:00,1512.99,success,22.69
3306,1848,2024-03-19 09:07:00,17.65,failed,0.0
3307,1848,2024-02-07 09:07:00,1732.87,success,25.99
3308,1848,2024-03-10 09:07:00,13.71,success,0.21
3309,1848,2024-02-05 09:07:00,479.5,success,7.19
3310,1848,2024-02-09 09:07:00,544.01,success,8.16
3311,1850,2023-11-16 03:31:00,1420.27,success,21.3
3312,1850,2023-09-11 03:31:00,15.7,success,0.24
3313,1850,2023-09-19 03:31:00,1821.97,success,27.33
3314,1850,2023-11-25 03:31:00,877.84,success,13.17
3315,1850,2023-10-13 03:31:00,11.15,failed,0.0
3316,1850,2023-09-18 03:31:00,389.98,success,5.85
3317,1850,2023-10-04 03:31:00,478.92,success,7.18
3318,1851,2025-03-03 06:22:00,238.74,success,3.58
3319,1851,2024-12-20 06:22:00,14.81,success,0.22
3320,1851,2025-01-11 06:22:00,1563.13,success,23.45
3321,1852,2024-05-12 00:46:00,6.13,success,0.09
3322,1852,2024-07-24 00:46:00,1318.46,failed,0.0
3323,1852,2024-07-20 00:46:00,19.47,success,0.29
3324,1854,2024-01-16 23:21:00,748.08,success,11.22
3325,1854,2024-01-16 23:21:00,302.29,success,4.53
3326,1854,2024-02-12 23:21:00,14.44,success,0.22
3327,1856,2024-07-17 13:12:00,17.86,success,0.27
3328,1856,2024-08-13 13:12:00,623.63,success,9.35
3329,1856,2024-08-17 13:12:00,202.52,success,3.04
3330,1856,2024-10-09 13:12:00,461.86,success,6.93
3331,1856,2024-08-08 13:12:00,1918.44,success,28.78
3332,1856,2024-07-23 13:12:00,12.88,success,0.19
3333,1856,2024-09-16 13:12:00,1255.34,success,18.83
3334,1857,2024-05-19 04:25:00,705.08,failed,0.0
3335,1861,2025-02-09 02:24:00,252.79,success,3.79
3336,1861,2025-02-03 02:24:00,216.84,success,3.25
3337,1863,2023-03-13 23:37:00,16.29,success,0.24
3338,1863,2023-01-25 23:37:00,11.15,failed,0.0
3339,1863,2023-02-19 23:37:00,756.62,success,11.35
3340,1863,2023-03-08 23:37:00,6.41,success,0.1
3341,1863,2023-04-20 23:37:00,174.65,success,2.62
3342,1863,2023-04-07 23:37:00,13.39,failed,0.0
3343,1863,2023-03-04 23:37:00,382.12,success,5.73
3344,1863,2023-04-23 23:37:00,1451.08,success,21.77
3345,1864,2023-12-20 05:33:00,324.84,success,4.87
3346,1864,2024-02-06 05:33:00,6.05,success,0.09
3347,1864,2024-02-23 05:33:00,5.41,success,0.08
3348,1864,2024-02-16 05:33:00,447.17,failed,0.0
3349,1865,2024-10-17 11:47:00,348.14,success,5.22
3350,1865,2024-11-10 11:47:00,504.04,success,7.56
3351,1865,2024-09-17 11:47:00,240.53,success,3.61
3352,1868,2023-11-07 17:23:00,1894.76,failed,0.0
3353,1868,2023-10-17 17:23:00,11.59,success,0.17
3354,1868,2023-10-19 17:23:00,326.69,success,4.9
3355,1869,2023-09-30 12:32:00,636.63,success,9.55
3356,1869,2023-10-12 12:32:00,325.83,failed,0.0
3357,1869,2023-11-12 12:32:00,1416.39,success,21.25
3358,1869,2023-09-06 12:32:00,18.48,failed,0.0
3359,1869,2023-10-08 12:32:00,512.11,failed,0.0
3360,1869,2023-10-30 12:32:00,6.58,failed,0.0
3361,1869,2023-10-28 12:32:00,116.29,success,1.74
3362,1869,2023-11-02 12:32:00,1107.31,success,16.61
3363,1871,2023-04-28 22:35:00,7.08,failed,0.0
3364,1871,2023-03-25 22:35:00,1234.88,success,18.52
3365,1871,2023-02-08 22:35:00,1326.57,success,19.9
3366,1871,2023-03-12 22:35:00,253.77,success,3.81
3367,1872,2024-10-03 01:22:00,14.16,success,0.21
3368,1872,2024-10-20 01:22:00,470.14,success,7.05
3369,1872,2024-10-18 01:22:00,11.2,failed,0.0
3370,1873,2023-12-28 07:26:00,1853.6,failed,0.0
3371,1873,2024-03-03 07:26:00,550.35,success,8.26
3372,1875,2025-03-04 05:10:00,17.98,success,0.27
3373,1875,2025-02-01 05:10:00,1853.82,success,27.81
3374,1875,2025-02-13 05:10:00,408.28,failed,0.0
3375,1877,2024-11-19 20:18:00,17.01,success,0.26
3376,1877,2024-10-04 20:18:00,395.43,success,5.93
3377,1877,2024-09-29 20:18:00,352.16,success,5.28
3378,1879,2023-12-27 15:39:00,683.3,success,10.25
3379,1879,2023-11-10 15:39:00,600.87,success,9.01
3380,1879,2024-01-15 15:39:00,1906.7,success,28.6
3381,1879,2023-12-10 15:39:00,1743.93,success,26.16
3382,1879,2023-11-06 15:39:00,77.69,success,1.17
3383,1882,2023-04-16 02:11:00,15.18,success,0.23
3384,1882,2023-04-17 02:11:00,16.26,success,0.24
3385,1882,2023-04-28 02:11:00,16.26,success,0.24
3386,1887,2023-11-14 18:09:00,181.74,success,2.73
3387,1887,2023-09-26 18:09:00,243.61,success,3.65
3388,1887,2023-10-12 18:09:00,183.37,success,2.75
3389,1887,2023-09-24 18:09:00,5.46,success,0.08
3390,1887,2023-10-24 18:09:00,7.96,success,0.12
3391,1887,2023-09-25 18:09:00,12.01,failed,0.0
3392,1887,2023-09-06 18:09:00,467.12,success,7.01
3393,1888,2024-01-19 05:39:00,202.23,success,3.03
3394,1888,2023-11-23 05:39:00,1885.37,success,28.28
3395,1888,2023-11-05 05:39:00,275.24,failed,0.0
3396,1888,2023-11-30 05:39:00,411.86,success,6.18
3397,1888,2023-11-18 05:39:00,532.47,success,7.99
3398,1888,2024-01-14 05:39:00,7.79,success,0.12
3399,1889,2023-08-08 18:51:00,16.75,success,0.25
3400,1889,2023-07-30 18:51:00,472.85,success,7.09
3401,1890,2024-09-25 02:02:00,215.58,failed,0.0
3402,1890,2024-10-24 02:02:00,1907.78,success,28.62
3403,1890,2024-12-12 02:02:00,15.58,failed,0.0
3404,1890,2024-10-22 02:02:00,402.22,success,6.03
3405,1894,2023-04-13 20:46:00,362.58,success,5.44
3406,1894,2023-04-30 20:46:00,5.03,success,0.08
3407,1894,2023-03-14 20:46:00,1456.1,success,21.84
3408,1895,2023-04-28 22:52:00,688.16,success,10.32
3409,1895,2023-04-20 22:52:00,903.37,success,13.55
3410,1895,2023-05-30 22:52:00,278.24,success,4.17
3411,1895,2023-05-19 22:52:00,1970.91,failed,0.0
3412,1895,2023-05-23 22:52:00,8.63,failed,0.0
3413,1896,2024-10-03 17:04:00,400.32,success,6.0
3414,1897,2023-02-28 16:36:00,7.37,success,0.11
3415,1897,2023-03-10 16:36:00,6.24,success,0.09
3416,1897,2023-03-22 16:36:00,1659.95,success,24.9
3417,1899,2024-05-01 15:20:00,432.49,success,6.49
3418,1899,2024-05-22 15:20:00,1218.61,success,18.28
3419,1899,2024-07-10 15:20:00,488.01,success,7.32
3420,1899,2024-05-25 15:20:00,16.06,success,0.24
3421,1899,2024-07-09 15:20:00,1060.09,success,15.9
3422,1899,2024-07-05 15:20:00,8.91,success,0.13
3423,1901,2023-08-20 11:24:00,8.9,success,0.13
3424,1902,2024-11-05 05:53:00,1860.98,success,27.91
3425,1902,2024-12-27 05:53:00,13.99,failed,0.0
3426,1902,2024-11-05 05:53:00,1578.68,success,23.68
3427,1902,2024-10-21 05:53:00,7.0,success,0.1
3428,1902,2024-12-02 05:53:00,6.67,success,0.1
3429,1905,2024-09-01 21:55:00,171.76,success,2.58
3430,1905,2024-07-20 21:55:00,15.56,failed,0.0
3431,1905,2024-06-17 21:55:00,326.96,success,4.9
3432,1905,2024-06-28 21:55:00,1026.63,success,15.4
3433,1905,2024-08-03 21:55:00,272.07,success,4.08
3434,1905,2024-07-25 21:55:00,1650.33,failed,0.0
3435,1905,2024-08-24 21:55:00,342.28,success,5.13
3436,1905,2024-07-01 21:55:00,13.69,success,0.21
3437,1906,2024-10-22 16:09:00,14.68,failed,0.0
3438,1906,2024-10-31 16:09:00,461.43,success,6.92
3439,1906,2024-11-05 16:09:00,18.19,success,0.27
3440,1906,2024-10-16 16:09:00,1498.19,success,22.47
3441,1906,2024-11-24 16:09:00,384.93,success,5.77
3442,1906,2024-11-25 16:09:00,8.95,failed,0.0
3443,1906,2024-10-13 16:09:00,11.25,success,0.17
3444,1908,2023-11-19 23:08:00,303.81,failed,0.0
3445,1908,2023-11-25 23:08:00,1799.21,success,26.99
3446,1908,2023-12-04 23:08:00,161.54,success,2.42
3447,1908,2024-01-03 23:08:00,1832.75,success,27.49
3448,1908,2024-01-24 23:08:00,19.81,success,0.3
3449,1909,2024-01-14 03:47:00,16.46,failed,0.0
3450,1909,2023-11-15 03:47:00,1468.28,failed,0.0
3451,1909,2023-12-19 03:47:00,18.35,success,0.28
3452,1909,2024-01-24 03:47:00,14.63,success,0.22
3453,1909,2024-02-04 03:47:00,17.38,success,0.26
3454,1909,2023-11-12 03:47:00,687.5,success,10.31
3455,1909,2023-11-23 03:47:00,1773.78,success,26.61
3456,1911,2023-10-03 15:32:00,310.2,success,4.65
3457,1911,2023-10-15 15:32:00,425.24,success,6.38
3458,1911,2023-11-05 15:32:00,374.2,success,5.61
3459,1911,2023-11-13 15:32:00,923.63,success,13.85
3460,1911,2023-10-01 15:32:00,15.69,success,0.24
3461,1911,2023-10-18 15:32:00,1668.84,success,25.03
3462,1913,2024-10-10 11:59:00,1514.22,failed,0.0
3463,1913,2024-09-19 11:59:00,1435.44,success,21.53
3464,1913,2024-11-06 11:59:00,321.24,success,4.82
3465,1913,2024-09-05 11:59:00,239.43,success,3.59
3466,1917,2024-09-29 20:25:00,422.73,success,6.34
3467,1917,2024-11-06 20:25:00,767.73,success,11.52
3468,1917,2024-09-17 20:25:00,616.23,success,9.24
3469,1917,2024-10-02 20:25:00,1910.08,success,28.65
3470,1917,2024-09-30 20:25:00,13.18,success,0.2
3471,1917,2024-11-17 20:25:00,952.19,success,14.28
3472,1919,2024-06-14 05:21:00,165.0,success,2.48
3473,1919,2024-07-04 05:21:00,437.49,success,6.56
3474,1919,2024-05-22 05:21:00,1555.12,success,23.33
3475,1919,2024-05-25 05:21:00,6.7,success,0.1
3476,1919,2024-07-01 05:21:00,18.88,success,0.28
3477,1919,2024-05-12 05:21:00,669.37,failed,0.0
3478,1919,2024-05-24 05:21:00,1408.71,success,21.13
3479,1922,2023-08-25 18:44:00,11.29,failed,0.0
3480,1922,2023-09-05 18:44:00,1148.35,failed,0.0
3481,1922,2023-09-03 18:44:00,16.07,success,0.24
3482,1923,2023-12-09 01:48:00,111.78,success,1.68
3483,1923,2023-11-01 01:48:00,105.53,success,1.58
3484,1923,2023-11-06 01:48:00,792.79,success,11.89
3485,1923,2023-11-13 01:48:00,1750.65,success,26.26
3486,1923,2023-09-30 01:48:00,941.87,success,14.13
3487,1926,2024-04-19 01:01:00,5.46,failed,0.0
3488,1926,2024-05-19 01:01:00,720.95,success,10.81
3489,1926,2024-04-24 01:01:00,165.99,success,2.49
3490,1926,2024-06-12 01:01:00,1448.91,success,21.73
3491,1927,2023-11-30 13:49:00,5.64,failed,0.0
3492,1927,2023-10-24 13:49:00,399.14,success,5.99
3493,1927,2023-10-03 13:49:00,131.91,success,1.98
3494,1927,2023-12-14 13:49:00,1960.78,success,29.41
3495,1927,2023-11-30 13:49:00,1425.15,failed,0.0
3496,1927,2023-11-12 13:49:00,619.42,success,9.29
3497,1927,2023-11-24 13:49:00,14.63,success,0.22
3498,1928,2024-06-07 13:22:00,16.52,success,0.25
3499,1932,2024-04-22 09:44:00,1280.81,success,19.21
3500,1932,2024-05-17 09:44:00,1275.59,success,19.13
3501,1932,2024-05-09 09:44:00,13.11,success,0.2
3502,1935,2024-04-13 01:18:00,309.15,success,4.64
3503,1935,2024-02-04 01:18:00,18.66,success,0.28
3504,1935,2024-04-06 01:18:00,8.12,success,0.12
3505,1935,2024-04-07 01:18:00,67.69,success,1.02
3506,1935,2024-03-19 01:18:00,8.07,failed,0.0
3507,1935,2024-02-28 01:18:00,1354.61,success,20.32
3508,1935,2024-02-07 01:18:00,7.84,success,0.12
3509,1936,2023-08-30 15:42:00,1375.88,failed,0.0
3510,1936,2023-07-08 15:42:00,158.2,success,2.37
3511,1936,2023-07-12 15:42:00,7.31,success,0.11
3512,1936,2023-07-28 15:42:00,1025.01,success,15.38
3513,1938,2024-07-05 08:23:00,327.19,success,4.91
3514,1938,2024-06-23 08:23:00,726.82,success,10.9
3515,1938,2024-07-12 08:23:00,254.21,failed,0.0
3516,1938,2024-07-08 08:23:00,744.16,success,11.16
3517,1938,2024-05-30 08:23:00,415.26,failed,0.0
3518,1938,2024-06-01 08:23:00,1014.89,success,15.22
3519,1939,2024-11-13 20:41:00,6.33,success,0.09
3520,1939,2024-09-20 20:41:00,1339.84,success,20.1
3521,1939,2024-09-13 20:41:00,439.4,success,6.59
3522,1939,2024-10-15 20:41:00,11.85,success,0.18
3523,1939,2024-09-01 20:41:00,14.26,failed,0.0
3524,1947,2024-03-05 07:26:00,1435.73,success,21.54
3525,1947,2024-03-29 07:26:00,340.17,success,5.1
3526,1947,2024-01-17 07:26:00,376.38,success,5.65
3527,1947,2024-01-19 07:26:00,1085.65,success,16.28
3528,1952,2023-02-21 17:48:00,113.01,success,1.7
3529,1952,2023-03-20 17:48:00,19.95,success,0.3
3530,1952,2023-05-05 17:48:00,418.57,success,6.28
3531,1952,2023-05-12 17:48:00,1219.8,failed,0.0
3532,1952,2023-03-07 17:48:00,1871.09,success,28.07
3533,1953,2025-01-18 02:03:00,17.59,success,0.26
3534,1953,2025-01-30 02:03:00,180.38,success,2.71
3535,1953,2025-02-12 02:03:00,12.42,success,0.19
3536,1953,2025-02-24 02:03:00,19.35,success,0.29
3537,1953,2025-01-02 02:03:00,10.71,success,0.16
3538,1953,2025-03-15 02:03:00,12.23,success,0.18
3539,1953,2025-01-11 02:03:00,12.15,success,0.18
3540,1953,2025-02-09 02:03:00,8.91,success,0.13
3541,1954,2023-10-14 15:27:00,1371.42,success,20.57
3542,1954,2023-10-23 15:27:00,220.55,success,3.31
3543,1954,2023-11-08 15:27:00,377.22,success,5.66
3544,1955,2023-05-18 01:54:00,1038.33,success,15.57
3545,1955,2023-07-01 01:54:00,1155.34,success,17.33
3546,1955,2023-07-28 01:54:00,1355.29,success,20.33
3547,1956,2023-07-03 21:41:00,11.75,success,0.18
3548,1956,2023-08-03 21:41:00,276.5,failed,0.0
3549,1956,2023-06-23 21:41:00,350.26,success,5.25
3550,1960,2024-11-16 16:22:00,1419.88,success,21.3
3551,1960,2024-11-26 16:22:00,1838.27,success,27.57
3552,1971,2023-04-26 19:30:00,280.22,success,4.2
3553,1971,2023-04-24 19:30:00,340.2,success,5.1
3554,1971,2023-05-20 19:30:00,105.9,success,1.59
3555,1971,2023-06-16 19:30:00,799.48,success,11.99
3556,1971,2023-05-19 19:30:00,13.01,success,0.2
3557,1971,2023-05-21 19:30:00,295.99,success,4.44
3558,1971,2023-05-31 19:30:00,473.39,success,7.1
3559,1971,2023-06-16 19:30:00,1755.01,success,26.33
3560,1973,2023-04-22 23:48:00,16.94,success,0.25
3561,1973,2023-05-27 23:48:00,280.13,success,4.2
3562,1973,2023-04-19 23:48:00,1672.59,failed,0.0
3563,1973,2023-03-08 23:48:00,1246.25,success,18.69
3564,1973,2023-04-05 23:48:00,144.51,success,2.17
3565,1973,2023-03-23 23:48:00,103.67,success,1.56
3566,1973,2023-04-13 23:48:00,416.04,success,6.24
3567,1973,2023-05-11 23:48:00,1350.79,success,20.26
3568,1975,2023-12-03 22:28:00,1834.21,success,27.51
3569,1975,2023-10-19 22:28:00,7.11,success,0.11
3570,1975,2023-11-23 22:28:00,1048.46,success,15.73
3571,1979,2025-01-11 06:21:00,16.99,success,0.25
3572,1981,2024-09-13 05:56:00,548.46,success,8.23
3573,1981,2024-09-30 05:56:00,717.33,failed,0.0
3574,1981,2024-09-23 05:56:00,260.33,success,3.9
3575,1982,2024-02-18 05:56:00,492.73,failed,0.0
3576,1982,2023-12-08 05:56:00,7.2,success,0.11
3577,1984,2024-09-18 04:56:00,1073.01,failed,0.0
3578,1984,2024-09-09 04:56:00,1501.96,failed,0.0
3579,1984,2024-09-15 04:56:00,334.73,failed,0.0
3580,1984,2024-08-12 04:56:00,756.53,failed,0.0
3581,1985,2023-10-16 00:31:00,1582.04,success,23.73
3582,1985,2023-10-26 00:31:00,1247.81,success,18.72
3583,1985,2023-10-14 00:31:00,1635.91,success,24.54
3584,1985,2023-11-18 00:31:00,19.22,success,0.29
3585,1985,2023-10-15 00:31:00,1303.07,success,19.55
3586,1986,2024-08-17 12:06:00,324.76,success,4.87
3587,1986,2024-09-20 12:06:00,9.64,success,0.14
3588,1987,2024-03-29 03:19:00,440.85,success,6.61
3589,1987,2024-05-03 03:19:00,13.41,success,0.2
3590,1987,2024-03-18 03:19:00,14.2,success,0.21
3591,1987,2024-05-10 03:19:00,19.49,success,0.29
3592,1990,2024-01-06 08:39:00,1090.38,success,16.36
3593,1990,2024-03-08 08:39:00,314.2,success,4.71
3594,1990,2024-02-01 08:39:00,6.39,success,0.1
3595,1990,2024-03-12 08:39:00,803.37,success,12.05
3596,1990,2024-02-07 08:39:00,1070.95,success,16.06
3597,1990,2024-01-11 08:39:00,12.23,success,0.18
3598,1991,2024-12-20 20:30:00,169.87,failed,0.0
3599,1991,2025-01-16 20:30:00,1133.22,failed,0.0
3600,1991,2025-01-25 20:30:00,7.31,success,0.11
3601,1991,2024-12-03 20:30:00,14.41,success,0.22
3602,1994,2023-03-21 05:33:00,147.92,success,2.22
3603,1994,2023-02-11 05:33:00,395.79,success,5.94
3604,1994,2023-03-13 05:33:00,897.02,success,13.46
3605,1994,2023-04-03 05:33:00,503.4,success,7.55
3606,1994,2023-04-09 05:33:00,346.71,success,5.2
3607,1994,2023-05-03 05:33:00,13.7,failed,0.0
3608,1994,2023-02-19 05:33:00,1019.41,failed,0.0
3609,1995,2024-12-28 23:33:00,1703.19,success,25.55
3610,1995,2025-03-02 23:33:00,241.89,success,3.63
3611,1995,2025-01-18 23:33:00,11.27,success,0.17
3612,1995,2025-03-17 23:33:00,1877.71,success,28.17
3613,1995,2025-03-03 23:33:00,1831.56,success,27.47
3614,1995,2025-03-06 23:33:00,300.41,failed,0.0
3615,1995,2025-01-15 23:33:00,100.47,success,1.51
3616,2003,2024-11-17 07:15:00,1104.17,success,16.56
3617,2003,2024-12-24 07:15:00,108.04,success,1.62
3618,2004,2023-07-24 05:57:00,84.11,failed,0.0
3619,2004,2023-07-21 05:57:00,466.19,failed,0.0
3620,2004,2023-07-31 05:57:00,17.81,success,0.27
3621,2007,2025-01-22 08:18:00,348.12,success,5.22
3622,2007,2025-01-14 08:18:00,1145.42,success,17.18
3623,2007,2025-03-15 08:18:00,19.43,success,0.29
3624,2010,2024-09-10 16:19:00,16.62,success,0.25
3625,2010,2024-08-07 16:19:00,870.62,success,13.06
3626,2010,2024-08-01 16:19:00,374.93,success,5.62
3627,2010,2024-09-10 16:19:00,345.09,success,5.18
3628,2011,2023-05-19 02:07:00,10.24,success,0.15
3629,2011,2023-06-03 02:07:00,54.02,success,0.81
3630,2011,2023-07-08 02:07:00,1753.77,success,26.31
3631,2011,2023-06-13 02:07:00,363.33,failed,0.0
3632,2011,2023-06-23 02:07:00,601.12,success,9.02
3633,2011,2023-05-14 02:07:00,447.64,success,6.71
3634,2011,2023-06-15 02:07:00,12.83,success,0.19
3635,2011,2023-06-05 02:07:00,552.32,success,8.28
3636,2012,2023-05-21 17:39:00,1689.53,success,25.34
3637,2012,2023-05-31 17:39:00,1525.47,success,22.88
3638,2013,2024-11-10 13:58:00,12.52,success,0.19
3639,2013,2024-10-16 13:58:00,1043.65,success,15.65
3640,2013,2024-11-03 13:58:00,7.57,success,0.11
3641,2013,2024-12-04 13:58:00,1120.06,success,16.8
3642,2013,2024-10-22 13:58:00,52.65,success,0.79
3643,2013,2024-11-05 13:58:00,285.68,success,4.29
3644,2013,2024-12-05 13:58:00,1189.77,success,17.85
3645,2014,2024-01-06 20:02:00,5.9,failed,0.0
3646,2014,2024-01-01 20:02:00,12.11,success,0.18
3647,2014,2024-01-07 20:02:00,154.26,success,2.31
3648,2014,2024-02-27 20:02:00,1552.39,success,23.29
3649,2014,2024-03-07 20:02:00,279.57,success,4.19
3650,2014,2024-02-29 20:02:00,1346.16,failed,0.0
3651,2017,2023-05-17 18:11:00,15.97,success,0.24
3652,2017,2023-04-13 18:11:00,11.01,success,0.17
3653,2017,2023-06-06 18:11:00,403.73,failed,0.0
3654,2019,2023-07-03 11:18:00,1027.61,success,15.41
3655,2019,2023-06-11 11:18:00,406.99,success,6.1
3656,2020,2024-03-16 17:34:00,11.72,success,0.18
3657,2020,2024-03-30 17:34:00,1137.88,failed,0.0
3658,2020,2024-03-22 17:34:00,19.82,failed,0.0
3659,2020,2024-05-02 17:34:00,469.24,success,7.04
3660,2020,2024-04-10 17:34:00,1741.12,success,26.12
3661,2020,2024-05-08 17:34:00,270.18,success,4.05
3662,2020,2024-05-10 17:34:00,1935.27,success,29.03
3663,2021,2023-11-17 17:36:00,1584.32,success,23.76
3664,2021,2023-11-19 17:36:00,1876.68,success,28.15
3665,2021,2023-12-17 17:36:00,13.96,success,0.21
3666,2022,2024-09-05 07:43:00,900.6,success,13.51
3667,2022,2024-10-12 07:43:00,828.38,success,12.43
3668,2023,2025-01-17 14:17:00,398.84,success,5.98
3669,2023,2025-03-04 14:17:00,236.48,success,3.55
3670,2023,2025-02-25 14:17:00,6.49,success,0.1
3671,2023,2024-12-29 14:17:00,8.9,success,0.13
3672,2023,2025-03-01 14:17:00,10.37,success,0.16
3673,2027,2023-05-08 16:30:00,13.02,failed,0.0
3674,2027,2023-03-06 16:30:00,1691.81,success,25.38
3675,2027,2023-03-03 16:30:00,78.42,success,1.18
3676,2027,2023-04-17 16:30:00,8.71,failed,0.0
3677,2027,2023-03-31 16:30:00,194.16,success,2.91
3678,2028,2024-07-29 09:49:00,10.43,success,0.16
3679,2028,2024-06-18 09:49:00,1620.59,success,24.31
3680,2030,2023-12-24 11:12:00,19.84,success,0.3
3681,2030,2024-02-10 11:12:00,453.28,success,6.8
3682,2030,2023-12-15 11:12:00,1569.24,success,23.54
3683,2031,2023-11-07 08:10:00,1500.71,success,22.51
3684,2031,2023-11-04 08:10:00,359.39,failed,0.0
3685,2031,2023-11-24 08:10:00,142.11,success,2.13
3686,2031,2023-09-02 08:10:00,447.05,success,6.71
3687,2034,2023-02-28 08:27:00,14.81,success,0.22
3688,2037,2024-04-17 04:14:00,558.32,success,8.37
3689,2037,2024-04-05 04:14:00,1705.67,success,25.59
3690,2037,2024-03-20 04:14:00,1533.5,success,23.0
3691,2037,2024-02-19 04:14:00,1114.53,success,16.72
3692,2037,2024-03-19 04:14:00,880.22,success,13.2
3693,2041,2025-02-07 14:43:00,15.32,failed,0.0
3694,2041,2025-01-17 14:43:00,1642.65,failed,0.0
3695,2044,2023-12-24 04:47:00,7.32,failed,0.0
3696,2044,2024-01-26 04:47:00,1503.62,success,22.55
3697,2045,2024-09-08 15:14:00,1642.06,success,24.63
3698,2045,2024-08-14 15:14:00,14.05,success,0.21
3699,2045,2024-08-24 15:14:00,18.64,success,0.28
3700,2045,2024-08-14 15:14:00,736.79,success,11.05
3701,2046,2024-10-31 13:06:00,1652.22,failed,0.0
3702,2046,2024-11-25 13:06:00,204.79,success,3.07
3703,2046,2025-01-10 13:06:00,223.63,success,3.35
3704,2046,2024-11-17 13:06:00,1249.32,success,18.74
3705,2046,2024-11-19 13:06:00,396.11,failed,0.0
3706,2048,2023-06-02 09:08:00,14.0,failed,0.0
3707,2048,2023-06-07 09:08:00,609.41,success,9.14
3708,2048,2023-05-02 09:08:00,1794.34,success,26.92
3709,2048,2023-06-30 09:08:00,1898.2,success,28.47
3710,2048,2023-06-08 09:08:00,7.35,success,0.11
3711,2048,2023-07-19 09:08:00,1837.83,failed,0.0
3712,2048,2023-06-05 09:08:00,19.91,success,0.3
3713,2048,2023-05-29 09:08:00,1795.75,success,26.94
3714,2049,2024-11-11 04:07:00,171.64,success,2.57
3715,2049,2024-11-01 04:07:00,12.14,success,0.18
3716,2049,2024-09-12 04:07:00,1891.85,failed,0.0
3717,2053,2024-09-27 22:46:00,257.2,success,3.86
3718,2053,2024-10-25 22:46:00,19.85,success,0.3
3719,2053,2024-09-10 22:46:00,187.74,failed,0.0
3720,2057,2024-12-17 17:27:00,1492.82,success,22.39
3721,2057,2025-01-07 17:27:00,600.21,success,9.0
3722,2057,2024-11-09 17:27:00,12.32,failed,0.0
3723,2057,2024-12-16 17:27:00,1321.34,success,19.82
3724,2057,2024-11-17 17:27:00,18.74,failed,0.0
3725,2057,2024-12-01 17:27:00,374.78,success,5.62
3726,2057,2025-01-21 17:27:00,244.67,success,3.67
3727,2058,2023-11-17 14:56:00,327.82,success,4.92
3728,2058,2023-11-12 14:56:00,206.03,failed,0.0
3729,2058,2023-09-28 14:56:00,614.24,success,9.21
3730,2064,2024-08-31 08:50:00,1957.42,success,29.36
3731,2064,2024-08-08 08:50:00,6.31,success,0.09
3732,2070,2023-08-24 05:25:00,9.32,success,0.14
3733,2071,2025-01-14 11:49:00,112.18,failed,0.0
3734,2071,2024-11-10 11:49:00,19.87,success,0.3
3735,2071,2024-12-22 11:49:00,11.91,success,0.18
3736,2071,2024-12-04 11:49:00,17.75,failed,0.0
3737,2071,2025-01-24 11:49:00,59.4,success,0.89
3738,2071,2024-12-20 11:49:00,1062.4,success,15.94
3739,2073,2025-01-12 17:40:00,1434.86,failed,0.0
3740,2073,2025-01-01 17:40:00,435.99,success,6.54
3741,2073,2024-11-30 17:40:00,122.61,success,1.84
3742,2073,2024-11-29 17:40:00,416.43,success,6.25
3743,2074,2024-08-27 01:06:00,471.42,success,7.07
3744,2074,2024-09-28 01:06:00,330.63,failed,0.0
3745,2074,2024-10-07 01:06:00,652.95,success,9.79
3746,2074,2024-08-07 01:06:00,1812.93,success,27.19
3747,2074,2024-07-18 01:06:00,18.47,success,0.28
3748,2075,2024-10-10 12:32:00,487.57,success,7.31
3749,2075,2024-09-18 12:32:00,1965.4,success,29.48
3750,2075,2024-09-26 12:32:00,1703.86,success,25.56
3751,2081,2024-12-26 22:12:00,218.05,success,3.27
3752,2081,2024-12-10 22:12:00,520.04,failed,0.0
3753,2081,2024-12-11 22:12:00,300.64,success,4.51
3754,2081,2024-12-05 22:12:00,12.51,success,0.19
3755,2081,2025-01-08 22:12:00,195.56,success,2.93
3756,2081,2025-01-05 22:12:00,610.54,success,9.16
3757,2085,2024-07-11 09:26:00,18.51,failed,0.0
3758,2085,2024-07-03 09:26:00,1224.43,success,18.37
3759,2085,2024-05-23 09:26:00,1855.52,failed,0.0
3760,2086,2024-12-26 21:17:00,13.01,success,0.2
3761,2086,2025-01-05 21:17:00,58.76,success,0.88
3762,2086,2025-02-17 21:17:00,81.22,success,1.22
3763,2088,2024-07-05 10:42:00,936.07,success,14.04
3764,2088,2024-07-03 10:42:00,127.98,success,1.92
3765,2090,2023-10-13 01:19:00,486.69,success,7.3
3766,2090,2023-10-29 01:19:00,16.35,success,0.25
3767,2090,2023-11-08 01:19:00,484.19,success,7.26
3768,2090,2023-11-15 01:19:00,772.74,failed,0.0
3769,2090,2023-10-31 01:19:00,13.82,success,0.21
3770,2090,2023-08-20 01:19:00,16.69,failed,0.0
3771,2093,2023-09-17 07:12:00,352.74,success,5.29
3772,2093,2023-08-30 07:12:00,489.48,success,7.34
3773,2093,2023-08-16 07:12:00,1613.58,success,24.2
3774,2096,2024-11-29 07:25:00,10.27,success,0.15
3775,2096,2024-09-30 07:25:00,9.14,success,0.14
3776,2096,2024-10-22 07:25:00,1950.99,failed,0.0
3777,2097,2023-04-06 18:14:00,1043.0,success,15.64
3778,2097,2023-06-03 18:14:00,1776.35,success,26.65
3779,2097,2023-03-25 18:14:00,81.55,failed,0.0
3780,2098,2024-08-17 08:09:00,178.72,failed,0.0
3781,2098,2024-08-11 08:09:00,8.79,success,0.13
3782,2098,2024-08-28 08:09:00,649.57,success,9.74
3783,2098,2024-09-23 08:09:00,8.58,success,0.13
3784,2098,2024-07-29 08:09:00,1953.07,success,29.3
3785,2098,2024-10-08 08:09:00,205.93,success,3.09
3786,2098,2024-09-01 08:09:00,190.56,success,2.86
3787,2099,2025-01-22 15:00:00,5.74,success,0.09
3788,2099,2025-02-09 15:00:00,659.72,failed,0.0
3789,2100,2024-11-26 15:13:00,376.2,success,5.64
3790,2100,2024-12-12 15:13:00,393.74,success,5.91
3791,2100,2024-12-10 15:13:00,529.16,success,7.94
3792,2100,2024-10-06 15:13:00,196.79,success,2.95
3793,2100,2024-10-07 15:13:00,146.86,success,2.2
3794,2101,2024-03-30 19:50:00,9.86,success,0.15
3795,2101,2024-05-07 19:50:00,5.95,success,0.09
3796,2101,2024-06-15 19:50:00,15.13,success,0.23
3797,2101,2024-05-12 19:50:00,7.26,success,0.11
3798,2101,2024-05-19 19:50:00,14.02,success,0.21
3799,2101,2024-06-20 19:50:00,1880.66,success,28.21
3800,2103,2024-04-13 17:45:00,19.89,success,0.3
3801,2103,2024-05-01 17:45:00,12.03,success,0.18
3802,2104,2023-08-11 00:17:00,873.76,success,13.11
3803,2104,2023-10-01 00:17:00,815.58,success,12.23
3804,2104,2023-09-27 00:17:00,1975.34,success,29.63
3805,2104,2023-08-05 00:17:00,369.58,success,5.54
3806,2105,2024-01-15 04:00:00,471.32,success,7.07
3807,2105,2024-01-09 04:00:00,9.75,success,0.15
3808,2105,2023-12-29 04:00:00,99.59,success,1.49
3809,2105,2024-02-09 04:00:00,1743.1,failed,0.0
3810,2105,2024-02-08 04:00:00,342.73,success,5.14
3811,2107,2023-02-19 05:24:00,1385.42,success,20.78
3812,2107,2023-04-08 05:24:00,893.48,success,13.4
3813,2107,2023-03-12 05:24:00,574.06,success,8.61
3814,2107,2023-03-16 05:24:00,861.97,failed,0.0
3815,2107,2023-02-10 05:24:00,87.66,success,1.31
3816,2107,2023-01-24 05:24:00,153.0,failed,0.0
3817,2107,2023-03-02 05:24:00,18.7,success,0.28
3818,2107,2023-02-27 05:24:00,9.49,success,0.14
3819,2115,2024-07-30 23:50:00,13.91,success,0.21
3820,2115,2024-07-12 23:50:00,19.17,success,0.29
3821,2115,2024-09-01 23:50:00,150.06,success,2.25
3822,2115,2024-09-01 23:50:00,1442.48,success,21.64
3823,2115,2024-07-20 23:50:00,1636.54,failed,0.0
3824,2115,2024-07-05 23:50:00,425.93,success,6.39
3825,2115,2024-09-03 23:50:00,6.28,success,0.09
3826,2116,2024-09-27 09:16:00,304.65,success,4.57
3827,2116,2024-10-22 09:16:00,1896.82,success,28.45
3828,2116,2024-09-02 09:16:00,7.01,success,0.11
3829,2118,2024-09-01 06:42:00,1778.6,success,26.68
3830,2119,2024-11-09 14:42:00,619.04,success,9.29
3831,2121,2025-02-01 18:36:00,468.6,failed,0.0
3832,2121,2025-02-20 18:36:00,478.74,success,7.18
3833,2121,2024-12-10 18:36:00,8.23,success,0.12
3834,2122,2024-03-18 04:45:00,1144.0,failed,0.0
3835,2122,2024-03-22 04:45:00,463.76,success,6.96
3836,2122,2024-03-26 04:45:00,143.07,success,2.15
3837,2123,2024-10-30 02:33:00,367.51,failed,0.0
3838,2128,2023-10-21 15:36:00,13.73,success,0.21
3839,2129,2024-05-30 08:09:00,5.11,success,0.08
3840,2129,2024-06-22 08:09:00,1621.16,success,24.32
3841,2132,2023-11-09 08:51:00,166.46,success,2.5
3842,2132,2023-10-08 08:51:00,1701.9,success,25.53
3843,2132,2023-09-10 08:51:00,409.94,success,6.15
3844,2132,2023-09-25 08:51:00,1242.04,success,18.63
3845,2132,2023-10-04 08:51:00,468.57,success,7.03
3846,2132,2023-09-05 08:51:00,9.7,success,0.15
3847,2132,2023-10-16 08:51:00,12.22,success,0.18
3848,2132,2023-10-25 08:51:00,6.65,success,0.1
3849,2133,2024-12-15 07:08:00,16.41,success,0.25
3850,2133,2025-02-12 07:08:00,1565.77,success,23.49
3851,2133,2025-02-19 07:08:00,302.71,success,4.54
3852,2133,2025-03-04 07:08:00,1700.61,failed,0.0
3853,2133,2025-02-26 07:08:00,1483.86,success,22.26
3854,2138,2024-04-05 09:33:00,233.61,success,3.5
3855,2138,2024-02-21 09:33:00,518.94,success,7.78
3856,2138,2024-03-06 09:33:00,14.37,success,0.22
3857,2140,2024-12-09 16:20:00,1756.78,failed,0.0
3858,2140,2025-01-05 16:20:00,12.52,failed,0.0
3859,2140,2025-01-07 16:20:00,585.85,success,8.79
3860,2143,2024-04-20 11:45:00,16.04,success,0.24
3861,2143,2024-02-28 11:45:00,1121.21,success,16.82
3862,2143,2024-02-17 11:45:00,373.79,success,5.61
3863,2143,2024-05-03 11:45:00,1667.18,success,25.01
3864,2143,2024-04-04 11:45:00,15.21,success,0.23
3865,2144,2024-06-10 14:34:00,17.09,success,0.26
3866,2146,2024-07-02 07:14:00,8.51,success,0.13
3867,2146,2024-07-21 07:14:00,401.53,success,6.02
3868,2146,2024-05-03 07:14:00,1652.81,success,24.79
3869,2148,2024-01-27 06:31:00,16.11,success,0.24
3870,2148,2023-11-14 06:31:00,810.82,success,12.16
3871,2148,2024-01-19 06:31:00,1619.14,success,24.29
3872,2149,2024-07-18 16:36:00,6.2,success,0.09
3873,2149,2024-05-11 16:36:00,1894.78,success,28.42
3874,2149,2024-06-05 16:36:00,16.78,success,0.25
3875,2149,2024-07-09 16:36:00,241.91,success,3.63
3876,2150,2024-02-06 19:57:00,430.97,success,6.46
3877,2150,2024-04-12 19:57:00,8.58,success,0.13
3878,2150,2024-05-01 19:57:00,8.17,success,0.12
3879,2150,2024-03-28 19:57:00,14.72,success,0.22
3880,2150,2024-03-15 19:57:00,1864.59,failed,0.0
3881,2150,2024-04-30 19:57:00,1425.17,success,21.38
3882,2154,2023-05-06 09:44:00,439.74,success,6.6
3883,2154,2023-04-05 09:44:00,10.72,failed,0.0
3884,2156,2023-02-13 00:07:00,19.49,success,0.29
3885,2156,2023-04-10 00:07:00,19.52,success,0.29
3886,2156,2023-03-05 00:07:00,1796.56,success,26.95
3887,2156,2023-02-06 00:07:00,1109.56,success,16.64
3888,2158,2023-08-08 10:36:00,8.15,success,0.12
3889,2158,2023-09-22 10:36:00,6.11,success,0.09
3890,2160,2023-06-06 09:18:00,12.86,success,0.19
3891,2160,2023-04-10 09:18:00,445.4,success,6.68
3892,2160,2023-05-02 09:18:00,1771.03,success,26.57
3893,2160,2023-06-24 09:18:00,1879.53,success,28.19
3894,2160,2023-06-04 09:18:00,18.34,success,0.28
3895,2160,2023-06-01 09:18:00,1170.42,success,17.56
3896,2160,2023-05-15 09:18:00,11.86,success,0.18
3897,2161,2023-03-07 21:36:00,1868.74,success,28.03
3898,2161,2023-05-13 21:36:00,15.72,success,0.24
3899,2161,2023-03-07 21:36:00,869.16,success,13.04
3900,2162,2023-02-20 00:32:00,148.87,failed,0.0
3901,2163,2023-01-29 12:07:00,135.84,failed,0.0
3902,2163,2023-04-19 12:07:00,10.36,success,0.16
3903,2163,2023-02-17 12:07:00,13.8,success,0.21
3904,2163,2023-03-24 12:07:00,462.39,success,6.94
3905,2163,2023-04-10 12:07:00,333.56,success,5.0
3906,2163,2023-03-31 12:07:00,1331.08,success,19.97
3907,2163,2023-04-03 12:07:00,1077.56,success,16.16
3908,2169,2023-08-13 09:11:00,415.87,success,6.24
3909,2169,2023-07-31 09:11:00,1667.9,success,25.02
3910,2169,2023-09-13 09:11:00,1540.84,success,23.11
3911,2173,2023-08-21 15:28:00,338.42,success,5.08
3912,2173,2023-08-27 15:28:00,344.78,success,5.17
3913,2173,2023-09-06 15:28:00,5.6,success,0.08
3914,2173,2023-09-23 15:28:00,702.26,success,10.53
3915,2173,2023-07-16 15:28:00,12.54,success,0.19
3916,2174,2023-11-11 23:38:00,17.66,success,0.26
3917,2174,2023-12-21 23:38:00,5.68,success,0.09
3918,2174,2023-12-10 23:38:00,1960.18,success,29.4
3919,2176,2024-07-18 15:58:00,1516.12,success,22.74
3920,2177,2024-10-17 00:51:00,887.82,failed,0.0
3921,2177,2024-11-15 00:51:00,1655.26,success,24.83
3922,2177,2024-10-27 00:51:00,751.69,success,11.28
3923,2177,2024-11-14 00:51:00,270.72,failed,0.0
3924,2177,2024-11-01 00:51:00,135.35,success,2.03
3925,2177,2024-11-02 00:51:00,7.71,failed,0.0
3926,2180,2023-04-02 10:01:00,1149.97,success,17.25
3927,2181,2023-08-10 15:02:00,14.59,success,0.22
3928,2181,2023-07-18 15:02:00,1348.14,success,20.22
3929,2181,2023-08-26 15:02:00,1664.77,success,24.97
3930,2183,2023-10-19 17:54:00,1618.15,success,24.27
3931,2183,2023-11-21 17:54:00,156.37,success,2.35
3932,2183,2023-11-18 17:54:00,10.09,success,0.15
3933,2183,2023-12-26 17:54:00,7.02,success,0.11
3934,2183,2023-11-30 17:54:00,5.18,success,0.08
3935,2183,2023-12-24 17:54:00,1622.72,failed,0.0
3936,2183,2023-10-17 17:54:00,1212.41,success,18.19
3937,2184,2024-11-27 17:21:00,5.58,success,0.08
3938,2184,2024-09-13 17:21:00,1621.12,success,24.32
3939,2184,2024-09-02 17:21:00,1680.98,success,25.21
3940,2184,2024-11-07 17:21:00,316.36,failed,0.0
3941,2184,2024-10-02 17:21:00,473.13,success,7.1
3942,2185,2024-11-11 18:05:00,357.84,success,5.37
3943,2185,2024-09-26 18:05:00,322.33,failed,0.0
3944,2190,2024-02-21 11:50:00,14.42,failed,0.0
3945,2190,2024-01-18 11:50:00,181.57,success,2.72
3946,2190,2024-02-04 11:50:00,173.63,success,2.6
3947,2190,2024-01-23 11:50:00,824.66,success,12.37
3948,2192,2023-04-15 23:07:00,257.89,success,3.87
3949,2192,2023-03-15 23:07:00,13.48,success,0.2
3950,2203,2024-01-20 14:00:00,444.55,success,6.67
3951,2203,2023-12-20 14:00:00,18.35,success,0.28
3952,2203,2024-02-17 14:00:00,372.53,success,5.59
3953,2211,2024-03-13 15:57:00,1095.03,success,16.43
3954,2211,2024-04-24 15:57:00,10.69,failed,0.0
3955,2213,2024-04-17 06:51:00,12.08,success,0.18
3956,2213,2024-04-22 06:51:00,352.75,success,5.29
3957,2213,2024-05-02 06:51:00,1041.65,success,15.62
3958,2213,2024-04-16 06:51:00,13.84,success,0.21
3959,2213,2024-03-28 06:51:00,12.58,success,0.19
3960,2213,2024-05-13 06:51:00,771.72,success,11.58
3961,2213,2024-03-30 06:51:00,434.08,success,6.51
3962,2215,2023-09-27 17:57:00,124.26,success,1.86
3963,2215,2023-12-14 17:57:00,411.53,success,6.17
3964,2215,2023-09-30 17:57:00,536.69,success,8.05
3965,2215,2023-10-17 17:57:00,1934.65,success,29.02
3966,2215,2023-12-01 17:57:00,252.63,success,3.79
3967,2217,2023-12-05 16:42:00,638.92,success,9.58
3968,2217,2023-10-12 16:42:00,6.57,success,0.1
3969,2217,2023-12-11 16:42:00,233.01,success,3.5
3970,2217,2023-09-23 16:42:00,8.57,success,0.13
3971,2217,2023-12-08 16:42:00,1970.46,success,29.56
3972,2217,2023-11-15 16:42:00,11.26,success,0.17
3973,2217,2023-09-18 16:42:00,1697.5,success,25.46
3974,2220,2024-02-21 16:49:00,12.87,success,0.19
3975,2220,2024-04-14 16:49:00,955.64,success,14.33
3976,2220,2024-03-02 16:49:00,6.12,success,0.09
3977,2220,2024-04-01 16:49:00,1030.28,success,15.45
3978,2220,2024-02-13 16:49:00,1499.07,failed,0.0
3979,2220,2024-04-16 16:49:00,87.71,failed,0.0
3980,2220,2024-04-02 16:49:00,295.73,failed,0.0
3981,2220,2024-04-04 16:49:00,393.1,success,5.9
3982,2223,2024-06-07 17:40:00,1362.41,success,20.44
3983,2223,2024-06-21 17:40:00,888.62,success,13.33
3984,2223,2024-07-23 17:40:00,14.94,success,0.22
3985,2224,2024-04-11 03:32:00,245.11,success,3.68
3986,2224,2024-06-06 03:32:00,657.24,success,9.86
3987,2227,2023-09-09 09:32:00,5.85,success,0.09
3988,2227,2023-10-23 09:32:00,360.04,success,5.4
3989,2227,2023-09-27 09:32:00,149.12,success,2.24
3990,2229,2025-02-19 17:49:00,235.3,success,3.53
3991,2230,2024-04-15 06:16:00,1306.75,success,19.6
3992,2230,2024-05-06 06:16:00,295.53,success,4.43
3993,2230,2024-04-16 06:16:00,8.53,success,0.13
3994,2230,2024-04-18 06:16:00,16.45,success,0.25
3995,2230,2024-03-28 06:16:00,117.94,success,1.77
3996,2231,2023-12-02 17:40:00,12.32,success,0.18
3997,2231,2023-10-10 17:40:00,1609.75,success,24.15
3998,2231,2023-10-27 17:40:00,269.08,success,4.04
3999,2233,2023-08-10 18:28:00,396.06,success,5.94
4000,2233,2023-09-18 18:28:00,14.07,failed,0.0
4001,2233,2023-09-13 18:28:00,300.97,success,4.51
4002,2235,2023-11-02 13:19:00,248.61,success,3.73
4003,2235,2023-11-11 13:19:00,656.9,success,9.85
4004,2235,2023-12-15 13:19:00,858.08,success,12.87
4005,2235,2023-11-28 13:19:00,802.45,success,12.04
4006,2235,2023-10-15 13:19:00,443.19,success,6.65
4007,2235,2023-10-14 13:19:00,410.57,success,6.16
4008,2235,2023-10-10 13:19:00,14.59,success,0.22
4009,2235,2023-11-04 13:19:00,9.37,success,0.14
4010,2240,2024-08-30 00:30:00,5.57,success,0.08
4011,2240,2024-10-23 00:30:00,12.08,success,0.18
4012,2242,2023-11-09 23:47:00,8.86,success,0.13
4013,2242,2023-09-25 23:47:00,16.11,success,0.24
4014,2242,2023-12-13 23:47:00,86.02,failed,0.0
4015,2246,2023-07-28 06:24:00,396.86,success,5.95
4016,2246,2023-09-20 06:24:00,231.71,success,3.48
4017,2246,2023-08-21 06:24:00,481.87,success,7.23
4018,2246,2023-07-21 06:24:00,9.89,failed,0.0
4019,2246,2023-09-21 06:24:00,12.84,success,0.19
4020,2248,2024-07-01 17:15:00,306.14,failed,0.0
4021,2248,2024-07-15 17:15:00,1484.59,success,22.27
4022,2248,2024-06-25 17:15:00,9.8,success,0.15
4023,2248,2024-08-10 17:15:00,1883.48,success,28.25
4024,2248,2024-07-11 17:15:00,14.63,success,0.22
4025,2248,2024-08-10 17:15:00,5.62,success,0.08
4026,2248,2024-06-16 17:15:00,843.23,success,12.65
4027,2249,2023-05-30 17:37:00,16.63,success,0.25
4028,2249,2023-05-25 17:37:00,14.4,success,0.22
4029,2249,2023-08-01 17:37:00,7.58,success,0.11
4030,2249,2023-07-31 17:37:00,308.19,success,4.62
4031,2249,2023-08-07 17:37:00,5.91,success,0.09
4032,2249,2023-07-11 17:37:00,17.73,failed,0.0
4033,2249,2023-07-14 17:37:00,346.3,failed,0.0
4034,2250,2023-04-05 03:50:00,325.2,success,4.88
4035,2250,2023-03-05 03:50:00,18.4,success,0.28
4036,2250,2023-03-19 03:50:00,845.29,success,12.68
4037,2250,2023-03-17 03:50:00,302.7,success,4.54
4038,2250,2023-03-06 03:50:00,7.75,success,0.12
4039,2250,2023-01-25 03:50:00,242.65,failed,0.0
4040,2254,2025-03-09 15:33:00,473.95,success,7.11
4041,2254,2025-01-29 15:33:00,173.24,success,2.6
4042,2254,2025-02-23 15:33:00,18.18,success,0.27
4043,2254,2025-02-15 15:33:00,97.75,success,1.47
4044,2257,2023-09-23 21:32:00,1047.2,success,15.71
4045,2260,2023-12-14 11:27:00,255.16,success,3.83
4046,2260,2024-01-24 11:27:00,15.01,success,0.23
4047,2260,2023-12-27 11:27:00,301.84,success,4.53
4048,2260,2024-01-20 11:27:00,800.54,success,12.01
4049,2260,2023-11-06 11:27:00,12.21,success,0.18
4050,2260,2024-01-17 11:27:00,1792.46,success,26.89
4051,2260,2024-01-25 11:27:00,1237.0,failed,0.0
4052,2261,2024-12-10 07:38:00,8.82,failed,0.0
4053,2261,2025-01-23 07:38:00,1575.58,success,23.63
4054,2261,2024-12-22 07:38:00,243.88,success,3.66
4055,2262,2024-01-01 07:50:00,180.74,success,2.71
4056,2262,2023-12-11 07:50:00,670.35,success,10.06
4057,2262,2024-02-20 07:50:00,1778.28,success,26.67
4058,2262,2024-01-26 07:50:00,660.25,success,9.9
4059,2262,2023-12-12 07:50:00,1430.83,success,21.46
4060,2262,2024-02-13 07:50:00,206.31,success,3.09
4061,2267,2023-11-12 22:46:00,9.88,success,0.15
4062,2267,2023-10-05 22:46:00,14.68,success,0.22
4063,2267,2023-11-29 22:46:00,1169.97,success,17.55
4064,2267,2023-12-04 22:46:00,619.86,success,9.3
4065,2267,2023-10-06 22:46:00,7.88,success,0.12
4066,2267,2023-10-22 22:46:00,1923.18,failed,0.0
4067,2268,2024-09-05 03:48:00,18.24,success,0.27
4068,2268,2024-07-17 03:48:00,17.54,success,0.26
4069,2268,2024-08-17 03:48:00,10.22,success,0.15
4070,2274,2024-07-05 15:32:00,9.16,failed,0.0
4071,2274,2024-06-21 15:32:00,17.39,success,0.26
4072,2274,2024-05-27 15:32:00,115.38,success,1.73
4073,2274,2024-07-22 15:32:00,600.96,success,9.01
4074,2274,2024-07-26 15:32:00,176.43,success,2.65
4075,2277,2024-03-22 02:27:00,1106.53,success,16.6
4076,2277,2024-02-11 02:27:00,15.65,success,0.23
4077,2277,2024-01-22 02:27:00,976.34,success,14.65
4078,2277,2024-01-29 02:27:00,7.27,success,0.11
4079,2277,2024-01-31 02:27:00,727.37,success,10.91
4080,2277,2024-02-22 02:27:00,17.27,success,0.26
4081,2277,2024-03-05 02:27:00,83.58,success,1.25
4082,2277,2024-03-14 02:27:00,6.52,failed,0.0
4083,2281,2023-02-07 22:58:00,832.94,success,12.49
4084,2282,2023-12-08 11:57:00,549.32,failed,0.0
4085,2282,2023-11-15 11:57:00,260.24,success,3.9
4086,2282,2023-12-23 11:57:00,265.35,success,3.98
4087,2282,2023-10-27 11:57:00,749.11,success,11.24
4088,2282,2023-11-29 11:57:00,16.27,failed,0.0
4089,2282,2023-11-20 11:57:00,272.22,success,4.08
4090,2286,2024-06-25 19:40:00,11.23,success,0.17
4091,2286,2024-04-26 19:40:00,488.23,success,7.32
4092,2286,2024-05-13 19:40:00,8.44,success,0.13
4093,2289,2023-09-02 01:50:00,12.32,success,0.18
4094,2289,2023-10-25 01:50:00,16.91,success,0.25
4095,2289,2023-08-23 01:50:00,197.57,failed,0.0
4096,2289,2023-10-16 01:50:00,1866.15,success,27.99
4097,2289,2023-10-14 01:50:00,11.89,success,0.18
4098,2296,2023-10-30 04:16:00,1037.09,success,15.56
4099,2296,2023-12-05 04:16:00,265.82,success,3.99
4100,2297,2024-02-15 14:57:00,89.95,failed,0.0
4101,2297,2024-05-09 14:57:00,1588.61,failed,0.0
4102,2297,2024-02-21 14:57:00,1037.11,success,15.56
4103,2297,2024-04-17 14:57:00,5.07,success,0.08
4104,2297,2024-03-16 14:57:00,18.08,success,0.27
4105,2297,2024-04-03 14:57:00,99.36,success,1.49
4106,2297,2024-04-30 14:57:00,1409.68,success,21.15
4107,2298,2024-11-04 18:20:00,12.21,success,0.18
4108,2298,2024-11-01 18:20:00,1054.41,success,15.82
4109,2298,2024-08-23 18:20:00,18.19,success,0.27
4110,2298,2024-09-02 18:20:00,1311.77,failed,0.0
4111,2302,2024-06-18 21:13:00,6.43,success,0.1
4112,2302,2024-07-16 21:13:00,178.55,success,2.68
4113,2302,2024-07-04 21:13:00,72.72,success,1.09
4114,2302,2024-07-30 21:13:00,181.13,failed,0.0
4115,2302,2024-07-22 21:13:00,1367.63,success,20.51
4116,2302,2024-06-13 21:13:00,10.44,success,0.16
4117,2302,2024-06-26 21:13:00,6.53,success,0.1
4118,2304,2023-12-06 04:32:00,1979.78,success,29.7
4119,2305,2024-11-13 20:08:00,1729.04,success,25.94
4120,2305,2024-12-07 20:08:00,344.87,success,5.17
4121,2305,2024-11-02 20:08:00,19.61,success,0.29
4122,2305,2024-12-28 20:08:00,810.56,success,12.16
4123,2306,2024-11-18 05:07:00,212.58,failed,0.0
4124,2306,2024-10-22 05:07:00,339.44,success,5.09
4125,2306,2024-10-06 05:07:00,18.59,success,0.28
4126,2306,2024-10-21 05:07:00,7.85,success,0.12
4127,2306,2024-11-12 05:07:00,1635.98,success,24.54
4128,2306,2024-08-27 05:07:00,1110.18,success,16.65
4129,2306,2024-10-18 05:07:00,16.23,success,0.24
4130,2306,2024-10-11 05:07:00,1333.26,success,20.0
4131,2311,2024-02-14 17:01:00,12.7,success,0.19
4132,2311,2023-12-14 17:01:00,245.97,success,3.69
4133,2311,2023-12-29 17:01:00,506.52,success,7.6
4134,2311,2024-01-10 17:01:00,275.35,success,4.13
4135,2311,2023-12-27 17:01:00,1413.06,success,21.2
4136,2311,2024-01-15 17:01:00,217.58,success,3.26
4137,2311,2023-12-18 17:01:00,87.23,success,1.31
4138,2311,2024-01-05 17:01:00,17.93,failed,0.0
4139,2313,2024-05-04 10:41:00,1594.97,failed,0.0
4140,2313,2024-04-22 10:41:00,8.7,success,0.13
4141,2313,2024-05-15 10:41:00,1162.45,failed,0.0
4142,2315,2023-04-02 12:42:00,206.45,success,3.1
4143,2315,2023-03-29 12:42:00,291.32,success,4.37
4144,2315,2023-04-26 12:42:00,1639.96,success,24.6
4145,2315,2023-04-16 12:42:00,441.84,success,6.63
4146,2315,2023-04-20 12:42:00,10.14,success,0.15
4147,2315,2023-04-17 12:42:00,679.53,success,10.19
4148,2315,2023-03-19 12:42:00,15.92,success,0.24
4149,2315,2023-02-17 12:42:00,15.81,success,0.24
4150,2316,2024-07-07 14:09:00,19.22,success,0.29
4151,2316,2024-08-02 14:09:00,10.52,failed,0.0
4152,2316,2024-06-23 14:09:00,498.67,success,7.48
4153,2320,2023-06-20 09:58:00,205.18,success,3.08
4154,2320,2023-05-03 09:58:00,313.36,failed,0.0
4155,2321,2023-06-11 19:14:00,1487.23,success,22.31
4156,2325,2023-05-17 03:16:00,249.86,success,3.75
4157,2325,2023-06-10 03:16:00,14.64,failed,0.0
4158,2325,2023-07-01 03:16:00,1088.35,success,16.33
4159,2326,2023-06-24 14:39:00,11.78,success,0.18
4160,2326,2023-06-26 14:39:00,18.58,success,0.28
4161,2326,2023-06-16 14:39:00,10.78,success,0.16
4162,2326,2023-08-14 14:39:00,101.8,success,1.53
4163,2326,2023-07-22 14:39:00,531.25,success,7.97
4164,2329,2023-11-10 07:21:00,8.38,success,0.13
4165,2329,2023-10-30 07:21:00,1468.45,success,22.03
4166,2329,2023-12-05 07:21:00,16.5,failed,0.0
4167,2329,2023-12-15 07:21:00,495.33,success,7.43
4168,2329,2023-12-08 07:21:00,56.43,success,0.85
4169,2329,2023-12-07 07:21:00,17.28,success,0.26
4170,2329,2023-12-20 07:21:00,219.92,success,3.3
4171,2329,2023-11-22 07:21:00,107.06,success,1.61
4172,2330,2025-03-09 12:30:00,1498.39,success,22.48
4173,2330,2025-01-21 12:30:00,324.81,success,4.87
4174,2330,2025-02-21 12:30:00,78.26,success,1.17
4175,2330,2025-02-26 12:30:00,17.03,success,0.26
4176,2330,2025-02-10 12:30:00,1456.28,success,21.84
4177,2333,2024-08-03 22:00:00,117.34,success,1.76
4178,2333,2024-08-07 22:00:00,275.87,success,4.14
4179,2333,2024-08-10 22:00:00,784.17,success,11.76
4180,2333,2024-07-11 22:00:00,14.91,success,0.22
4181,2333,2024-05-30 22:00:00,430.74,success,6.46
4182,2333,2024-08-06 22:00:00,406.68,success,6.1
4183,2336,2024-11-14 20:34:00,6.85,success,0.1
4184,2336,2024-11-05 20:34:00,59.37,success,0.89
4185,2336,2024-08-26 20:34:00,1333.45,failed,0.0
4186,2336,2024-09-08 20:34:00,466.12,success,6.99
4187,2336,2024-09-11 20:34:00,1806.42,success,27.1
4188,2336,2024-11-12 20:34:00,950.61,success,14.26
4189,2336,2024-09-26 20:34:00,1955.86,success,29.34
4190,2336,2024-10-11 20:34:00,237.09,success,3.56
4191,2340,2023-05-22 04:48:00,1047.14,success,15.71
4192,2340,2023-03-19 04:48:00,17.06,success,0.26
4193,2340,2023-03-17 04:48:00,522.32,success,7.83
4194,2340,2023-05-26 04:48:00,1148.49,success,17.23
4195,2340,2023-04-03 04:48:00,15.05,success,0.23
4196,2340,2023-03-05 04:48:00,606.86,success,9.1
4197,2340,2023-03-16 04:48:00,10.28,failed,0.0
4198,2340,2023-04-03 04:48:00,437.48,success,6.56
4199,2343,2024-02-10 21:27:00,80.14,success,1.2
4200,2343,2024-02-01 21:27:00,10.69,success,0.16
4201,2347,2023-07-28 23:38:00,956.09,success,14.34
4202,2351,2024-08-16 00:18:00,619.67,success,9.3
4203,2351,2024-08-26 00:18:00,1267.3,success,19.01
4204,2351,2024-08-29 00:18:00,19.94,failed,0.0
4205,2352,2023-05-02 22:36:00,961.58,success,14.42
4206,2354,2024-05-14 20:23:00,248.3,success,3.72
4207,2358,2024-05-22 02:37:00,1013.23,failed,0.0
4208,2359,2023-12-28 16:17:00,8.39,success,0.13
4209,2359,2023-12-29 16:17:00,217.84,success,3.27
4210,2359,2023-12-30 16:17:00,5.85,success,0.09
4211,2359,2024-01-11 16:17:00,127.47,success,1.91
4212,2366,2023-03-28 07:29:00,17.18,success,0.26
4213,2366,2023-03-25 07:29:00,1352.03,failed,0.0
4214,2366,2023-05-13 07:29:00,570.92,success,8.56
4215,2367,2024-03-30 12:35:00,1269.16,success,19.04
4216,2367,2024-06-16 12:35:00,17.45,failed,0.0
4217,2367,2024-05-27 12:35:00,14.05,success,0.21
4218,2367,2024-05-15 12:35:00,1246.18,success,18.69
4219,2367,2024-04-02 12:35:00,1458.35,success,21.88
4220,2367,2024-05-04 12:35:00,117.33,success,1.76
4221,2367,2024-04-10 12:35:00,857.34,failed,0.0
4222,2367,2024-05-29 12:35:00,249.06,success,3.74
4223,2369,2024-02-21 14:42:00,1755.83,success,26.34
4224,2369,2024-03-02 14:42:00,342.3,success,5.13
4225,2369,2024-02-27 14:42:00,458.49,success,6.88
4226,2369,2023-12-30 14:42:00,10.64,success,0.16
4227,2371,2025-03-19 23:54:00,6.32,success,0.09
4228,2374,2024-01-17 07:27:00,1288.6,failed,0.0
4229,2374,2024-03-10 07:27:00,106.69,success,1.6
4230,2374,2024-01-16 07:27:00,8.36,success,0.13
4231,2374,2024-04-05 07:27:00,13.52,success,0.2
4232,2374,2024-04-01 07:27:00,1440.5,success,21.61
4233,2374,2024-02-18 07:27:00,1585.58,success,23.78
4234,2374,2024-04-05 07:27:00,1969.58,failed,0.0
4235,2375,2024-02-07 03:54:00,18.72,failed,0.0
4236,2375,2024-03-07 03:54:00,95.61,success,1.43
4237,2375,2024-02-21 03:54:00,15.92,success,0.24
4238,2375,2024-01-21 03:54:00,389.27,success,5.84
4239,2377,2024-06-16 20:11:00,1712.9,success,25.69
4240,2377,2024-07-27 20:11:00,1872.33,success,28.08
4241,2377,2024-05-18 20:11:00,574.58,success,8.62
4242,2381,2024-01-01 23:46:00,1137.42,success,17.06
4243,2381,2024-01-03 23:46:00,281.12,success,4.22
4244,2381,2024-01-03 23:46:00,1138.88,success,17.08
4245,2381,2024-01-01 23:46:00,15.42,success,0.23
4246,2381,2024-02-24 23:46:00,502.91,success,7.54
4247,2382,2024-06-28 08:24:00,1378.92,success,20.68
4248,2382,2024-07-02 08:24:00,327.55,success,4.91
4249,2382,2024-06-27 08:24:00,6.95,success,0.1
4250,2386,2025-01-13 04:55:00,540.77,success,8.11
4251,2386,2025-02-04 04:55:00,1667.62,failed,0.0
4252,2386,2025-03-14 04:55:00,16.44,success,0.25
4253,2389,2024-03-01 01:43:00,7.68,success,0.12
4254,2389,2024-03-07 01:43:00,487.82,success,7.32
4255,2389,2023-12-24 01:43:00,7.58,success,0.11
4256,2389,2024-03-03 01:43:00,265.15,success,3.98
4257,2389,2024-01-11 01:43:00,440.15,success,6.6
4258,2389,2024-03-13 01:43:00,156.08,success,2.34
4259,2389,2024-01-08 01:43:00,433.05,success,6.5
4260,2389,2024-01-19 01:43:00,599.86,success,9.0
4261,2391,2023-07-25 11:09:00,7.28,success,0.11
4262,2392,2024-09-28 20:42:00,712.86,success,10.69
4263,2392,2024-08-27 20:42:00,791.08,success,11.87
4264,2392,2024-10-07 20:42:00,5.94,success,0.09
4265,2395,2023-09-21 06:48:00,862.2,success,12.93
4266,2395,2023-08-18 06:48:00,478.46,failed,0.0
4267,2396,2025-01-24 07:33:00,15.46,success,0.23
4268,2396,2024-12-06 07:33:00,998.86,success,14.98
4269,2396,2024-11-30 07:33:00,1103.55,success,16.55
4270,2396,2024-12-12 07:33:00,1004.75,success,15.07
4271,2396,2024-11-27 07:33:00,418.22,failed,0.0
4272,2399,2024-09-01 15:11:00,8.73,success,0.13
4273,2399,2024-08-28 15:11:00,1408.86,success,21.13
4274,2399,2024-08-14 15:11:00,254.25,success,3.81
4275,2399,2024-08-05 15:11:00,212.02,success,3.18
4276,2399,2024-08-28 15:11:00,1153.28,success,17.3
4277,2399,2024-08-26 15:11:00,97.37,success,1.46
4278,2402,2024-04-14 16:31:00,101.65,success,1.52
4279,2402,2024-04-02 16:31:00,933.16,success,14.0
4280,2404,2023-07-26 00:29:00,17.98,success,0.27
4281,2407,2024-08-07 11:54:00,237.04,failed,0.0
4282,2407,2024-08-24 11:54:00,140.59,failed,0.0
4283,2407,2024-07-14 11:54:00,452.85,success,6.79
4284,2407,2024-07-12 11:54:00,263.67,success,3.96
4285,2407,2024-06-29 11:54:00,600.27,success,9.0
4286,2407,2024-09-07 11:54:00,1193.93,success,17.91
4287,2412,2024-10-21 00:49:00,15.54,success,0.23
4288,2413,2024-11-27 20:55:00,6.52,failed,0.0
4289,2413,2024-10-10 20:55:00,19.11,failed,0.0
4290,2413,2024-10-27 20:55:00,484.86,success,7.27
4291,2413,2024-11-05 20:55:00,882.51,success,13.24
4292,2415,2023-10-14 23:19:00,14.9,failed,0.0
4293,2415,2023-10-28 23:19:00,1647.15,success,24.71
4294,2415,2023-11-29 23:19:00,17.54,success,0.26
4295,2415,2023-10-15 23:19:00,493.29,success,7.4
4296,2419,2023-05-09 23:54:00,10.04,success,0.15
4297,2419,2023-04-10 23:54:00,154.92,success,2.32
4298,2419,2023-03-23 23:54:00,878.78,success,13.18
4299,2419,2023-03-25 23:54:00,437.53,success,6.56
4300,2419,2023-05-07 23:54:00,240.02,failed,0.0
4301,2420,2023-11-18 14:54:00,1033.2,success,15.5
4302,2420,2024-02-04 14:54:00,1778.57,success,26.68
4303,2420,2024-01-08 14:54:00,334.29,success,5.01
4304,2422,2023-12-06 07:40:00,19.5,success,0.29
4305,2422,2023-12-20 07:40:00,335.96,success,5.04
4306,2422,2023-10-28 07:40:00,357.55,success,5.36
4307,2426,2024-06-15 07:33:00,1572.08,success,23.58
4308,2426,2024-05-27 07:33:00,1687.48,success,25.31
4309,2426,2024-04-06 07:33:00,1777.3,success,26.66
4310,2426,2024-06-07 07:33:00,417.43,success,6.26
4311,2427,2023-08-08 02:06:00,1585.55,success,23.78
4312,2427,2023-06-29 02:06:00,934.41,success,14.02
4313,2427,2023-07-28 02:06:00,691.96,success,10.38
4314,2427,2023-09-25 02:06:00,1185.55,success,17.78
4315,2431,2024-08-01 07:34:00,5.53,failed,0.0
4316,2431,2024-07-17 07:34:00,379.92,success,5.7
4317,2431,2024-08-04 07:34:00,6.51,success,0.1
4318,2431,2024-05-21 07:34:00,1660.31,success,24.9
4319,2431,2024-07-25 07:34:00,18.35,success,0.28
4320,2431,2024-08-11 07:34:00,108.4,success,1.63
4321,2435,2024-01-26 04:18:00,109.94,failed,0.0
4322,2435,2024-02-22 04:18:00,1747.74,success,26.22
4323,2435,2024-02-13 04:18:00,390.13,success,5.85
4324,2437,2024-07-24 12:59:00,733.41,success,11.0
4325,2437,2024-07-25 12:59:00,109.11,success,1.64
4326,2437,2024-08-25 12:59:00,779.33,success,11.69
4327,2437,2024-08-10 12:59:00,1551.98,success,23.28
4328,2437,2024-07-13 12:59:00,122.78,success,1.84
4329,2438,2024-08-02 07:00:00,13.32,success,0.2
4330,2438,2024-06-06 07:00:00,411.25,success,6.17
4331,2441,2023-08-07 22:35:00,875.11,success,13.13
4332,2445,2024-02-10 09:50:00,9.53,success,0.14
4333,2445,2024-01-19 09:50:00,1002.33,success,15.03
4334,2445,2023-11-21 09:50:00,134.93,success,2.02
4335,2446,2023-05-21 14:10:00,18.78,success,0.28
4336,2446,2023-07-15 14:10:00,11.2,success,0.17
4337,2446,2023-07-01 14:10:00,87.77,success,1.32
4338,2446,2023-07-14 14:10:00,141.38,success,2.12
4339,2446,2023-06-17 14:10:00,14.55,success,0.22
4340,2446,2023-08-13 14:10:00,1013.72,success,15.21
4341,2447,2023-06-06 20:46:00,674.79,success,10.12
4342,2447,2023-08-11 20:46:00,1352.47,success,20.29
4343,2447,2023-06-23 20:46:00,426.22,success,6.39
4344,2447,2023-06-30 20:46:00,390.73,success,5.86
4345,2452,2024-09-15 16:16:00,1359.82,success,20.4
4346,2452,2024-11-23 16:16:00,14.75,success,0.22
4347,2452,2024-11-04 16:16:00,593.99,success,8.91
4348,2453,2025-01-13 10:31:00,1654.55,success,24.82
4349,2453,2024-12-27 10:31:00,10.11,success,0.15
4350,2453,2024-12-25 10:31:00,662.1,success,9.93
4351,2454,2023-08-09 03:31:00,19.67,success,0.3
4352,2460,2023-08-05 00:13:00,8.68,success,0.13
4353,2466,2023-01-16 06:40:00,395.14,success,5.93
4354,2466,2023-01-27 06:40:00,13.77,success,0.21
4355,2466,2023-01-28 06:40:00,563.31,success,8.45
4356,2466,2023-01-28 06:40:00,167.66,success,2.51
4357,2467,2023-09-09 09:19:00,733.15,failed,0.0
4358,2467,2023-08-17 09:19:00,836.16,failed,0.0
4359,2467,2023-11-03 09:19:00,1652.24,success,24.78
4360,2467,2023-08-30 09:19:00,18.1,success,0.27
4361,2467,2023-09-13 09:19:00,7.51,success,0.11
4362,2467,2023-08-20 09:19:00,9.46,success,0.14
4363,2467,2023-10-31 09:19:00,180.02,success,2.7
4364,2467,2023-11-11 09:19:00,536.03,success,8.04
4365,2468,2023-02-24 03:41:00,1429.22,success,21.44
4366,2468,2023-04-15 03:41:00,6.16,success,0.09
4367,2468,2023-03-06 03:41:00,19.71,failed,0.0
4368,2468,2023-02-25 03:41:00,88.65,success,1.33
4369,2469,2023-06-22 07:19:00,7.05,failed,0.0
4370,2469,2023-07-16 07:19:00,227.86,success,3.42
4371,2469,2023-07-04 07:19:00,423.93,success,6.36
4372,2471,2024-03-27 13:09:00,768.83,success,11.53
4373,2471,2024-03-07 13:09:00,797.9,success,11.97
4374,2471,2024-03-29 13:09:00,8.3,success,0.12
4375,2471,2024-02-26 13:09:00,16.52,success,0.25
4376,2471,2024-03-25 13:09:00,1737.78,success,26.07
4377,2471,2024-02-06 13:09:00,295.95,success,4.44
4378,2472,2024-03-19 11:57:00,220.58,success,3.31
4379,2472,2024-03-18 11:57:00,137.87,success,2.07
4380,2472,2024-02-01 11:57:00,770.83,success,11.56
4381,2473,2023-04-04 08:27:00,1526.58,success,22.9
4382,2473,2023-05-08 08:27:00,51.57,success,0.77
4383,2473,2023-05-01 08:27:00,18.59,failed,0.0
4384,2475,2024-05-13 13:16:00,292.42,success,4.39
4385,2475,2024-05-25 13:16:00,14.07,success,0.21
4386,2475,2024-05-24 13:16:00,748.46,success,11.23
4387,2479,2024-03-22 07:28:00,6.26,success,0.09
4388,2479,2024-05-06 07:28:00,274.55,success,4.12
4389,2479,2024-04-10 07:28:00,554.63,success,8.32
4390,2479,2024-04-25 07:28:00,9.37,success,0.14
4391,2479,2024-03-26 07:28:00,9.15,success,0.14
4392,2479,2024-05-16 07:28:00,1246.75,success,18.7
4393,2479,2024-02-27 07:28:00,414.16,failed,0.0
4394,2479,2024-02-23 07:28:00,421.46,success,6.32
4395,2482,2024-02-14 16:29:00,9.07,failed,0.0
4396,2482,2024-03-13 16:29:00,247.51,success,3.71
4397,2482,2024-04-06 16:29:00,220.34,success,3.31
4398,2482,2024-01-29 16:29:00,1904.6,success,28.57
4399,2482,2024-03-31 16:29:00,180.76,success,2.71
4400,2483,2023-04-30 16:44:00,1906.81,success,28.6
4401,2484,2023-10-03 09:07:00,1772.15,failed,0.0
4402,2484,2023-09-14 09:07:00,15.38,failed,0.0
4403,2484,2023-10-08 09:07:00,9.98,success,0.15
4404,2484,2023-08-29 09:07:00,11.77,success,0.18
4405,2484,2023-11-25 09:07:00,14.05,success,0.21
4406,2484,2023-09-30 09:07:00,1598.99,failed,0.0
4407,2485,2023-11-07 15:57:00,289.28,success,4.34
4408,2485,2023-10-08 15:57:00,11.05,success,0.17
4409,2485,2023-11-16 15:57:00,461.09,success,6.92
4410,2488,2024-08-08 03:24:00,1698.05,success,25.47
4411,2488,2024-08-08 03:24:00,99.53,failed,0.0
4412,2488,2024-07-09 03:24:00,223.35,success,3.35
4413,2488,2024-07-31 03:24:00,18.71,success,0.28
4414,2488,2024-07-22 03:24:00,543.65,success,8.15
4415,2491,2024-03-02 04:23:00,64.19,success,0.96
4416,2491,2024-04-13 04:23:00,182.79,success,2.74
4417,2492,2023-03-02 04:55:00,837.94,success,12.57
4418,2492,2023-05-26 04:55:00,12.85,success,0.19
4419,2493,2024-03-24 07:03:00,1295.21,success,19.43
4420,2493,2024-04-01 07:03:00,127.89,failed,0.0
4421,2493,2024-04-11 07:03:00,1275.34,success,19.13
4422,2493,2024-03-28 07:03:00,16.93,success,0.25
4423,2493,2024-04-06 07:03:00,118.83,success,1.78
4424,2494,2023-05-05 16:44:00,80.77,success,1.21
4425,2494,2023-06-07 16:44:00,1520.65,success,22.81
4426,2494,2023-05-18 16:44:00,1075.35,success,16.13
4427,2496,2025-01-02 18:35:00,11.15,success,0.17
4428,2497,2024-06-19 00:22:00,678.01,success,10.17
4429,2497,2024-05-25 00:22:00,439.5,success,6.59
4430,2497,2024-07-14 00:22:00,1958.76,success,29.38
4431,2497,2024-08-01 00:22:00,153.33,success,2.3
4432,2499,2023-06-24 18:00:00,1723.95,success,25.86
4433,2499,2023-06-24 18:00:00,1930.61,success,28.96
4434,2499,2023-06-24 18:00:00,152.93,failed,0.0
4435,2499,2023-08-03 18:00:00,1540.21,success,23.1
4436,2499,2023-07-13 18:00:00,78.99,success,1.18
4437,2499,2023-08-29 18:00:00,1896.4,success,28.45
4438,2499,2023-07-23 18:00:00,13.31,success,0.2
4439,2499,2023-08-14 18:00:00,1904.75,success,28.57
4440,2507,2023-06-17 17:17:00,330.15,success,4.95
4441,2507,2023-08-12 17:17:00,1263.92,success,18.96
4442,2507,2023-08-20 17:17:00,792.14,success,11.88
4443,2507,2023-08-06 17:17:00,265.53,success,3.98
4444,2507,2023-06-18 17:17:00,100.48,success,1.51
4445,2507,2023-08-16 17:17:00,355.19,success,5.33
4446,2508,2023-11-11 16:54:00,719.4,success,10.79
4447,2508,2023-11-20 16:54:00,317.08,success,4.76
4448,2508,2023-12-10 16:54:00,1221.75,success,18.33
4449,2508,2023-09-13 16:54:00,1131.07,success,16.97
4450,2508,2023-10-25 16:54:00,68.39,success,1.03
4451,2509,2023-07-31 11:32:00,293.89,success,4.41
4452,2509,2023-08-06 11:32:00,302.69,success,4.54
4453,2514,2023-10-15 17:18:00,8.64,success,0.13
4454,2514,2023-11-25 17:18:00,243.91,success,3.66
4455,2514,2023-11-26 17:18:00,342.24,success,5.13
4456,2514,2023-09-29 17:18:00,650.98,success,9.76
4457,2515,2024-01-30 06:49:00,1227.13,success,18.41
4458,2515,2024-02-11 06:49:00,1234.25,success,18.51
4459,2515,2023-12-21 06:49:00,518.48,success,7.78
4460,2515,2024-01-17 06:49:00,1876.98,failed,0.0
4461,2515,2024-02-12 06:49:00,1537.47,success,23.06
4462,2515,2024-01-22 06:49:00,1727.86,success,25.92
4463,2515,2024-02-11 06:49:00,1517.98,success,22.77
4464,2515,2023-12-31 06:49:00,376.51,success,5.65
4465,2519,2024-04-16 23:33:00,282.61,success,4.24
4466,2519,2024-03-28 23:33:00,490.42,success,7.36
4467,2519,2024-03-11 23:33:00,1694.88,failed,0.0
4468,2519,2024-04-04 23:33:00,334.91,success,5.02
4469,2519,2024-05-02 23:33:00,1821.75,success,27.33
4470,2519,2024-04-16 23:33:00,1567.02,failed,0.0
4471,2519,2024-03-12 23:33:00,531.19,success,7.97
4472,2519,2024-02-07 23:33:00,367.31,success,5.51
4473,2521,2024-05-19 14:06:00,769.6,success,11.54
4474,2521,2024-04-19 14:06:00,350.39,success,5.26
4475,2521,2024-04-05 14:06:00,417.42,success,6.26
4476,2521,2024-04-29 14:06:00,1998.47,success,29.98
4477,2521,2024-06-08 14:06:00,287.3,success,4.31
4478,2521,2024-05-02 14:06:00,11.67,success,0.18
4479,2521,2024-04-07 14:06:00,209.81,failed,0.0
4480,2521,2024-06-22 14:06:00,1021.93,success,15.33
4481,2525,2023-03-28 02:08:00,231.89,success,3.48
4482,2525,2023-02-28 02:08:00,912.49,failed,0.0
4483,2525,2023-03-10 02:08:00,116.21,failed,0.0
4484,2526,2024-06-03 02:20:00,476.54,success,7.15
4485,2526,2024-07-18 02:20:00,656.38,success,9.85
4486,2526,2024-07-17 02:20:00,14.78,success,0.22
4487,2526,2024-08-14 02:20:00,318.43,success,4.78
4488,2526,2024-07-03 02:20:00,67.31,failed,0.0
4489,2526,2024-07-27 02:20:00,10.71,success,0.16
4490,2528,2023-11-02 15:44:00,1395.23,success,20.93
4491,2528,2023-10-31 15:44:00,283.88,success,4.26
4492,2528,2023-12-20 15:44:00,9.52,success,0.14
4493,2529,2023-04-23 05:54:00,574.01,success,8.61
4494,2529,2023-03-06 05:54:00,1973.07,failed,0.0
4495,2529,2023-05-20 05:54:00,289.41,success,4.34
4496,2531,2024-01-13 19:56:00,5.15,success,0.08
4497,2531,2024-02-27 19:56:00,701.23,success,10.52
4498,2531,2024-01-14 19:56:00,184.93,success,2.77
4499,2531,2024-03-01 19:56:00,1527.12,success,22.91
4500,2531,2024-02-15 19:56:00,210.39,success,3.16
4501,2531,2024-01-19 19:56:00,13.44,success,0.2
4502,2531,2024-02-10 19:56:00,912.51,success,13.69
4503,2533,2024-11-19 02:43:00,5.36,success,0.08
4504,2533,2024-12-17 02:43:00,19.63,success,0.29
4505,2533,2024-11-24 02:43:00,487.06,success,7.31
4506,2534,2023-04-12 08:55:00,7.43,success,0.11
4507,2534,2023-03-06 08:55:00,286.65,success,4.3
4508,2534,2023-02-23 08:55:00,11.59,success,0.17
4509,2536,2023-04-12 02:01:00,75.15,success,1.13
4510,2536,2023-04-16 02:01:00,98.71,success,1.48
4511,2536,2023-04-05 02:01:00,93.46,success,1.4
4512,2536,2023-03-21 02:01:00,6.49,success,0.1
4513,2543,2024-03-21 23:33:00,368.81,failed,0.0
4514,2543,2024-04-12 23:33:00,14.58,failed,0.0
4515,2543,2024-03-31 23:33:00,265.99,failed,0.0
4516,2543,2024-04-14 23:33:00,513.12,success,7.7
4517,2543,2024-04-11 23:33:00,430.34,success,6.46
4518,2543,2024-02-07 23:33:00,189.92,success,2.85
4519,2544,2024-05-17 06:26:00,99.66,success,1.49
4520,2545,2023-03-12 10:10:00,774.24,success,11.61
4521,2549,2024-06-05 17:14:00,7.0,success,0.1
4522,2549,2024-07-11 17:14:00,139.33,success,2.09
4523,2549,2024-08-20 17:14:00,8.94,success,0.13
4524,2549,2024-06-18 17:14:00,1664.27,success,24.96
4525,2549,2024-07-26 17:14:00,1519.41,success,22.79
4526,2549,2024-07-18 17:14:00,167.93,failed,0.0
4527,2550,2024-01-17 08:41:00,12.58,success,0.19
4528,2550,2024-02-01 08:41:00,143.07,success,2.15
4529,2550,2023-12-21 08:41:00,1604.15,success,24.06
4530,2550,2024-02-03 08:41:00,1496.66,failed,0.0
4531,2550,2024-01-14 08:41:00,1099.69,success,16.5
4532,2550,2024-01-25 08:41:00,6.54,success,0.1
4533,2552,2024-09-23 14:44:00,1647.35,success,24.71
4534,2552,2024-08-24 14:44:00,425.4,success,6.38
4535,2552,2024-10-23 14:44:00,734.0,success,11.01
4536,2552,2024-08-14 14:44:00,19.28,success,0.29
4537,2552,2024-09-14 14:44:00,451.41,success,6.77
4538,2552,2024-09-26 14:44:00,952.04,success,14.28
4539,2558,2024-08-20 11:12:00,1417.43,success,21.26
4540,2558,2024-09-05 11:12:00,17.39,success,0.26
4541,2561,2023-12-23 14:42:00,13.01,failed,0.0
4542,2561,2023-11-08 14:42:00,120.24,success,1.8
4543,2561,2023-12-13 14:42:00,85.83,success,1.29
4544,2561,2023-12-15 14:42:00,15.01,success,0.23
4545,2562,2024-05-08 09:05:00,321.29,failed,0.0
4546,2562,2024-03-18 09:05:00,88.16,success,1.32
4547,2567,2023-05-31 18:52:00,59.13,success,0.89
4548,2567,2023-05-20 18:52:00,458.01,failed,0.0
4549,2567,2023-04-24 18:52:00,1805.55,success,27.08
4550,2567,2023-04-01 18:52:00,1444.76,failed,0.0
4551,2567,2023-05-19 18:52:00,123.09,success,1.85
4552,2567,2023-06-06 18:52:00,422.53,failed,0.0
4553,2569,2024-02-10 08:34:00,9.84,success,0.15
4554,2569,2024-03-11 08:34:00,1574.94,failed,0.0
4555,2569,2024-01-27 08:34:00,553.07,failed,0.0
4556,2569,2024-02-26 08:34:00,408.07,failed,0.0
4557,2575,2024-11-07 19:33:00,18.09,success,0.27
4558,2575,2024-10-26 19:33:00,603.23,success,9.05
4559,2575,2024-11-10 19:33:00,15.91,success,0.24
4560,2575,2024-08-18 19:33:00,9.03,failed,0.0
4561,2575,2024-09-25 19:33:00,1154.51,success,17.32
4562,2575,2024-10-26 19:33:00,8.38,success,0.13
4563,2575,2024-09-04 19:33:00,10.85,success,0.16
4564,2575,2024-09-19 19:33:00,299.47,success,4.49
4565,2578,2024-12-18 03:56:00,11.66,success,0.17
4566,2578,2024-11-11 03:56:00,873.44,success,13.1
4567,2578,2024-12-14 03:56:00,371.03,failed,0.0
4568,2579,2024-05-26 18:51:00,16.04,failed,0.0
4569,2579,2024-07-10 18:51:00,428.51,success,6.43
4570,2579,2024-06-14 18:51:00,18.36,success,0.28
4571,2579,2024-07-05 18:51:00,113.57,success,1.7
4572,2579,2024-06-07 18:51:00,495.46,success,7.43
4573,2579,2024-05-23 18:51:00,8.94,success,0.13
4574,2579,2024-05-06 18:51:00,1556.07,success,23.34
4575,2579,2024-04-22 18:51:00,12.52,success,0.19
4576,2580,2023-04-16 22:54:00,5.43,success,0.08
4577,2581,2023-07-22 11:15:00,17.93,success,0.27
4578,2581,2023-07-02 11:15:00,450.74,success,6.76
4579,2581,2023-08-31 11:15:00,17.47,success,0.26
4580,2581,2023-09-07 11:15:00,355.0,success,5.33
4581,2581,2023-07-14 11:15:00,277.38,success,4.16
4582,2581,2023-07-25 11:15:00,925.67,success,13.89
4583,2581,2023-07-17 11:15:00,5.85,success,0.09
4584,2583,2024-04-19 04:17:00,16.28,success,0.24
4585,2583,2024-02-14 04:17:00,150.74,success,2.26
4586,2583,2024-05-04 04:17:00,1113.68,failed,0.0
4587,2583,2024-02-12 04:17:00,19.91,success,0.3
4588,2583,2024-02-27 04:17:00,202.16,success,3.03
4589,2583,2024-03-06 04:17:00,1507.61,success,22.61
4590,2585,2024-07-15 03:11:00,1793.34,success,26.9
4591,2585,2024-07-13 03:11:00,699.51,success,10.49
4592,2585,2024-08-17 03:11:00,731.62,success,10.97
4593,2585,2024-07-21 03:11:00,17.04,success,0.26
4594,2585,2024-09-22 03:11:00,14.19,success,0.21
4595,2585,2024-08-31 03:11:00,14.48,success,0.22
4596,2585,2024-09-26 03:11:00,381.74,success,5.73
4597,2587,2024-02-15 02:14:00,344.81,failed,0.0
4598,2587,2024-01-07 02:14:00,12.19,success,0.18
4599,2588,2023-09-25 16:35:00,1528.45,failed,0.0
4600,2588,2023-10-25 16:35:00,1346.06,success,20.19
4601,2588,2023-10-12 16:35:00,7.97,success,0.12
4602,2591,2024-05-28 16:14:00,1153.3,success,17.3
4603,2591,2024-06-06 16:14:00,529.93,success,7.95
4604,2591,2024-06-01 16:14:00,18.4,success,0.28
4605,2591,2024-07-08 16:14:00,561.67,success,8.43
4606,2591,2024-07-21 16:14:00,15.9,success,0.24
4607,2591,2024-05-07 16:14:00,368.76,success,5.53
4608,2591,2024-06-10 16:14:00,1286.22,success,19.29
4609,2592,2023-07-29 22:17:00,297.78,success,4.47
4610,2592,2023-07-17 22:17:00,252.64,success,3.79
4611,2592,2023-06-19 22:17:00,1224.72,success,18.37
4612,2592,2023-07-18 22:17:00,449.84,success,6.75
4613,2593,2023-11-12 09:40:00,10.04,success,0.15
4614,2593,2023-11-25 09:40:00,822.04,success,12.33
4615,2593,2023-09-13 09:40:00,481.18,success,7.22
4616,2593,2023-09-25 09:40:00,17.29,success,0.26
4617,2593,2023-11-25 09:40:00,110.84,success,1.66
4618,2593,2023-10-24 09:40:00,8.61,success,0.13
4619,2593,2023-10-02 09:40:00,61.29,success,0.92
4620,2593,2023-11-09 09:40:00,144.17,success,2.16
4621,2594,2024-04-06 20:14:00,381.96,success,5.73
4622,2594,2024-03-26 20:14:00,78.26,success,1.17
4623,2594,2024-03-22 20:14:00,1718.44,success,25.78
4624,2594,2024-03-08 20:14:00,871.31,success,13.07
4625,2594,2024-03-13 20:14:00,19.34,success,0.29
4626,2594,2024-02-03 20:14:00,1279.1,success,19.19
4627,2594,2024-03-30 20:14:00,70.47,success,1.06
4628,2594,2024-01-31 20:14:00,64.13,success,0.96
4629,2597,2024-03-03 09:19:00,68.35,success,1.03
4630,2597,2023-12-20 09:19:00,133.32,success,2.0
4631,2597,2024-01-13 09:19:00,1885.76,success,28.29
4632,2597,2024-01-20 09:19:00,251.16,failed,0.0
4633,2597,2023-12-12 09:19:00,8.94,success,0.13
4634,2598,2023-12-06 22:55:00,347.41,success,5.21
4635,2598,2023-11-12 22:55:00,7.73,success,0.12
4636,2598,2023-10-12 22:55:00,207.31,success,3.11
4637,2598,2023-12-01 22:55:00,322.95,success,4.84
4638,2598,2023-12-20 22:55:00,1924.52,success,28.87
4639,2599,2023-06-20 01:41:00,329.18,success,4.94
4640,2599,2023-06-01 01:41:00,11.95,success,0.18
4641,2599,2023-07-16 01:41:00,779.73,success,11.7
4642,2600,2024-08-04 11:32:00,410.6,failed,0.0
4643,2600,2024-07-26 11:32:00,701.71,success,10.53
4644,2600,2024-07-06 11:32:00,412.78,failed,0.0
4645,2601,2023-08-21 20:55:00,13.68,success,0.21
4646,2601,2023-07-11 20:55:00,955.26,failed,0.0
4647,2603,2023-03-12 07:54:00,445.42,success,6.68
4648,2603,2023-03-18 07:54:00,1103.79,success,16.56
4649,2603,2023-05-13 07:54:00,252.42,success,3.79
4650,2607,2023-11-16 17:32:00,10.9,success,0.16
4651,2607,2023-12-21 17:32:00,379.65,success,5.69
4652,2607,2024-01-19 17:32:00,19.37,success,0.29
4653,2608,2023-12-21 13:53:00,18.43,success,0.28
4654,2609,2023-12-13 16:59:00,1549.6,success,23.24
4655,2609,2023-12-25 16:59:00,10.22,success,0.15
4656,2609,2023-10-09 16:59:00,356.26,success,5.34
4657,2609,2023-11-22 16:59:00,578.44,success,8.68
4658,2609,2023-10-29 16:59:00,76.74,success,1.15
4659,2609,2023-10-09 16:59:00,264.55,success,3.97
4660,2611,2025-01-17 12:52:00,423.06,success,6.35
4661,2611,2024-11-17 12:52:00,155.2,success,2.33
4662,2611,2024-12-19 12:52:00,395.94,failed,0.0
4663,2611,2024-12-27 12:52:00,9.75,success,0.15
4664,2611,2024-12-06 12:52:00,9.27,success,0.14
4665,2611,2024-12-12 12:52:00,456.24,success,6.84
4666,2611,2024-12-20 12:52:00,12.06,success,0.18
4667,2615,2024-03-28 13:34:00,147.0,success,2.21
4668,2615,2024-04-18 13:34:00,155.7,failed,0.0
4669,2615,2024-05-01 13:34:00,435.22,success,6.53
4670,2622,2023-01-21 16:23:00,13.62,success,0.2
4671,2622,2023-02-28 16:23:00,90.85,success,1.36
4672,2622,2023-04-03 16:23:00,487.39,success,7.31
4673,2623,2024-12-15 03:47:00,118.8,success,1.78
4674,2623,2024-11-30 03:47:00,1087.71,success,16.32
4675,2625,2024-05-26 17:41:00,18.45,success,0.28
4676,2625,2024-07-14 17:41:00,19.21,success,0.29
4677,2625,2024-08-16 17:41:00,904.26,success,13.56
4678,2626,2024-12-28 08:52:00,63.71,success,0.96
4679,2626,2025-01-05 08:52:00,1630.59,success,24.46
4680,2626,2025-01-17 08:52:00,1311.81,failed,0.0
4681,2627,2023-09-27 14:25:00,90.89,success,1.36
4682,2627,2023-07-16 14:25:00,7.77,success,0.12
4683,2627,2023-07-30 14:25:00,416.04,success,6.24
4684,2627,2023-09-17 14:25:00,889.64,failed,0.0
4685,2627,2023-10-06 14:25:00,5.73,success,0.09
4686,2627,2023-10-05 14:25:00,16.0,success,0.24
4687,2627,2023-09-09 14:25:00,17.71,success,0.27
4688,2630,2025-01-22 20:57:00,129.71,success,1.95
4689,2630,2024-12-08 20:57:00,1758.35,success,26.38
4690,2630,2025-02-01 20:57:00,450.76,success,6.76
4691,2634,2023-09-15 12:42:00,568.82,failed,0.0
4692,2634,2023-10-21 12:42:00,1121.17,success,16.82
4693,2634,2023-11-23 12:42:00,348.64,success,5.23
4694,2636,2024-01-16 11:51:00,1023.42,success,15.35
4695,2636,2024-01-23 11:51:00,13.91,success,0.21
4696,2636,2024-02-19 11:51:00,92.19,success,1.38
4697,2640,2024-02-19 18:23:00,19.46,success,0.29
4698,2640,2024-04-07 18:23:00,453.82,success,6.81
4699,2640,2024-03-10 18:23:00,306.31,success,4.59
4700,2648,2024-07-08 10:09:00,1444.88,success,21.67
4701,2652,2023-04-23 08:10:00,13.88,success,0.21
4702,2652,2023-04-15 08:10:00,422.01,success,6.33
4703,2652,2023-04-27 08:10:00,409.31,success,6.14
4704,2653,2025-01-21 18:23:00,378.1,success,5.67
4705,2653,2025-03-18 18:23:00,1888.33,success,28.32
4706,2653,2024-12-31 18:23:00,1094.75,failed,0.0
4707,2655,2024-07-31 01:35:00,469.91,success,7.05
4708,2655,2024-09-29 01:35:00,920.75,success,13.81
4709,2658,2023-07-26 23:34:00,230.79,success,3.46
4710,2661,2023-06-04 22:31:00,17.58,success,0.26
4711,2663,2024-10-10 21:36:00,10.11,failed,0.0
4712,2663,2024-11-11 21:36:00,201.55,success,3.02
4713,2663,2024-11-18 21:36:00,647.01,success,9.71
4714,2663,2024-10-06 21:36:00,150.56,success,2.26
4715,2663,2024-11-12 21:36:00,230.39,success,3.46
4716,2665,2024-04-06 21:58:00,1590.16,failed,0.0
4717,2665,2024-05-12 21:58:00,17.7,failed,0.0
4718,2669,2024-04-25 15:56:00,18.07,failed,0.0
4719,2669,2024-05-03 15:56:00,1985.81,success,29.79
4720,2669,2024-04-25 15:56:00,187.97,success,2.82
4721,2669,2024-06-15 15:56:00,360.75,success,5.41
4722,2669,2024-04-02 15:56:00,1921.39,success,28.82
4723,2669,2024-03-30 15:56:00,480.94,success,7.21
4724,2669,2024-06-04 15:56:00,15.71,success,0.24
4725,2672,2024-03-25 07:57:00,1922.31,success,28.83
4726,2672,2024-01-20 07:57:00,1560.81,success,23.41
4727,2674,2023-03-14 17:48:00,274.6,success,4.12
4728,2675,2024-07-19 19:30:00,71.32,failed,0.0
4729,2675,2024-09-18 19:30:00,180.48,failed,0.0
4730,2675,2024-08-05 19:30:00,445.31,failed,0.0
4731,2675,2024-08-17 19:30:00,405.24,success,6.08
4732,2675,2024-08-07 19:30:00,19.49,failed,0.0
4733,2675,2024-08-20 19:30:00,656.53,success,9.85
4734,2675,2024-08-07 19:30:00,6.65,success,0.1
4735,2675,2024-08-14 19:30:00,1443.15,failed,0.0
4736,2676,2024-02-15 21:15:00,13.86,success,0.21
4737,2676,2024-02-26 21:15:00,802.1,success,12.03
4738,2676,2024-01-16 21:15:00,812.94,success,12.19
4739,2678,2024-05-23 20:34:00,1727.47,success,25.91
4740,2678,2024-04-21 20:34:00,1075.24,success,16.13
4741,2678,2024-06-05 20:34:00,14.27,success,0.21
4742,2678,2024-06-15 20:34:00,177.75,success,2.67
4743,2678,2024-05-13 20:34:00,1185.21,success,17.78
4744,2678,2024-04-22 20:34:00,7.03,success,0.11
4745,2678,2024-04-03 20:34:00,1183.64,success,17.75
4746,2678,2024-05-02 20:34:00,17.07,success,0.26
4747,2682,2023-02-16 22:46:00,17.35,failed,0.0
4748,2682,2023-02-06 22:46:00,18.23,success,0.27
4749,2682,2023-03-31 22:46:00,382.8,success,5.74
4750,2682,2023-03-25 22:46:00,10.71,success,0.16
4751,2682,2023-02-25 22:46:00,5.48,failed,0.0
4752,2682,2023-03-04 22:46:00,10.36,success,0.16
4753,2682,2023-04-27 22:46:00,599.38,success,8.99
4754,2683,2024-09-12 21:25:00,1818.52,success,27.28
4755,2685,2023-10-13 13:31:00,1479.47,success,22.19
4756,2688,2023-06-25 05:08:00,18.07,success,0.27
4757,2688,2023-06-07 05:08:00,1361.64,success,20.42
4758,2688,2023-05-20 05:08:00,199.3,success,2.99
4759,2693,2024-11-18 12:42:00,8.98,success,0.13
4760,2693,2024-10-26 12:42:00,494.39,success,7.42
4761,2693,2024-12-06 12:42:00,706.37,success,10.6
4762,2693,2024-09-28 12:42:00,382.21,failed,0.0
4763,2693,2024-11-10 12:42:00,18.83,success,0.28
4764,2693,2024-10-04 12:42:00,594.31,failed,0.0
4765,2695,2024-10-10 09:33:00,10.84,success,0.16
4766,2695,2024-10-04 09:33:00,19.11,success,0.29
4767,2695,2024-10-21 09:33:00,827.62,success,12.41
4768,2695,2024-08-25 09:33:00,1720.63,success,25.81
4769,2695,2024-09-09 09:33:00,8.72,success,0.13
4770,2695,2024-09-06 09:33:00,1014.24,success,15.21
4771,2699,2023-02-15 03:40:00,267.79,success,4.02
4772,2699,2023-04-16 03:40:00,1099.41,success,16.49
4773,2699,2023-01-23 03:40:00,894.04,success,13.41
4774,2699,2023-04-04 03:40:00,1810.23,success,27.15
4775,2699,2023-02-08 03:40:00,11.14,success,0.17
4776,2699,2023-03-19 03:40:00,7.85,success,0.12
4777,2699,2023-03-28 03:40:00,1587.07,success,23.81
4778,2701,2025-02-13 13:48:00,17.18,success,0.26
4779,2701,2025-01-31 13:48:00,1684.79,success,25.27
4780,2701,2025-01-13 13:48:00,152.35,success,2.29
4781,2701,2025-01-29 13:48:00,163.49,success,2.45
4782,2701,2025-02-15 13:48:00,5.37,success,0.08
4783,2703,2024-03-11 23:00:00,326.26,success,4.89
4784,2703,2024-02-22 23:00:00,13.55,success,0.2
4785,2703,2024-03-02 23:00:00,1526.52,success,22.9
4786,2703,2024-03-01 23:00:00,799.88,success,12.0
4787,2703,2024-02-21 23:00:00,383.28,success,5.75
4788,2703,2024-04-05 23:00:00,7.13,success,0.11
4789,2703,2024-02-09 23:00:00,14.64,success,0.22
4790,2703,2024-03-26 23:00:00,6.37,success,0.1
4791,2704,2024-12-03 03:03:00,19.3,success,0.29
4792,2704,2024-09-28 03:03:00,13.1,success,0.2
4793,2704,2024-12-16 03:03:00,6.62,success,0.1
4794,2705,2023-06-03 04:21:00,492.77,success,7.39
4795,2705,2023-03-26 04:21:00,73.74,failed,0.0
4796,2705,2023-05-13 04:21:00,422.21,success,6.33
4797,2705,2023-04-24 04:21:00,1370.59,success,20.56
4798,2705,2023-05-19 04:21:00,19.32,success,0.29
4799,2705,2023-05-18 04:21:00,7.2,failed,0.0
4800,2707,2024-04-17 18:22:00,514.67,success,7.72
4801,2707,2024-04-10 18:22:00,8.85,success,0.13
4802,2707,2024-04-26 18:22:00,16.45,failed,0.0
4803,2707,2024-03-06 18:22:00,267.71,success,4.02
4804,2707,2024-03-15 18:22:00,8.9,failed,0.0
4805,2707,2024-03-26 18:22:00,395.44,success,5.93
4806,2707,2024-03-10 18:22:00,887.95,success,13.32
4807,2711,2023-09-05 00:39:00,1229.82,success,18.45
4808,2711,2023-07-03 00:39:00,85.87,success,1.29
4809,2711,2023-06-23 00:39:00,9.99,success,0.15
4810,2714,2023-03-19 09:45:00,1265.68,success,18.99
4811,2714,2023-04-02 09:45:00,7.95,success,0.12
4812,2714,2023-04-17 09:45:00,544.79,success,8.17
4813,2714,2023-04-02 09:45:00,479.52,success,7.19
4814,2714,2023-03-20 09:45:00,599.92,success,9.0
4815,2716,2024-08-01 11:35:00,261.29,success,3.92
4816,2716,2024-05-17 11:35:00,1826.83,success,27.4
4817,2716,2024-07-10 11:35:00,1320.82,success,19.81
4818,2716,2024-06-20 11:35:00,9.33,success,0.14
4819,2717,2024-11-17 06:17:00,17.21,success,0.26
4820,2717,2025-01-14 06:17:00,14.8,success,0.22
4821,2717,2024-12-11 06:17:00,100.2,success,1.5
4822,2717,2025-02-05 06:17:00,577.79,success,8.67
4823,2717,2024-11-17 06:17:00,1654.26,success,24.81
4824,2717,2025-01-09 06:17:00,216.17,success,3.24
4825,2717,2025-02-03 06:17:00,467.52,success,7.01
4826,2717,2024-11-29 06:17:00,9.26,success,0.14
4827,2722,2024-06-13 18:48:00,390.74,success,5.86
4828,2722,2024-06-27 18:48:00,12.9,success,0.19
4829,2722,2024-06-21 18:48:00,1099.87,success,16.5
4830,2722,2024-08-11 18:48:00,15.83,success,0.24
4831,2722,2024-06-29 18:48:00,1810.54,success,27.16
4832,2726,2024-01-30 05:55:00,218.82,success,3.28
4833,2726,2024-01-13 05:55:00,7.21,success,0.11
4834,2726,2024-02-22 05:55:00,601.88,success,9.03
4835,2726,2024-02-29 05:55:00,878.88,success,13.18
4836,2726,2024-02-20 05:55:00,192.47,success,2.89
4837,2726,2023-12-25 05:55:00,694.32,success,10.41
4838,2727,2023-06-11 06:31:00,18.12,success,0.27
4839,2727,2023-07-11 06:31:00,482.23,failed,0.0
4840,2727,2023-06-27 06:31:00,1749.53,success,26.24
4841,2736,2024-09-15 12:45:00,271.9,failed,0.0
4842,2737,2023-03-29 05:10:00,1260.42,success,18.91
4843,2737,2023-03-25 05:10:00,308.94,failed,0.0
4844,2739,2024-02-05 14:57:00,805.07,success,12.08
4845,2739,2023-12-14 14:57:00,1150.5,success,17.26
4846,2739,2024-01-20 14:57:00,1972.61,success,29.59
4847,2740,2025-01-07 02:27:00,311.18,success,4.67
4848,2740,2024-12-09 02:27:00,472.45,success,7.09
4849,2740,2025-02-12 02:27:00,1161.06,failed,0.0
4850,2743,2023-08-17 06:06:00,1552.76,success,23.29
4851,2743,2023-10-01 06:06:00,636.18,success,9.54
4852,2743,2023-07-30 06:06:00,10.34,success,0.16
4853,2743,2023-10-06 06:06:00,19.88,success,0.3
4854,2743,2023-08-06 06:06:00,1956.62,success,29.35
4855,2743,2023-07-31 06:06:00,525.07,success,7.88
4856,2744,2024-02-23 10:36:00,14.75,failed,0.0
4857,2744,2024-01-28 10:36:00,285.18,failed,0.0
4858,2744,2024-03-02 10:36:00,287.61,success,4.31
4859,2746,2024-04-03 01:46:00,418.27,success,6.27
4860,2746,2024-03-21 01:46:00,16.65,success,0.25
4861,2746,2024-01-25 01:46:00,5.07,success,0.08
4862,2746,2024-03-29 01:46:00,1633.7,success,24.51
4863,2746,2024-03-04 01:46:00,1668.33,failed,0.0
4864,2746,2024-01-16 01:46:00,1246.91,success,18.7
4865,2746,2024-02-18 01:46:00,9.45,success,0.14
4866,2746,2024-03-05 01:46:00,197.75,success,2.97
4867,2747,2024-12-24 18:51:00,159.6,success,2.39
4868,2747,2024-11-28 18:51:00,12.84,success,0.19
4869,2747,2024-12-21 18:51:00,11.21,success,0.17
4870,2747,2024-12-07 18:51:00,16.57,success,0.25
4871,2747,2025-01-29 18:51:00,12.43,success,0.19
4872,2747,2024-11-23 18:51:00,299.67,success,4.5
4873,2747,2024-12-14 18:51:00,11.16,success,0.17
4874,2748,2023-06-13 07:55:00,9.16,success,0.14
4875,2748,2023-06-23 07:55:00,13.97,success,0.21
4876,2748,2023-06-21 07:55:00,16.85,success,0.25
4877,2748,2023-08-18 07:55:00,1665.06,success,24.98
4878,2748,2023-06-17 07:55:00,164.26,success,2.46
4879,2748,2023-06-11 07:55:00,8.65,success,0.13
4880,2748,2023-07-21 07:55:00,1254.44,success,18.82
4881,2748,2023-07-26 07:55:00,274.62,success,4.12
4882,2754,2025-01-04 20:17:00,1233.41,success,18.5
4883,2754,2025-02-02 20:17:00,15.29,success,0.23
4884,2754,2024-12-12 20:17:00,12.4,failed,0.0
4885,2754,2024-12-13 20:17:00,1451.26,success,21.77
4886,2754,2025-01-17 20:17:00,593.47,failed,0.0
4887,2754,2025-01-01 20:17:00,779.0,success,11.68
4888,2754,2024-12-15 20:17:00,395.64,success,5.93
4889,2754,2024-12-21 20:17:00,255.96,success,3.84
4890,2755,2023-05-01 00:42:00,335.39,success,5.03
4891,2755,2023-03-26 00:42:00,1296.52,success,19.45
4892,2755,2023-05-02 00:42:00,9.03,failed,0.0
4893,2757,2023-07-28 18:20:00,1970.32,success,29.55
4894,2757,2023-09-24 18:20:00,68.49,success,1.03
4895,2757,2023-09-30 18:20:00,12.57,success,0.19
4896,2757,2023-09-15 18:20:00,18.79,success,0.28
4897,2757,2023-08-06 18:20:00,987.08,success,14.81
4898,2757,2023-08-22 18:20:00,15.93,success,0.24
4899,2758,2024-08-06 02:25:00,1445.16,success,21.68
4900,2758,2024-07-26 02:25:00,19.73,success,0.3
4901,2758,2024-06-20 02:25:00,7.52,success,0.11
4902,2758,2024-07-03 02:25:00,14.61,success,0.22
4903,2758,2024-06-20 02:25:00,18.78,success,0.28
4904,2758,2024-07-12 02:25:00,220.8,success,3.31
4905,2759,2024-12-21 21:25:00,14.85,success,0.22
4906,2759,2024-11-28 21:25:00,1519.36,success,22.79
4907,2759,2025-01-13 21:25:00,1655.05,failed,0.0
4908,2759,2025-01-21 21:25:00,10.66,success,0.16
4909,2759,2024-12-15 21:25:00,399.96,failed,0.0
4910,2760,2023-11-01 17:23:00,8.04,failed,0.0
4911,2760,2023-11-09 17:23:00,10.6,failed,0.0
4912,2760,2023-12-18 17:23:00,18.15,success,0.27
4913,2764,2023-12-18 01:06:00,1944.17,success,29.16
4914,2764,2024-01-27 01:06:00,606.83,success,9.1
4915,2764,2023-12-27 01:06:00,654.91,success,9.82
4916,2764,2023-12-06 01:06:00,1431.7,success,21.48
4917,2764,2024-02-17 01:06:00,1710.51,success,25.66
4918,2769,2023-04-09 08:56:00,139.74,success,2.1
4919,2769,2023-03-08 08:56:00,1769.48,success,26.54
4920,2769,2023-05-15 08:56:00,1153.56,success,17.3
4921,2769,2023-04-22 08:56:00,1432.96,success,21.49
4922,2769,2023-03-13 08:56:00,1627.01,success,24.41
4923,2769,2023-03-21 08:56:00,1117.93,success,16.77
4924,2769,2023-04-22 08:56:00,816.73,success,12.25
4925,2770,2024-01-07 04:21:00,1311.24,success,19.67
4926,2770,2024-01-03 04:21:00,225.7,success,3.39
4927,2770,2023-11-13 04:21:00,12.64,success,0.19
4928,2770,2023-12-19 04:21:00,11.87,success,0.18
4929,2770,2023-11-08 04:21:00,1949.87,success,29.25
4930,2770,2023-12-30 04:21:00,8.13,success,0.12
4931,2770,2024-01-07 04:21:00,389.05,success,5.84
4932,2773,2024-05-01 14:38:00,416.17,success,6.24
4933,2773,2024-06-06 14:38:00,17.32,success,0.26
4934,2773,2024-04-01 14:38:00,425.53,success,6.38
4935,2773,2024-03-21 14:38:00,5.17,success,0.08
4936,2775,2023-08-02 07:56:00,1557.23,success,23.36
4937,2776,2023-05-16 11:38:00,12.66,success,0.19
4938,2776,2023-03-22 11:38:00,458.97,success,6.88
4939,2776,2023-04-19 11:38:00,925.76,success,13.89
4940,2776,2023-04-07 11:38:00,439.82,success,6.6
4941,2776,2023-04-28 11:38:00,10.64,success,0.16
4942,2777,2023-08-13 06:38:00,282.85,success,4.24
4943,2781,2024-08-09 07:47:00,11.63,success,0.17
4944,2781,2024-07-12 07:47:00,6.17,success,0.09
4945,2781,2024-08-05 07:47:00,470.29,success,7.05
4946,2781,2024-08-14 07:47:00,7.32,success,0.11
4947,2781,2024-08-08 07:47:00,20.0,success,0.3
4948,2785,2024-04-15 20:59:00,787.87,success,11.82
4949,2785,2024-04-17 20:59:00,226.9,success,3.4
4950,2786,2023-10-05 22:25:00,641.71,success,9.63
4951,2786,2023-09-06 22:25:00,537.38,failed,0.0
4952,2787,2023-03-19 21:24:00,1427.99,success,21.42
4953,2789,2024-01-20 19:51:00,1685.52,failed,0.0
4954,2789,2024-03-03 19:51:00,14.03,success,0.21
4955,2789,2024-03-25 19:51:00,246.59,success,3.7
4956,2792,2023-10-25 22:56:00,16.93,success,0.25
4957,2798,2023-04-24 23:54:00,6.23,success,0.09
4958,2798,2023-05-20 23:54:00,592.94,success,8.89
4959,2798,2023-05-25 23:54:00,280.99,success,4.21
4960,2798,2023-05-02 23:54:00,18.67,success,0.28
4961,2798,2023-03-20 23:54:00,203.29,success,3.05
4962,2798,2023-05-06 23:54:00,1914.81,success,28.72
4963,2798,2023-05-26 23:54:00,7.28,success,0.11
4964,2798,2023-03-18 23:54:00,1421.46,success,21.32
4965,2799,2024-06-05 11:58:00,480.08,success,7.2
4966,2799,2024-06-05 11:58:00,1354.36,success,20.32
4967,2799,2024-07-17 11:58:00,161.58,failed,0.0
4968,2799,2024-08-10 11:58:00,259.73,success,3.9
4969,2799,2024-06-09 11:58:00,1438.33,failed,0.0
4970,2799,2024-06-06 11:58:00,16.47,success,0.25
4971,2799,2024-07-21 11:58:00,19.99,success,0.3
4972,2802,2024-11-04 16:50:00,181.64,success,2.72
4973,2802,2024-11-02 16:50:00,19.25,success,0.29
4974,2802,2024-10-16 16:50:00,1346.55,failed,0.0
4975,2804,2023-06-22 19:04:00,441.3,success,6.62
4976,2804,2023-07-08 19:04:00,117.48,failed,0.0
4977,2804,2023-06-27 19:04:00,61.68,success,0.93
4978,2804,2023-05-06 19:04:00,220.75,success,3.31
4979,2804,2023-05-06 19:04:00,117.05,success,1.76
4980,2804,2023-05-02 19:04:00,17.09,success,0.26
4981,2805,2023-07-30 16:51:00,18.86,success,0.28
4982,2805,2023-08-11 16:51:00,203.09,success,3.05
4983,2805,2023-08-23 16:51:00,497.08,success,7.46
4984,2805,2023-09-23 16:51:00,187.57,success,2.81
4985,2805,2023-08-27 16:51:00,6.95,success,0.1
4986,2806,2024-02-27 23:10:00,265.15,failed,0.0
4987,2806,2024-03-05 23:10:00,264.19,success,3.96
4988,2806,2024-02-25 23:10:00,9.02,success,0.14
4989,2806,2024-03-30 23:10:00,603.26,success,9.05
4990,2806,2024-05-22 23:10:00,1379.92,success,20.7
4991,2806,2024-05-15 23:10:00,465.9,success,6.99
4992,2806,2024-03-02 23:10:00,958.04,success,14.37
4993,2810,2024-05-20 16:48:00,5.93,success,0.09
4994,2810,2024-04-23 16:48:00,284.17,success,4.26
4995,2810,2024-06-24 16:48:00,5.7,success,0.09
4996,2810,2024-05-21 16:48:00,16.15,failed,0.0
4997,2810,2024-07-05 16:48:00,15.71,success,0.24
4998,2810,2024-07-02 16:48:00,19.42,success,0.29
4999,2810,2024-06-19 16:48:00,15.16,success,0.23
5000,2810,2024-05-26 16:48:00,6.88,failed,0.0
5001,2811,2023-08-18 11:20:00,85.83,success,1.29
5002,2811,2023-06-22 11:20:00,1459.45,success,21.89
5003,2811,2023-06-04 11:20:00,5.91,success,0.09
5004,2812,2023-09-04 11:48:00,1070.79,success,16.06
5005,2812,2023-08-07 11:48:00,423.35,success,6.35
5006,2812,2023-08-02 11:48:00,265.35,success,3.98
5007,2813,2024-03-17 21:53:00,106.3,success,1.59
5008,2813,2024-03-06 21:53:00,1215.44,success,18.23
5009,2813,2024-04-19 21:53:00,831.6,success,12.47
5010,2814,2023-09-01 06:36:00,1841.61,failed,0.0
5011,2814,2023-09-26 06:36:00,16.0,success,0.24
5012,2814,2023-07-24 06:36:00,133.5,success,2.0
5013,2815,2024-03-07 12:26:00,812.15,success,12.18
5014,2815,2024-01-25 12:26:00,1720.54,failed,0.0
5015,2815,2024-01-17 12:26:00,11.22,success,0.17
5016,2815,2024-01-27 12:26:00,866.49,failed,0.0
5017,2818,2023-03-27 15:36:00,524.74,success,7.87
5018,2818,2023-05-26 15:36:00,397.65,success,5.96
5019,2818,2023-05-17 15:36:00,1960.64,success,29.41
5020,2819,2024-10-09 11:56:00,405.79,success,6.09
5021,2819,2024-10-30 11:56:00,681.96,success,10.23
5022,2819,2024-10-13 11:56:00,837.22,success,12.56
5023,2819,2024-09-25 11:56:00,193.49,success,2.9
5024,2819,2024-09-23 11:56:00,15.92,failed,0.0
5025,2819,2024-09-06 11:56:00,251.48,success,3.77
5026,2819,2024-09-07 11:56:00,13.88,success,0.21
5027,2822,2023-02-07 12:39:00,19.32,success,0.29
5028,2822,2023-02-16 12:39:00,5.0,success,0.07
5029,2824,2023-06-21 11:10:00,11.58,success,0.17
5030,2824,2023-05-10 11:10:00,1471.98,success,22.08
5031,2824,2023-06-16 11:10:00,16.93,failed,0.0
5032,2824,2023-06-18 11:10:00,292.39,failed,0.0
5033,2824,2023-06-06 11:10:00,11.6,failed,0.0
5034,2825,2025-01-12 23:20:00,636.55,success,9.55
5035,2825,2024-10-22 23:20:00,1325.79,success,19.89
5036,2828,2023-08-28 17:13:00,19.15,success,0.29
5037,2828,2023-07-02 17:13:00,1933.61,success,29.0
5038,2828,2023-08-16 17:13:00,1582.24,success,23.73
5039,2828,2023-09-03 17:13:00,113.65,success,1.7
5040,2828,2023-07-27 17:13:00,9.38,success,0.14
5041,2828,2023-07-28 17:13:00,77.64,success,1.16
5042,2828,2023-07-14 17:13:00,6.13,failed,0.0
5043,2828,2023-07-12 17:13:00,391.47,success,5.87
5044,2831,2023-10-10 15:43:00,6.01,success,0.09
5045,2831,2023-11-15 15:43:00,6.0,success,0.09
5046,2833,2024-05-31 00:23:00,17.09,failed,0.0
5047,2833,2024-06-22 00:23:00,59.72,success,0.9
5048,2833,2024-08-04 00:23:00,14.29,success,0.21
5049,2833,2024-05-22 00:23:00,1151.2,success,17.27
5050,2833,2024-05-13 00:23:00,11.11,success,0.17
5051,2833,2024-05-13 00:23:00,1930.52,failed,0.0
5052,2833,2024-07-02 00:23:00,1758.68,success,26.38
5053,2833,2024-05-30 00:23:00,135.75,success,2.04
5054,2834,2023-09-04 19:34:00,383.75,success,5.76
5055,2834,2023-11-16 19:34:00,1553.07,success,23.3
5056,2834,2023-10-30 19:34:00,255.25,success,3.83
5057,2835,2023-12-02 21:31:00,931.24,success,13.97
5058,2835,2024-02-01 21:31:00,597.29,success,8.96
5059,2835,2024-02-28 21:31:00,17.07,success,0.26
5060,2835,2024-01-18 21:31:00,9.83,success,0.15
5061,2835,2024-01-23 21:31:00,63.1,success,0.95
5062,2835,2024-02-02 21:31:00,17.8,success,0.27
5063,2837,2023-12-12 06:28:00,11.75,success,0.18
5064,2837,2023-11-27 06:28:00,888.93,failed,0.0
5065,2842,2023-04-17 21:24:00,1455.85,success,21.84
5066,2842,2023-02-23 21:24:00,1582.5,success,23.74
5067,2842,2023-02-22 21:24:00,6.96,success,0.1
5068,2843,2024-10-24 18:59:00,17.88,success,0.27
5069,2843,2024-12-21 18:59:00,265.56,success,3.98
5070,2843,2024-12-19 18:59:00,282.92,failed,0.0
5071,2843,2024-11-05 18:59:00,11.4,success,0.17
5072,2843,2024-11-05 18:59:00,18.68,success,0.28
5073,2843,2024-12-28 18:59:00,8.61,success,0.13
5074,2843,2024-11-06 18:59:00,1447.45,success,21.71
5075,2843,2024-12-01 18:59:00,143.41,success,2.15
5076,2845,2023-11-14 04:35:00,9.89,success,0.15
5077,2845,2023-10-16 04:35:00,522.89,success,7.84
5078,2845,2023-11-14 04:35:00,15.09,success,0.23
5079,2845,2023-10-16 04:35:00,342.88,failed,0.0
5080,2845,2023-08-30 04:35:00,718.58,failed,0.0
5081,2845,2023-10-11 04:35:00,871.39,success,13.07
5082,2845,2023-10-20 04:35:00,1341.59,success,20.12
5083,2845,2023-09-14 04:35:00,125.91,failed,0.0
5084,2847,2024-10-26 00:02:00,275.68,success,4.14
5085,2850,2024-04-21 14:14:00,12.06,failed,0.0
5086,2850,2024-07-15 14:14:00,134.45,success,2.02
5087,2850,2024-06-09 14:14:00,1968.81,success,29.53
5088,2850,2024-06-08 14:14:00,1368.47,failed,0.0
5089,2850,2024-06-14 14:14:00,1920.75,success,28.81
5090,2852,2024-09-15 09:56:00,160.68,success,2.41
5091,2852,2024-11-22 09:56:00,173.71,success,2.61
5092,2852,2024-12-13 09:56:00,7.09,failed,0.0
5093,2852,2024-10-27 09:56:00,1257.01,failed,0.0
5094,2852,2024-09-24 09:56:00,6.81,success,0.1
5095,2855,2023-06-08 08:56:00,325.82,success,4.89
5096,2855,2023-04-25 08:56:00,16.47,success,0.25
5097,2855,2023-06-06 08:56:00,399.73,success,6.0
5098,2856,2025-02-18 09:56:00,1046.1,success,15.69
5099,2856,2025-03-17 09:56:00,1760.22,success,26.4
5100,2856,2025-01-10 09:56:00,356.15,failed,0.0
5101,2856,2025-02-13 09:56:00,100.97,success,1.51
5102,2856,2025-02-24 09:56:00,1727.35,success,25.91
5103,2856,2025-03-13 09:56:00,1211.11,success,18.17
5104,2856,2025-03-30 09:56:00,685.27,success,10.28
5105,2856,2025-02-03 09:56:00,80.95,success,1.21
5106,2857,2023-08-20 20:05:00,106.82,failed,0.0
5107,2857,2023-09-19 20:05:00,787.31,success,11.81
5108,2857,2023-08-17 20:05:00,1886.87,success,28.3
5109,2858,2024-04-29 03:20:00,18.76,success,0.28
5110,2858,2024-02-07 03:20:00,246.14,failed,0.0
5111,2858,2024-03-23 03:20:00,8.54,success,0.13
5112,2858,2024-04-04 03:20:00,260.67,success,3.91
5113,2858,2024-02-09 03:20:00,1536.01,success,23.04
5114,2858,2024-04-16 03:20:00,19.66,success,0.29
5115,2858,2024-04-29 03:20:00,1399.69,success,21.0
5116,2864,2023-05-14 13:41:00,8.96,success,0.13
5117,2864,2023-06-07 13:41:00,1992.4,success,29.89
5118,2864,2023-05-29 13:41:00,10.53,success,0.16
5119,2864,2023-07-02 13:41:00,296.59,success,4.45
5120,2864,2023-05-13 13:41:00,810.47,success,12.16
5121,2864,2023-05-06 13:41:00,117.27,success,1.76
5122,2865,2024-05-15 13:52:00,465.32,success,6.98
5123,2865,2024-03-26 13:52:00,1662.37,success,24.94
5124,2865,2024-03-25 13:52:00,17.06,success,0.26
5125,2865,2024-04-23 13:52:00,1571.99,success,23.58
5126,2865,2024-05-21 13:52:00,729.3,success,10.94
5127,2867,2024-03-08 18:34:00,12.86,failed,0.0
5128,2867,2024-02-06 18:34:00,734.91,success,11.02
5129,2867,2024-03-02 18:34:00,1266.67,success,19.0
5130,2877,2023-09-08 14:35:00,18.99,success,0.28
5131,2877,2023-10-03 14:35:00,1067.22,success,16.01
5132,2877,2023-07-05 14:35:00,638.81,success,9.58
5133,2879,2023-10-22 07:03:00,19.67,failed,0.0
5134,2879,2023-09-09 07:03:00,1200.57,success,18.01
5135,2879,2023-10-03 07:03:00,1877.88,success,28.17
5136,2879,2023-09-16 07:03:00,6.88,success,0.1
5137,2881,2024-10-31 06:46:00,1268.92,success,19.03
5138,2882,2023-05-04 23:33:00,219.01,success,3.29
5139,2882,2023-05-18 23:33:00,1737.44,success,26.06
5140,2882,2023-07-11 23:33:00,160.63,success,2.41
5141,2882,2023-05-10 23:33:00,11.49,success,0.17
5142,2882,2023-07-09 23:33:00,433.95,success,6.51
5143,2882,2023-07-11 23:33:00,798.75,failed,0.0
5144,2882,2023-07-10 23:33:00,186.35,failed,0.0
5145,2883,2023-12-29 10:10:00,17.04,success,0.26
5146,2883,2023-12-24 10:10:00,1908.86,failed,0.0
5147,2883,2023-12-19 10:10:00,697.03,success,10.46
5148,2883,2024-03-11 10:10:00,134.07,success,2.01
5149,2883,2023-12-16 10:10:00,1352.11,success,20.28
5150,2883,2023-12-26 10:10:00,7.35,success,0.11
5151,2883,2024-02-26 10:10:00,240.2,success,3.6
5152,2884,2023-05-31 08:50:00,835.45,success,12.53
5153,2884,2023-07-22 08:50:00,13.11,success,0.2
5154,2884,2023-08-03 08:50:00,1673.01,success,25.1
5155,2884,2023-08-10 08:50:00,454.52,success,6.82
5156,2884,2023-08-12 08:50:00,358.02,success,5.37
5157,2884,2023-06-23 08:50:00,18.11,success,0.27
5158,2884,2023-07-08 08:50:00,1252.83,failed,0.0
5159,2884,2023-06-23 08:50:00,9.4,failed,0.0
5160,2885,2024-10-12 16:08:00,12.29,success,0.18
5161,2888,2024-01-16 17:05:00,936.89,success,14.05
5162,2888,2024-01-12 17:05:00,9.17,success,0.14
5163,2888,2024-03-17 17:05:00,1910.1,success,28.65
5164,2888,2023-12-30 17:05:00,12.33,failed,0.0
5165,2888,2023-12-29 17:05:00,960.12,failed,0.0
5166,2888,2024-03-18 17:05:00,1999.12,success,29.99
5167,2888,2024-02-19 17:05:00,384.0,success,5.76
5168,2888,2024-01-30 17:05:00,142.45,success,2.14
5169,2895,2024-10-25 13:44:00,437.68,success,6.57
5170,2895,2024-12-13 13:44:00,12.13,success,0.18
5171,2895,2024-10-29 13:44:00,1561.15,success,23.42
5172,2895,2024-12-04 13:44:00,7.4,success,0.11
5173,2897,2023-02-24 18:54:00,5.26,success,0.08
5174,2897,2023-03-20 18:54:00,406.79,success,6.1
5175,2897,2023-04-26 18:54:00,7.7,success,0.12
5176,2897,2023-03-27 18:54:00,435.53,success,6.53
5177,2897,2023-03-21 18:54:00,425.97,success,6.39
5178,2897,2023-03-11 18:54:00,19.5,success,0.29
5179,2897,2023-04-01 18:54:00,734.4,success,11.02
5180,2901,2023-10-14 05:42:00,223.25,success,3.35
5181,2901,2023-10-09 05:42:00,868.41,success,13.03
5182,2901,2023-12-07 05:42:00,406.37,success,6.1
5183,2901,2023-11-09 05:42:00,1771.62,success,26.57
5184,2901,2023-12-11 05:42:00,262.58,success,3.94
5185,2901,2023-11-30 05:42:00,399.29,success,5.99
5186,2901,2023-12-24 05:42:00,561.03,success,8.42
5187,2902,2024-10-22 03:16:00,396.09,success,5.94
5188,2902,2024-11-07 03:16:00,6.25,success,0.09
5189,2902,2024-09-22 03:16:00,15.82,success,0.24
5190,2902,2024-10-11 03:16:00,12.08,success,0.18
5191,2902,2024-10-18 03:16:00,17.34,success,0.26
5192,2902,2024-10-16 03:16:00,418.28,success,6.27
5193,2903,2023-12-26 01:49:00,11.24,success,0.17
5194,2903,2023-12-12 01:49:00,19.95,success,0.3
5195,2903,2023-11-23 01:49:00,1679.57,success,25.19
5196,2903,2024-01-09 01:49:00,496.46,success,7.45
5197,2903,2023-10-22 01:49:00,412.19,success,6.18
5198,2903,2023-11-10 01:49:00,16.63,success,0.25
5199,2903,2023-11-12 01:49:00,113.24,success,1.7
5200,2905,2024-12-09 16:43:00,642.53,success,9.64
5201,2905,2024-12-12 16:43:00,1332.59,success,19.99
5202,2905,2024-12-07 16:43:00,93.94,success,1.41
5203,2905,2024-12-03 16:43:00,13.46,success,0.2
5204,2905,2024-10-18 16:43:00,19.29,success,0.29
5205,2905,2024-12-04 16:43:00,898.83,success,13.48
5206,2909,2024-12-02 12:32:00,11.58,success,0.17
5207,2909,2025-02-02 12:32:00,204.86,success,3.07
5208,2909,2025-01-27 12:32:00,161.65,failed,0.0
5209,2910,2024-12-02 13:05:00,1142.28,success,17.13
5210,2910,2024-12-26 13:05:00,213.34,success,3.2
5211,2910,2024-12-22 13:05:00,263.72,success,3.96
5212,2910,2024-11-29 13:05:00,69.64,failed,0.0
5213,2910,2025-01-11 13:05:00,17.65,success,0.26
5214,2910,2025-01-24 13:05:00,17.85,success,0.27
5215,2910,2024-12-10 13:05:00,7.12,success,0.11
5216,2916,2024-09-10 13:10:00,102.68,failed,0.0
5217,2916,2024-08-23 13:10:00,120.12,success,1.8
5218,2916,2024-08-09 13:10:00,1287.45,success,19.31
5219,2916,2024-08-18 13:10:00,1931.75,success,28.98
5220,2916,2024-09-25 13:10:00,15.98,success,0.24
5221,2916,2024-07-28 13:10:00,613.56,success,9.2
5222,2916,2024-08-04 13:10:00,242.11,success,3.63
5223,2916,2024-07-01 13:10:00,5.2,success,0.08
5224,2917,2024-09-28 04:03:00,56.36,success,0.85
5225,2917,2024-08-16 04:03:00,7.59,success,0.11
5226,2917,2024-10-22 04:03:00,1683.36,success,25.25
5227,2917,2024-09-15 04:03:00,690.02,success,10.35
5228,2917,2024-09-26 04:03:00,1798.41,success,26.98
5229,2919,2023-02-13 16:30:00,484.25,failed,0.0
5230,2919,2023-01-07 16:30:00,13.18,failed,0.0
5231,2919,2023-02-24 16:30:00,1097.78,success,16.47
5232,2919,2023-01-31 16:30:00,9.4,success,0.14
5233,2919,2023-02-03 16:30:00,18.3,success,0.27
5234,2920,2024-02-16 05:33:00,216.93,success,3.25
5235,2921,2023-12-01 09:57:00,464.48,success,6.97
5236,2921,2023-12-26 09:57:00,388.68,success,5.83
5237,2921,2023-11-27 09:57:00,315.37,success,4.73
5238,2925,2024-11-25 19:30:00,8.25,success,0.12
5239,2925,2024-10-11 19:30:00,1708.92,success,25.63
5240,2925,2024-10-10 19:30:00,12.98,failed,0.0
5241,2925,2024-10-27 19:30:00,13.18,success,0.2
5242,2925,2024-11-23 19:30:00,200.66,success,3.01
5243,2925,2024-11-13 19:30:00,324.87,failed,0.0
5244,2927,2023-06-16 00:54:00,81.29,success,1.22
5245,2927,2023-06-19 00:54:00,803.09,success,12.05
5246,2927,2023-04-11 00:54:00,17.64,success,0.26
5247,2929,2023-05-06 07:16:00,112.34,success,1.69
5248,2929,2023-04-26 07:16:00,10.67,success,0.16
5249,2929,2023-05-13 07:16:00,729.19,success,10.94
5250,2929,2023-06-17 07:16:00,352.07,success,5.28
5251,2929,2023-04-09 07:16:00,1707.72,success,25.62
5252,2929,2023-05-05 07:16:00,490.96,success,7.36
5253,2930,2023-05-24 23:08:00,1866.84,success,28.0
5254,2930,2023-05-11 23:08:00,323.15,success,4.85
5255,2930,2023-05-29 23:08:00,713.44,success,10.7
5256,2930,2023-05-09 23:08:00,5.62,success,0.08
5257,2930,2023-06-12 23:08:00,9.5,success,0.14
5258,2935,2024-04-30 10:57:00,6.73,success,0.1
5259,2938,2023-07-16 08:51:00,661.06,failed,0.0
5260,2938,2023-09-17 08:51:00,7.01,failed,0.0
5261,2938,2023-09-26 08:51:00,13.59,success,0.2
5262,2938,2023-07-26 08:51:00,14.53,failed,0.0
5263,2940,2024-09-25 04:07:00,1266.44,success,19.0
5264,2942,2024-08-21 04:34:00,1433.4,success,21.5
5265,2942,2024-09-17 04:34:00,9.4,success,0.14
5266,2942,2024-08-09 04:34:00,1977.68,success,29.67
5267,2942,2024-08-19 04:34:00,12.09,success,0.18
5268,2942,2024-07-15 04:34:00,330.48,success,4.96
5269,2943,2023-04-18 17:57:00,395.29,success,5.93
5270,2949,2023-08-22 01:26:00,381.74,success,5.73
5271,2949,2023-08-26 01:26:00,1141.37,failed,0.0
5272,2949,2023-06-20 01:26:00,8.34,failed,0.0
5273,2949,2023-07-12 01:26:00,122.6,success,1.84
5274,2949,2023-06-10 01:26:00,141.09,success,2.12
5275,2953,2024-12-03 03:11:00,12.0,success,0.18
5276,2953,2024-12-17 03:11:00,15.46,success,0.23
5277,2953,2025-01-12 03:11:00,498.2,failed,0.0
5278,2953,2025-01-31 03:11:00,425.0,success,6.38
5279,2953,2024-12-13 03:11:00,5.46,success,0.08
5280,2953,2025-02-08 03:11:00,438.64,failed,0.0
5281,2953,2024-11-30 03:11:00,462.73,success,6.94
5282,2953,2025-02-01 03:11:00,463.07,success,6.95
5283,2954,2024-03-21 19:43:00,1757.35,success,26.36
5284,2954,2024-01-23 19:43:00,426.51,success,6.4
5285,2954,2024-03-04 19:43:00,739.23,success,11.09
5286,2954,2024-01-31 19:43:00,481.85,failed,0.0
5287,2954,2024-01-29 19:43:00,352.51,success,5.29
5288,2958,2024-04-09 10:55:00,1305.07,success,19.58
5289,2958,2024-04-22 10:55:00,1298.01,success,19.47
5290,2958,2024-05-07 10:55:00,8.05,success,0.12
5291,2958,2024-05-24 10:55:00,6.88,failed,0.0
5292,2958,2024-06-05 10:55:00,270.93,success,4.06
5293,2963,2024-12-25 16:50:00,1026.78,success,15.4
5294,2963,2025-01-11 16:50:00,412.59,success,6.19
5295,2963,2024-12-16 16:50:00,765.24,success,11.48
5296,2963,2024-12-28 16:50:00,444.29,success,6.66
5297,2964,2024-09-15 16:42:00,554.15,success,8.31
5298,2964,2024-11-03 16:42:00,6.91,success,0.1
5299,2964,2024-09-03 16:42:00,122.85,success,1.84
5300,2964,2024-10-29 16:42:00,101.37,success,1.52
5301,2964,2024-08-29 16:42:00,693.04,failed,0.0
5302,2964,2024-10-12 16:42:00,1567.68,success,23.52
5303,2965,2024-11-17 16:16:00,120.3,success,1.8
5304,2965,2024-10-12 16:16:00,246.26,success,3.69
5305,2965,2024-09-19 16:16:00,64.55,success,0.97
5306,2965,2024-09-11 16:16:00,481.81,failed,0.0
5307,2965,2024-10-09 16:16:00,8.74,success,0.13
5308,2965,2024-11-14 16:16:00,335.99,success,5.04
5309,2965,2024-08-25 16:16:00,208.13,success,3.12
5310,2966,2024-11-16 13:20:00,365.63,success,5.48
5311,2969,2023-06-28 13:23:00,5.41,success,0.08
5312,2969,2023-05-01 13:23:00,16.1,success,0.24
5313,2969,2023-05-31 13:23:00,1703.97,success,25.56
5314,2971,2024-08-09 20:20:00,1484.35,success,22.27
5315,2971,2024-09-06 20:20:00,1991.86,success,29.88
5316,2971,2024-08-15 20:20:00,1000.16,failed,0.0
5317,2971,2024-09-15 20:20:00,1321.34,success,19.82
5318,2971,2024-08-11 20:20:00,9.72,success,0.15
5319,2971,2024-08-31 20:20:00,1166.35,success,17.5
5320,2973,2024-02-20 09:10:00,14.12,failed,0.0
5321,2973,2024-02-11 09:10:00,1785.83,success,26.79
5322,2973,2024-01-11 09:10:00,232.32,failed,0.0
5323,2973,2024-02-26 09:10:00,234.79,success,3.52
5324,2974,2023-07-21 14:49:00,53.05,success,0.8
5325,2974,2023-07-21 14:49:00,1797.86,success,26.97
5326,2974,2023-09-27 14:49:00,15.51,success,0.23
5327,2974,2023-08-04 14:49:00,146.6,failed,0.0
5328,2974,2023-08-01 14:49:00,1586.48,success,23.8
5329,2974,2023-09-10 14:49:00,199.61,success,2.99
5330,2974,2023-10-01 14:49:00,612.79,failed,0.0
5331,2974,2023-08-01 14:49:00,1326.8,success,19.9
5332,2975,2025-01-05 22:51:00,697.89,success,10.47
5333,2975,2024-12-13 22:51:00,1771.21,failed,0.0
5334,2975,2024-12-17 22:51:00,17.43,success,0.26
5335,2975,2024-11-22 22:51:00,394.18,success,5.91
5336,2977,2023-11-09 02:53:00,6.8,success,0.1
5337,2977,2023-12-04 02:53:00,7.31,success,0.11
5338,2977,2024-01-27 02:53:00,244.95,success,3.67
5339,2977,2023-11-21 02:53:00,363.08,success,5.45
5340,2977,2024-01-21 02:53:00,667.91,success,10.02
5341,2977,2023-12-02 02:53:00,16.83,success,0.25
5342,2980,2023-05-24 13:46:00,357.6,failed,0.0
5343,2980,2023-04-10 13:46:00,9.99,success,0.15
5344,2980,2023-04-15 13:46:00,453.85,success,6.81
5345,2980,2023-05-31 13:46:00,12.61,success,0.19
5346,2982,2024-03-12 21:50:00,16.91,success,0.25
5347,2982,2024-02-23 21:50:00,14.65,success,0.22
5348,2982,2024-02-22 21:50:00,15.24,failed,0.0
5349,2982,2024-01-17 21:50:00,327.5,failed,0.0
5350,2982,2024-01-22 21:50:00,1392.97,success,20.89
5351,2983,2023-07-20 06:52:00,222.06,success,3.33
5352,2983,2023-07-11 06:52:00,210.46,failed,0.0
5353,2983,2023-05-31 06:52:00,8.49,success,0.13
5354,2983,2023-05-17 06:52:00,9.91,failed,0.0
5355,2983,2023-05-06 06:52:00,5.07,failed,0.0
5356,2983,2023-06-19 06:52:00,555.26,success,8.33
5357,2989,2023-09-20 06:46:00,247.93,success,3.72
5358,2991,2023-07-27 09:31:00,1812.92,success,27.19
5359,2991,2023-08-11 09:31:00,868.72,success,13.03
5360,2997,2024-10-28 05:17:00,99.88,failed,0.0
5361,2997,2024-12-05 05:17:00,61.47,success,0.92
5362,2997,2024-10-06 05:17:00,149.61,success,2.24
5363,2997,2024-10-31 05:17:00,803.03,success,12.05
5364,2997,2024-11-01 05:17:00,356.44,success,5.35
5365,2997,2024-11-09 05:17:00,453.64,success,6.8
5366,3001,2023-04-30 02:38:00,15.44,success,0.23
5367,3003,2024-06-26 15:33:00,79.25,success,1.19
5368,3003,2024-05-01 15:33:00,8.32,success,0.12
5369,3003,2024-07-25 15:33:00,7.31,success,0.11
5370,3003,2024-05-27 15:33:00,896.89,success,13.45
5371,3004,2023-11-23 09:38:00,6.91,success,0.1
5372,3004,2024-01-20 09:38:00,11.07,success,0.17
5373,3004,2023-12-18 09:38:00,6.71,success,0.1
5374,3008,2024-06-26 05:18:00,1862.8,success,27.94
5375,3008,2024-07-06 05:18:00,186.74,failed,0.0
5376,3008,2024-08-15 05:18:00,440.48,success,6.61
5377,3008,2024-07-27 05:18:00,1760.9,failed,0.0
5378,3009,2023-08-26 10:28:00,169.57,success,2.54
5379,3009,2023-07-24 10:28:00,11.98,failed,0.0
5380,3009,2023-08-28 10:28:00,91.32,failed,0.0
5381,3009,2023-07-07 10:28:00,317.94,failed,0.0
5382,3009,2023-07-05 10:28:00,404.58,success,6.07
5383,3009,2023-08-21 10:28:00,389.37,success,5.84
5384,3011,2024-08-14 02:54:00,275.05,success,4.13
5385,3011,2024-08-20 02:54:00,1821.33,failed,0.0
5386,3011,2024-09-09 02:54:00,6.59,success,0.1
5387,3011,2024-09-23 02:54:00,116.95,failed,0.0
5388,3011,2024-08-01 02:54:00,7.27,failed,0.0
5389,3013,2024-10-10 07:42:00,12.75,success,0.19
5390,3013,2024-09-01 07:42:00,978.94,success,14.68
5391,3013,2024-09-28 07:42:00,14.74,success,0.22
5392,3013,2024-07-31 07:42:00,1947.0,success,29.2
5393,3013,2024-09-04 07:42:00,255.9,success,3.84
5394,3018,2024-07-23 01:14:00,1761.6,success,26.42
5395,3022,2023-04-29 07:02:00,346.48,success,5.2
5396,3022,2023-05-08 07:02:00,1262.7,success,18.94
5397,3022,2023-07-04 07:02:00,265.8,success,3.99
5398,3023,2024-02-02 06:20:00,745.8,success,11.19
5399,3023,2024-03-15 06:20:00,196.05,success,2.94
5400,3023,2024-03-05 06:20:00,141.11,success,2.12
5401,3027,2024-10-17 03:17:00,5.54,success,0.08
5402,3031,2024-07-10 00:17:00,813.47,success,12.2
5403,3031,2024-07-01 00:17:00,94.67,success,1.42
5404,3031,2024-06-03 00:17:00,8.95,success,0.13
5405,3031,2024-08-13 00:17:00,308.6,success,4.63
5406,3031,2024-06-27 00:17:00,146.85,success,2.2
5407,3031,2024-08-27 00:17:00,659.09,success,9.89
5408,3031,2024-07-09 00:17:00,107.65,success,1.61
5409,3032,2023-10-02 20:56:00,1271.35,failed,0.0
5410,3032,2023-11-03 20:56:00,758.81,failed,0.0
5411,3032,2023-12-18 20:56:00,15.38,success,0.23
5412,3032,2023-10-02 20:56:00,143.48,success,2.15
5413,3032,2023-11-26 20:56:00,115.16,success,1.73
5414,3032,2023-11-10 20:56:00,15.42,success,0.23
5415,3032,2023-12-22 20:56:00,18.64,success,0.28
5416,3032,2023-10-29 20:56:00,7.31,success,0.11
5417,3033,2024-09-08 02:28:00,11.74,success,0.18
5418,3033,2024-08-24 02:28:00,14.26,success,0.21
5419,3033,2024-07-29 02:28:00,1981.84,success,29.73
5420,3035,2023-05-27 14:06:00,807.92,failed,0.0
5421,3035,2023-05-30 14:06:00,175.73,success,2.64
5422,3035,2023-06-24 14:06:00,850.46,success,12.76
5423,3035,2023-04-22 14:06:00,5.7,success,0.09
5424,3035,2023-06-14 14:06:00,11.42,failed,0.0
5425,3035,2023-05-02 14:06:00,458.37,success,6.88
5426,3035,2023-06-01 14:06:00,1857.13,success,27.86
5427,3037,2023-04-29 03:10:00,155.75,success,2.34
5428,3037,2023-05-11 03:10:00,8.58,success,0.13
5429,3037,2023-05-09 03:10:00,1117.89,failed,0.0
5430,3041,2024-08-14 09:31:00,14.69,success,0.22
5431,3041,2024-07-31 09:31:00,1089.73,success,16.35
5432,3041,2024-08-19 09:31:00,1673.22,success,25.1
5433,3041,2024-08-20 09:31:00,1466.65,success,22.0
5434,3041,2024-08-09 09:31:00,834.33,success,12.51
5435,3041,2024-07-17 09:31:00,7.37,success,0.11
5436,3041,2024-07-14 09:31:00,243.06,success,3.65
5437,3045,2023-03-27 04:18:00,54.07,success,0.81
5438,3045,2023-05-19 04:18:00,600.67,success,9.01
5439,3046,2024-01-05 20:01:00,16.74,success,0.25
5440,3046,2024-02-24 20:01:00,1922.22,success,28.83
5441,3046,2023-12-31 20:01:00,821.68,failed,0.0
5442,3046,2024-02-11 20:01:00,715.64,success,10.73
5443,3046,2024-02-22 20:01:00,150.58,success,2.26
5444,3048,2024-03-25 14:28:00,483.69,success,7.26
5445,3048,2024-03-16 14:28:00,950.31,success,14.25
5446,3048,2024-02-06 14:28:00,952.74,success,14.29
5447,3050,2024-08-14 22:33:00,392.17,success,5.88
5448,3050,2024-10-07 22:33:00,16.71,success,0.25
5449,3050,2024-08-13 22:33:00,217.91,failed,0.0
5450,3050,2024-08-22 22:33:00,704.73,success,10.57
5451,3057,2025-03-06 14:22:00,18.41,success,0.28
5452,3059,2023-11-06 03:22:00,1122.98,success,16.84
5453,3059,2023-12-02 03:22:00,7.56,success,0.11
5454,3059,2023-10-07 03:22:00,1833.24,success,27.5
5455,3059,2023-12-17 03:22:00,458.17,success,6.87
5456,3059,2023-12-10 03:22:00,77.89,success,1.17
5457,3059,2023-11-15 03:22:00,1869.89,success,28.05
5458,3060,2024-03-24 06:21:00,7.27,success,0.11
5459,3060,2024-06-06 06:21:00,11.25,failed,0.0
5460,3060,2024-05-14 06:21:00,16.58,success,0.25
5461,3060,2024-04-12 06:21:00,1911.08,success,28.67
5462,3060,2024-05-10 06:21:00,71.76,failed,0.0
5463,3060,2024-06-13 06:21:00,416.88,success,6.25
5464,3060,2024-05-07 06:21:00,14.64,failed,0.0
5465,3061,2023-08-27 16:28:00,13.8,success,0.21
5466,3063,2023-07-16 23:29:00,18.77,success,0.28
5467,3063,2023-09-19 23:29:00,264.07,success,3.96
5468,3064,2023-06-25 20:55:00,122.32,success,1.83
5469,3064,2023-08-30 20:55:00,335.22,success,5.03
5470,3064,2023-08-10 20:55:00,284.93,success,4.27
5471,3064,2023-06-27 20:55:00,176.43,success,2.65
5472,3064,2023-09-10 20:55:00,7.08,success,0.11
5473,3064,2023-08-18 20:55:00,9.83,success,0.15
5474,3064,2023-06-27 20:55:00,1159.03,success,17.39
5475,3064,2023-07-28 20:55:00,9.43,success,0.14
5476,3065,2024-06-23 03:52:00,195.35,success,2.93
5477,3065,2024-06-22 03:52:00,6.73,failed,0.0
5478,3065,2024-08-05 03:52:00,6.66,success,0.1
5479,3065,2024-08-12 03:52:00,643.17,success,9.65
5480,3065,2024-08-10 03:52:00,434.59,success,6.52
5481,3065,2024-07-27 03:52:00,201.63,success,3.02
5482,3065,2024-07-04 03:52:00,101.54,success,1.52
5483,3069,2023-09-01 06:24:00,498.82,failed,0.0
5484,3069,2023-10-10 06:24:00,1126.57,success,16.9
5485,3069,2023-09-01 06:24:00,149.7,success,2.25
5486,3069,2023-08-01 06:24:00,14.3,success,0.21
5487,3070,2024-01-03 19:55:00,323.7,success,4.86
5488,3070,2023-12-22 19:55:00,912.8,success,13.69
5489,3070,2024-02-14 19:55:00,14.34,success,0.22
5490,3070,2024-02-23 19:55:00,77.08,success,1.16
5491,3077,2024-11-28 12:53:00,16.15,success,0.24
5492,3077,2024-11-23 12:53:00,158.36,failed,0.0
5493,3077,2024-10-19 12:53:00,6.31,success,0.09
5494,3077,2024-11-03 12:53:00,57.44,success,0.86
5495,3078,2023-04-30 03:08:00,222.03,success,3.33
5496,3078,2023-04-01 03:08:00,18.96,success,0.28
5497,3080,2023-06-22 18:53:00,400.59,success,6.01
5498,3080,2023-08-04 18:53:00,7.22,success,0.11
5499,3080,2023-06-14 18:53:00,50.26,failed,0.0
5500,3080,2023-07-18 18:53:00,430.19,success,6.45
5501,3080,2023-07-23 18:53:00,1973.31,failed,0.0
5502,3080,2023-05-12 18:53:00,11.48,success,0.17
5503,3080,2023-08-01 18:53:00,14.2,success,0.21
5504,3080,2023-06-18 18:53:00,1277.28,success,19.16
5505,3084,2024-07-29 10:12:00,712.61,success,10.69
5506,3084,2024-09-01 10:12:00,6.26,success,0.09
5507,3084,2024-06-04 10:12:00,222.6,failed,0.0
5508,3084,2024-07-02 10:12:00,817.27,success,12.26
5509,3084,2024-07-14 10:12:00,248.71,success,3.73
5510,3094,2024-03-24 02:14:00,12.68,success,0.19
5511,3094,2024-02-12 02:14:00,274.95,failed,0.0
5512,3094,2024-02-08 02:14:00,652.65,success,9.79
5513,3094,2024-01-31 02:14:00,119.3,success,1.79
5514,3094,2024-04-13 02:14:00,85.16,success,1.28
5515,3094,2024-04-24 02:14:00,14.38,failed,0.0
5516,3094,2024-03-10 02:14:00,235.55,success,3.53
5517,3095,2025-03-15 14:25:00,269.68,success,4.05
5518,3096,2023-01-31 03:53:00,11.8,success,0.18
5519,3096,2023-03-31 03:53:00,17.78,success,0.27
5520,3096,2023-01-21 03:53:00,1261.44,success,18.92
5521,3096,2023-01-13 03:53:00,7.89,success,0.12
5522,3096,2023-03-16 03:53:00,1556.18,success,23.34
5523,3096,2023-03-05 03:53:00,1217.18,success,18.26
5524,3096,2023-04-13 03:53:00,246.75,success,3.7
5525,3096,2023-03-22 03:53:00,864.67,success,12.97
5526,3097,2024-07-13 02:08:00,365.59,success,5.48
5527,3097,2024-07-28 02:08:00,248.83,success,3.73
5528,3097,2024-08-24 02:08:00,390.33,success,5.85
5529,3097,2024-08-29 02:08:00,613.17,success,9.2
5530,3098,2024-11-08 15:41:00,399.82,failed,0.0
5531,3098,2024-08-30 15:41:00,318.19,success,4.77
5532,3098,2024-08-30 15:41:00,7.2,success,0.11
5533,3098,2024-10-06 15:41:00,15.85,success,0.24
5534,3098,2024-10-24 15:41:00,63.44,failed,0.0
5535,3101,2024-04-10 17:22:00,332.1,success,4.98
5536,3101,2024-06-12 17:22:00,1275.35,success,19.13
5537,3101,2024-06-01 17:22:00,1661.48,success,24.92
5538,3101,2024-06-15 17:22:00,51.65,success,0.77
5539,3101,2024-07-01 17:22:00,146.48,success,2.2
5540,3101,2024-04-09 17:22:00,180.47,success,2.71
5541,3102,2023-08-23 14:21:00,15.67,success,0.24
5542,3102,2023-08-15 14:21:00,426.41,success,6.4
5543,3102,2023-08-19 14:21:00,413.07,success,6.2
5544,3102,2023-09-09 14:21:00,1410.08,failed,0.0
5545,3102,2023-09-15 14:21:00,10.69,success,0.16
5546,3104,2023-12-04 17:33:00,811.78,success,12.18
5547,3104,2024-01-10 17:33:00,1188.02,failed,0.0
5548,3104,2024-02-04 17:33:00,226.19,success,3.39
5549,3105,2024-08-04 03:26:00,785.36,success,11.78
5550,3105,2024-07-24 03:26:00,464.0,success,6.96
5551,3105,2024-06-21 03:26:00,12.53,success,0.19
5552,3105,2024-08-08 03:26:00,10.68,success,0.16
5553,3105,2024-06-14 03:26:00,115.34,success,1.73
5554,3107,2023-10-20 06:34:00,80.48,success,1.21
5555,3107,2023-10-25 06:34:00,1049.79,success,15.75
5556,3107,2023-11-22 06:34:00,373.75,failed,0.0
5557,3107,2023-12-27 06:34:00,15.53,success,0.23
5558,3107,2023-12-31 06:34:00,130.12,success,1.95
5559,3109,2025-01-30 18:44:00,18.26,success,0.27
5560,3109,2025-02-28 18:44:00,19.5,success,0.29
5561,3111,2024-02-21 12:19:00,1362.65,success,20.44
5562,3111,2024-04-29 12:19:00,1758.91,success,26.38
5563,3111,2024-04-19 12:19:00,118.81,success,1.78
5564,3111,2024-03-20 12:19:00,10.37,success,0.16
5565,3111,2024-02-08 12:19:00,9.25,failed,0.0
5566,3111,2024-03-02 12:19:00,12.18,failed,0.0
5567,3113,2024-01-03 03:40:00,9.63,success,0.14
5568,3113,2024-01-10 03:40:00,375.18,success,5.63
5569,3113,2023-12-15 03:40:00,17.38,success,0.26
5570,3114,2024-08-16 10:54:00,596.28,success,8.94
5571,3114,2024-07-27 10:54:00,65.81,success,0.99
5572,3114,2024-09-26 10:54:00,7.84,failed,0.0
5573,3114,2024-10-07 10:54:00,14.44,success,0.22
5574,3114,2024-08-04 10:54:00,14.66,success,0.22
5575,3114,2024-09-12 10:54:00,12.42,failed,0.0
5576,3114,2024-09-23 10:54:00,486.13,success,7.29
5577,3114,2024-07-31 10:54:00,324.17,success,4.86
5578,3122,2023-06-15 03:33:00,109.25,success,1.64
5579,3122,2023-04-16 03:33:00,17.98,success,0.27
5580,3126,2023-05-17 19:25:00,373.3,success,5.6
5581,3126,2023-04-16 19:25:00,1400.89,success,21.01
5582,3126,2023-04-29 19:25:00,203.59,success,3.05
5583,3126,2023-05-25 19:25:00,19.92,success,0.3
5584,3127,2024-10-27 19:59:00,1973.08,success,29.6
5585,3127,2024-11-04 19:59:00,299.97,success,4.5
5586,3127,2024-12-22 19:59:00,277.86,success,4.17
5587,3127,2024-12-11 19:59:00,16.94,success,0.25
5588,3127,2024-11-10 19:59:00,9.94,success,0.15
5589,3127,2024-12-13 19:59:00,11.55,success,0.17
5590,3128,2024-12-31 17:39:00,1642.24,success,24.63
5591,3128,2024-10-26 17:39:00,1918.07,success,28.77
5592,3128,2025-01-15 17:39:00,6.36,success,0.1
5593,3128,2024-11-26 17:39:00,18.54,success,0.28
5594,3128,2024-12-12 17:39:00,5.57,success,0.08
5595,3130,2024-08-16 09:47:00,11.61,success,0.17
5596,3130,2024-09-24 09:47:00,11.73,success,0.18
5597,3130,2024-09-27 09:47:00,1861.59,failed,0.0
5598,3130,2024-09-21 09:47:00,1821.2,success,27.32
5599,3130,2024-10-28 09:47:00,1679.04,success,25.19
5600,3130,2024-09-26 09:47:00,1435.03,success,21.53
5601,3133,2024-02-07 02:47:00,1200.53,success,18.01
5602,3133,2024-01-14 02:47:00,420.19,success,6.3
5603,3133,2024-01-14 02:47:00,197.02,failed,0.0
5604,3134,2023-12-25 23:17:00,15.3,success,0.23
5605,3134,2023-10-29 23:17:00,1121.32,success,16.82
5606,3134,2023-12-18 23:17:00,424.14,success,6.36
5607,3134,2023-12-21 23:17:00,417.06,failed,0.0
5608,3134,2023-12-29 23:17:00,319.17,success,4.79
5609,3134,2023-11-17 23:17:00,1102.53,success,16.54
5610,3135,2024-12-14 19:25:00,720.98,success,10.81
5611,3135,2024-10-26 19:25:00,1061.68,success,15.93
5612,3136,2023-04-06 03:54:00,13.1,success,0.2
5613,3136,2023-04-06 03:54:00,5.36,failed,0.0
5614,3136,2023-03-24 03:54:00,1083.75,success,16.26
5615,3136,2023-05-11 03:54:00,50.29,success,0.75
5616,3136,2023-05-11 03:54:00,467.44,success,7.01
5617,3136,2023-03-13 03:54:00,79.08,success,1.19
5618,3138,2025-01-04 08:25:00,1248.06,success,18.72
5619,3138,2025-02-07 08:25:00,15.16,success,0.23
5620,3138,2025-01-13 08:25:00,476.2,success,7.14
5621,3138,2025-02-15 08:25:00,353.14,failed,0.0
5622,3138,2025-01-05 08:25:00,10.41,success,0.16
5623,3138,2025-02-12 08:25:00,1803.79,success,27.06
5624,3138,2025-03-03 08:25:00,177.52,success,2.66
5625,3143,2024-09-22 05:09:00,1575.25,success,23.63
5626,3143,2024-11-04 05:09:00,1484.34,failed,0.0
5627,3143,2024-11-01 05:09:00,444.0,success,6.66
5628,3143,2024-10-02 05:09:00,1904.59,failed,0.0
5629,3143,2024-09-25 05:09:00,11.75,success,0.18
5630,3143,2024-09-14 05:09:00,273.83,success,4.11
5631,3143,2024-09-25 05:09:00,665.37,failed,0.0
5632,3148,2023-12-25 02:26:00,1917.6,success,28.76
5633,3148,2023-11-25 02:26:00,10.39,success,0.16
5634,3148,2023-12-02 02:26:00,13.07,success,0.2
5635,3148,2023-11-16 02:26:00,18.25,success,0.27
5636,3148,2023-12-08 02:26:00,1225.31,success,18.38
5637,3148,2023-12-16 02:26:00,1989.04,success,29.84
5638,3148,2023-11-30 02:26:00,8.33,success,0.12
5639,3150,2023-09-29 13:22:00,521.28,success,7.82
5640,3150,2023-10-24 13:22:00,492.51,success,7.39
5641,3150,2023-09-13 13:22:00,1761.78,success,26.43
5642,3150,2023-10-12 13:22:00,1745.02,success,26.18
5643,3150,2023-11-06 13:22:00,10.0,failed,0.0
5644,3150,2023-08-20 13:22:00,1635.69,success,24.54
5645,3150,2023-08-23 13:22:00,1386.27,success,20.79
5646,3154,2023-03-19 10:45:00,400.46,success,6.01
5647,3154,2023-04-30 10:45:00,1061.38,success,15.92
5648,3154,2023-05-26 10:45:00,279.92,failed,0.0
5649,3154,2023-05-10 10:45:00,103.35,success,1.55
5650,3154,2023-04-04 10:45:00,233.1,success,3.5
5651,3154,2023-04-07 10:45:00,349.2,success,5.24
5652,3154,2023-05-01 10:45:00,5.06,success,0.08
5653,3154,2023-03-28 10:45:00,16.4,success,0.25
5654,3156,2023-04-11 00:48:00,372.58,success,5.59
5655,3156,2023-04-13 00:48:00,19.07,success,0.29
5656,3156,2023-04-23 00:48:00,880.57,success,13.21
5657,3156,2023-04-21 00:48:00,65.59,success,0.98
5658,3156,2023-04-03 00:48:00,6.42,success,0.1
5659,3156,2023-04-30 00:48:00,1935.06,success,29.03
5660,3156,2023-04-28 00:48:00,634.8,success,9.52
5661,3156,2023-06-01 00:48:00,13.22,success,0.2
5662,3158,2023-07-25 16:41:00,14.4,success,0.22
5663,3158,2023-09-13 16:41:00,1122.71,failed,0.0
5664,3158,2023-09-22 16:41:00,130.87,failed,0.0
5665,3158,2023-09-07 16:41:00,405.5,failed,0.0
5666,3164,2023-12-11 15:33:00,193.61,success,2.9
5667,3164,2023-10-19 15:33:00,972.58,success,14.59
5668,3164,2023-12-02 15:33:00,153.63,failed,0.0
5669,3174,2024-02-19 08:42:00,13.85,success,0.21
5670,3174,2024-04-08 08:42:00,10.11,success,0.15
5671,3175,2024-05-06 21:58:00,12.21,success,0.18
5672,3175,2024-04-24 21:58:00,1027.04,failed,0.0
5673,3175,2024-04-12 21:58:00,357.05,success,5.36
5674,3175,2024-05-07 21:58:00,549.83,success,8.25
5675,3175,2024-03-27 21:58:00,18.7,success,0.28
5676,3175,2024-04-05 21:58:00,425.42,success,6.38
5677,3178,2024-12-10 15:26:00,212.97,success,3.19
5678,3178,2024-11-29 15:26:00,208.63,success,3.13
5679,3178,2024-11-29 15:26:00,1504.78,failed,0.0
5680,3178,2024-11-27 15:26:00,14.07,success,0.21
5681,3180,2024-06-25 03:30:00,8.39,success,0.13
5682,3180,2024-05-25 03:30:00,271.75,success,4.08
5683,3180,2024-07-05 03:30:00,1861.93,success,27.93
5684,3180,2024-06-17 03:30:00,5.96,success,0.09
5685,3180,2024-07-16 03:30:00,1851.38,success,27.77
5686,3180,2024-06-01 03:30:00,9.05,success,0.14
5687,3180,2024-05-18 03:30:00,16.67,success,0.25
5688,3181,2024-10-15 01:03:00,402.03,success,6.03
5689,3181,2024-10-08 01:03:00,703.92,success,10.56
5690,3184,2023-04-25 02:47:00,472.24,success,7.08
5691,3184,2023-03-12 02:47:00,18.28,failed,0.0
5692,3184,2023-04-27 02:47:00,7.38,success,0.11
5693,3184,2023-05-11 02:47:00,206.0,success,3.09
5694,3184,2023-02-16 02:47:00,15.9,success,0.24
5695,3188,2024-04-08 07:16:00,18.47,success,0.28
5696,3188,2024-01-29 07:16:00,8.81,success,0.13
5697,3188,2024-02-16 07:16:00,370.2,success,5.55
5698,3188,2024-03-25 07:16:00,15.55,success,0.23
5699,3188,2024-03-25 07:16:00,9.12,success,0.14
5700,3188,2024-02-26 07:16:00,1866.1,success,27.99
5701,3188,2024-01-18 07:16:00,199.48,success,2.99
5702,3190,2024-11-05 06:36:00,283.9,success,4.26
5703,3190,2024-11-07 06:36:00,275.4,success,4.13
5704,3191,2023-03-22 22:06:00,342.11,success,5.13
5705,3191,2023-04-04 22:06:00,1124.37,success,16.87
5706,3191,2023-05-01 22:06:00,889.64,failed,0.0
5707,3191,2023-04-07 22:06:00,1681.88,failed,0.0
5708,3191,2023-04-29 22:06:00,343.82,success,5.16
5709,3191,2023-04-07 22:06:00,13.28,success,0.2
5710,3192,2024-05-18 16:57:00,19.45,success,0.29
5711,3192,2024-05-15 16:57:00,880.49,success,13.21
5712,3192,2024-04-22 16:57:00,714.45,success,10.72
5713,3192,2024-04-16 16:57:00,1069.07,failed,0.0
5714,3192,2024-04-20 16:57:00,1704.71,failed,0.0
5715,3195,2023-03-17 00:00:00,355.37,failed,0.0
5716,3196,2023-09-05 23:37:00,254.35,failed,0.0
5717,3196,2023-07-02 23:37:00,8.94,success,0.13
5718,3200,2024-06-24 08:46:00,450.12,failed,0.0
5719,3200,2024-06-10 08:46:00,314.23,success,4.71
5720,3200,2024-05-13 08:46:00,9.29,success,0.14
5721,3200,2024-07-10 08:46:00,1776.47,success,26.65
5722,3200,2024-05-27 08:46:00,329.95,success,4.95
5723,3200,2024-05-21 08:46:00,9.04,success,0.14
5724,3200,2024-04-26 08:46:00,1242.44,success,18.64
5725,3201,2023-05-25 00:01:00,10.38,success,0.16
5726,3201,2023-05-20 00:01:00,9.83,success,0.15
5727,3201,2023-03-25 00:01:00,1275.52,success,19.13
5728,3201,2023-05-20 00:01:00,19.37,success,0.29
5729,3206,2024-04-18 09:43:00,6.41,failed,0.0
5730,3206,2024-03-31 09:43:00,456.57,success,6.85
5731,3208,2024-04-05 02:52:00,1774.23,success,26.61
5732,3208,2024-03-29 02:52:00,1685.63,success,25.28
5733,3208,2024-04-26 02:52:00,356.77,failed,0.0
5734,3208,2024-05-16 02:52:00,874.48,success,13.12
5735,3210,2024-10-19 16:20:00,16.46,success,0.25
5736,3210,2024-11-01 16:20:00,1390.98,success,20.86
5737,3210,2024-12-19 16:20:00,228.75,success,3.43
5738,3210,2024-11-20 16:20:00,14.69,success,0.22
5739,3210,2024-09-29 16:20:00,12.34,success,0.19
5740,3210,2024-11-21 16:20:00,248.1,success,3.72
5741,3212,2023-10-28 03:43:00,7.91,success,0.12
5742,3212,2023-11-02 03:43:00,7.96,success,0.12
5743,3212,2023-12-31 03:43:00,19.51,failed,0.0
5744,3214,2024-11-08 19:14:00,14.57,success,0.22
5745,3214,2024-09-14 19:14:00,6.12,success,0.09
5746,3214,2024-10-27 19:14:00,11.27,success,0.17
5747,3216,2024-08-12 10:55:00,1864.99,success,27.97
5748,3216,2024-10-10 10:55:00,617.76,failed,0.0
5749,3216,2024-07-31 10:55:00,823.25,success,12.35
5750,3217,2024-12-25 10:28:00,1290.76,success,19.36
5751,3217,2025-02-11 10:28:00,1511.9,success,22.68
5752,3217,2025-02-04 10:28:00,16.42,success,0.25
5753,3217,2025-01-17 10:28:00,1010.44,failed,0.0
5754,3217,2025-02-28 10:28:00,411.51,success,6.17
5755,3217,2025-03-12 10:28:00,1576.4,success,23.65
5756,3217,2025-02-17 10:28:00,399.18,success,5.99
5757,3218,2024-02-04 19:18:00,11.79,success,0.18
5758,3218,2024-03-31 19:18:00,5.6,success,0.08
5759,3218,2024-02-18 19:18:00,14.85,success,0.22
5760,3218,2024-03-29 19:18:00,215.78,success,3.24
5761,3218,2024-03-02 19:18:00,357.81,success,5.37
5762,3218,2024-04-30 19:18:00,1345.8,success,20.19
5763,3218,2024-04-20 19:18:00,1124.35,failed,0.0
5764,3218,2024-04-14 19:18:00,1995.67,failed,0.0
5765,3221,2023-11-27 01:36:00,982.77,success,14.74
5766,3221,2023-10-20 01:36:00,296.7,success,4.45
5767,3222,2023-06-01 23:07:00,1358.44,success,20.38
5768,3222,2023-06-06 23:07:00,10.11,success,0.15
5769,3226,2024-07-10 09:49:00,18.42,success,0.28
5770,3226,2024-08-18 09:49:00,1745.53,success,26.18
5771,3226,2024-07-19 09:49:00,1977.26,success,29.66
5772,3226,2024-07-08 09:49:00,7.42,success,0.11
5773,3226,2024-08-23 09:49:00,9.42,success,0.14
5774,3226,2024-08-31 09:49:00,1169.3,success,17.54
5775,3226,2024-07-22 09:49:00,659.19,success,9.89
5776,3233,2024-05-17 03:49:00,333.15,success,5.0
5777,3238,2023-12-04 14:50:00,1675.77,success,25.14
5778,3238,2023-10-17 14:50:00,8.26,success,0.12
5779,3238,2023-09-15 14:50:00,7.71,success,0.12
5780,3238,2023-11-05 14:50:00,1807.6,success,27.11
5781,3241,2023-11-07 04:27:00,14.43,success,0.22
5782,3241,2023-11-18 04:27:00,382.32,failed,0.0
5783,3241,2023-10-27 04:27:00,1971.3,success,29.57
5784,3241,2023-10-23 04:27:00,1902.56,failed,0.0
5785,3241,2023-09-25 04:27:00,466.71,success,7.0
5786,3241,2023-12-04 04:27:00,1904.59,success,28.57
5787,3241,2023-09-19 04:27:00,200.18,success,3.0
5788,3241,2023-11-15 04:27:00,969.73,success,14.55
5789,3243,2024-12-09 08:57:00,213.59,success,3.2
5790,3243,2025-01-20 08:57:00,109.53,success,1.64
5791,3243,2024-12-05 08:57:00,245.04,failed,0.0
5792,3243,2024-12-09 08:57:00,15.95,success,0.24
5793,3243,2024-12-22 08:57:00,343.19,success,5.15
5794,3253,2023-05-09 05:36:00,235.7,success,3.54
5795,3253,2023-06-07 05:36:00,577.11,success,8.66
5796,3253,2023-05-12 05:36:00,18.24,success,0.27
5797,3257,2025-01-13 01:08:00,134.22,success,2.01
5798,3257,2025-02-05 01:08:00,137.62,success,2.06
5799,3257,2025-01-16 01:08:00,1539.76,success,23.1
5800,3257,2025-01-04 01:08:00,291.44,success,4.37
5801,3257,2025-01-11 01:08:00,196.34,success,2.95
5802,3257,2025-02-24 01:08:00,1655.54,success,24.83
5803,3260,2023-09-10 14:14:00,364.21,success,5.46
5804,3260,2023-10-04 14:14:00,1540.76,success,23.11
5805,3260,2023-10-25 14:14:00,363.65,success,5.45
5806,3260,2023-11-01 14:14:00,245.03,success,3.68
5807,3260,2023-10-13 14:14:00,6.29,success,0.09
5808,3260,2023-09-01 14:14:00,10.61,success,0.16
5809,3260,2023-11-05 14:14:00,9.1,failed,0.0
5810,3260,2023-08-27 14:14:00,87.34,success,1.31
5811,3261,2023-10-03 01:58:00,103.59,failed,0.0
5812,3261,2023-12-13 01:58:00,15.88,success,0.24
5813,3261,2023-10-11 01:58:00,7.1,success,0.11
5814,3264,2024-05-20 13:54:00,14.48,success,0.22
5815,3264,2024-06-06 13:54:00,1831.44,success,27.47
5816,3265,2024-06-03 06:29:00,9.2,success,0.14
5817,3265,2024-04-15 06:29:00,18.81,success,0.28
5818,3265,2024-04-18 06:29:00,8.96,success,0.13
5819,3265,2024-05-13 06:29:00,396.75,failed,0.0
5820,3265,2024-06-02 06:29:00,19.06,success,0.29
5821,3265,2024-04-28 06:29:00,813.01,success,12.2
5822,3265,2024-05-11 06:29:00,5.84,success,0.09
5823,3267,2024-07-20 04:39:00,470.14,failed,0.0
5824,3267,2024-06-27 04:39:00,1090.0,success,16.35
5825,3267,2024-09-02 04:39:00,7.65,success,0.11
5826,3267,2024-07-31 04:39:00,1576.71,success,23.65
5827,3267,2024-07-30 04:39:00,507.83,success,7.62
5828,3267,2024-09-07 04:39:00,8.74,success,0.13
5829,3267,2024-07-23 04:39:00,457.38,success,6.86
5830,3268,2024-12-07 19:57:00,78.01,success,1.17
5831,3271,2023-03-26 09:52:00,12.65,success,0.19
5832,3271,2023-04-25 09:52:00,1714.96,failed,0.0
5833,3271,2023-04-15 09:52:00,468.04,success,7.02
5834,3271,2023-04-15 09:52:00,210.41,success,3.16
5835,3273,2024-11-03 23:14:00,312.55,success,4.69
5836,3273,2024-11-03 23:14:00,58.54,success,0.88
5837,3273,2024-11-18 23:14:00,10.79,success,0.16
5838,3273,2024-10-13 23:14:00,196.93,success,2.95
5839,3273,2024-10-27 23:14:00,1224.92,success,18.37
5840,3273,2024-10-21 23:14:00,316.7,success,4.75
5841,3273,2024-11-27 23:14:00,1681.03,success,25.22
5842,3273,2024-12-23 23:14:00,16.73,success,0.25
5843,3276,2023-06-29 05:19:00,11.02,failed,0.0
5844,3276,2023-06-09 05:19:00,14.46,success,0.22
5845,3276,2023-05-09 05:19:00,799.56,success,11.99
5846,3282,2023-12-12 07:19:00,1304.27,failed,0.0
5847,3282,2023-11-27 07:19:00,10.77,success,0.16
5848,3282,2023-11-03 07:19:00,13.07,failed,0.0
5849,3282,2023-11-09 07:19:00,857.56,success,12.86
5850,3282,2023-12-20 07:19:00,1681.29,success,25.22
5851,3282,2023-12-08 07:19:00,19.96,success,0.3
5852,3282,2023-10-31 07:19:00,1724.88,success,25.87
5853,3282,2023-12-31 07:19:00,1943.58,success,29.15
5854,3283,2023-05-21 13:34:00,17.09,success,0.26
5855,3283,2023-04-08 13:34:00,356.52,success,5.35
5856,3283,2023-06-20 13:34:00,1859.65,success,27.89
5857,3284,2024-01-02 08:08:00,729.13,success,10.94
5858,3284,2024-01-11 08:08:00,6.37,failed,0.0
5859,3284,2023-11-03 08:08:00,6.81,success,0.1
5860,3286,2023-09-20 18:42:00,1215.72,failed,0.0
5861,3286,2023-09-06 18:42:00,298.6,failed,0.0
5862,3286,2023-11-05 18:42:00,18.4,success,0.28
5863,3286,2023-10-20 18:42:00,1842.33,success,27.63
5864,3286,2023-10-11 18:42:00,11.61,success,0.17
5865,3286,2023-08-20 18:42:00,1074.91,success,16.12
5866,3286,2023-09-15 18:42:00,961.83,success,14.43
5867,3291,2023-03-31 19:29:00,1687.87,success,25.32
5868,3291,2023-03-18 19:29:00,1780.16,success,26.7
5869,3292,2024-11-08 13:12:00,829.16,failed,0.0
5870,3292,2024-10-25 13:12:00,1003.75,success,15.06
5871,3292,2025-01-19 13:12:00,109.3,success,1.64
5872,3292,2024-12-05 13:12:00,959.93,success,14.4
5873,3292,2024-10-27 13:12:00,154.95,success,2.32
5874,3292,2024-11-28 13:12:00,9.27,success,0.14
5875,3292,2025-01-17 13:12:00,200.11,success,3.0
5876,3293,2024-06-14 22:07:00,297.75,failed,0.0
5877,3293,2024-06-03 22:07:00,1300.67,success,19.51
5878,3293,2024-06-25 22:07:00,1274.67,success,19.12
5879,3293,2024-05-21 22:07:00,81.83,success,1.23
5880,3295,2023-09-11 11:49:00,119.36,failed,0.0
5881,3295,2023-07-20 11:49:00,1537.67,success,23.07
5882,3295,2023-07-23 11:49:00,13.83,failed,0.0
5883,3297,2024-05-11 08:20:00,16.16,success,0.24
5884,3297,2024-03-30 08:20:00,10.41,failed,0.0
5885,3297,2024-06-04 08:20:00,19.07,success,0.29
5886,3298,2023-02-02 21:30:00,17.93,success,0.27
5887,3298,2023-02-12 21:30:00,16.17,success,0.24
5888,3298,2023-04-05 21:30:00,1548.01,success,23.22
5889,3302,2024-08-10 20:31:00,15.51,failed,0.0
5890,3302,2024-08-29 20:31:00,1519.68,success,22.8
5891,3302,2024-09-21 20:31:00,660.95,success,9.91
5892,3302,2024-09-15 20:31:00,12.8,success,0.19
5893,3302,2024-09-06 20:31:00,475.1,success,7.13
5894,3302,2024-08-24 20:31:00,96.33,success,1.44
5895,3302,2024-09-01 20:31:00,8.57,success,0.13
5896,3302,2024-10-04 20:31:00,10.4,success,0.16
5897,3303,2023-09-21 12:21:00,9.43,success,0.14
5898,3303,2023-08-15 12:21:00,9.07,failed,0.0
5899,3307,2023-07-26 05:56:00,1257.21,success,18.86
5900,3307,2023-08-25 05:56:00,13.63,success,0.2
5901,3311,2023-06-27 02:14:00,1247.23,success,18.71
5902,3311,2023-06-30 02:14:00,13.04,success,0.2
5903,3311,2023-06-13 02:14:00,1221.4,success,18.32
5904,3311,2023-07-20 02:14:00,1006.99,success,15.1
5905,3313,2023-07-05 07:53:00,11.81,success,0.18
5906,3313,2023-07-17 07:53:00,1189.61,failed,0.0
5907,3313,2023-08-10 07:53:00,1637.02,success,24.56
5908,3317,2024-12-21 21:13:00,1425.48,success,21.38
5909,3317,2024-12-11 21:13:00,1775.41,success,26.63
5910,3317,2024-11-02 21:13:00,1818.48,success,27.28
5911,3317,2024-11-24 21:13:00,245.19,success,3.68
5912,3317,2024-11-18 21:13:00,880.09,success,13.2
5913,3317,2024-12-05 21:13:00,6.42,success,0.1
5914,3317,2024-12-19 21:13:00,7.75,success,0.12
5915,3320,2023-11-20 19:00:00,374.77,success,5.62
5916,3320,2023-11-29 19:00:00,15.91,success,0.24
5917,3320,2023-12-14 19:00:00,14.79,success,0.22
5918,3320,2023-11-27 19:00:00,492.69,failed,0.0
5919,3320,2023-12-04 19:00:00,140.09,success,2.1
5920,3320,2023-12-18 19:00:00,419.47,success,6.29
5921,3320,2023-11-16 19:00:00,9.37,success,0.14
5922,3320,2023-11-26 19:00:00,16.12,success,0.24
5923,3322,2023-05-16 01:00:00,12.44,success,0.19
5924,3322,2023-05-24 01:00:00,18.86,success,0.28
5925,3322,2023-05-27 01:00:00,876.98,success,13.15
5926,3322,2023-05-21 01:00:00,249.45,success,3.74
5927,3322,2023-06-25 01:00:00,205.33,success,3.08
5928,3322,2023-06-29 01:00:00,512.25,success,7.68
5929,3322,2023-05-27 01:00:00,7.1,success,0.11
5930,3323,2023-04-09 21:35:00,12.33,success,0.18
5931,3323,2023-03-20 21:35:00,1320.23,success,19.8
5932,3323,2023-02-07 21:35:00,332.01,success,4.98
5933,3324,2024-09-05 09:24:00,1533.89,success,23.01
5934,3324,2024-06-27 09:24:00,19.44,success,0.29
5935,3324,2024-09-17 09:24:00,1762.32,success,26.43
5936,3324,2024-08-09 09:24:00,14.84,success,0.22
5937,3324,2024-07-04 09:24:00,392.67,failed,0.0
5938,3324,2024-07-05 09:24:00,456.29,success,6.84
5939,3325,2023-08-17 01:08:00,227.58,success,3.41
5940,3325,2023-09-22 01:08:00,352.22,failed,0.0
5941,3325,2023-08-19 01:08:00,5.64,success,0.08
5942,3325,2023-10-10 01:08:00,17.58,failed,0.0
5943,3325,2023-08-30 01:08:00,402.97,success,6.04
5944,3328,2025-01-12 22:12:00,747.21,success,11.21
5945,3328,2024-12-18 22:12:00,1376.23,success,20.64
5946,3328,2024-12-15 22:12:00,10.06,success,0.15
5947,3330,2023-06-28 06:09:00,806.78,success,12.1
5948,3330,2023-06-30 06:09:00,13.56,success,0.2
5949,3330,2023-07-13 06:09:00,17.47,success,0.26
5950,3330,2023-08-15 06:09:00,369.62,success,5.54
5951,3330,2023-09-12 06:09:00,13.93,success,0.21
5952,3330,2023-08-22 06:09:00,1202.23,success,18.03
5953,3331,2024-09-05 08:34:00,207.98,success,3.12
5954,3331,2024-09-10 08:34:00,107.95,success,1.62
5955,3331,2024-08-28 08:34:00,7.26,success,0.11
5956,3331,2024-08-14 08:34:00,143.78,failed,0.0
5957,3331,2024-07-10 08:34:00,16.99,success,0.25
5958,3331,2024-08-02 08:34:00,17.39,success,0.26
5959,3331,2024-06-30 08:34:00,18.74,success,0.28
5960,3331,2024-07-27 08:34:00,6.35,success,0.1
5961,3335,2024-01-25 10:35:00,116.94,success,1.75
5962,3335,2024-02-02 10:35:00,13.27,success,0.2
5963,3335,2024-02-29 10:35:00,820.97,success,12.31
5964,3336,2023-10-22 06:33:00,1741.6,success,26.12
5965,3336,2023-10-23 06:33:00,12.46,success,0.19
5966,3336,2023-10-28 06:33:00,1895.52,success,28.43
5967,3336,2023-11-04 06:33:00,50.91,success,0.76
5968,3336,2023-12-18 06:33:00,13.72,success,0.21
5969,3336,2023-10-03 06:33:00,12.32,success,0.18
5970,3336,2023-11-04 06:33:00,5.59,success,0.08
5971,3336,2023-11-29 06:33:00,108.62,success,1.63
5972,3337,2024-08-14 09:13:00,265.4,success,3.98
5973,3337,2024-07-06 09:13:00,568.86,failed,0.0
5974,3337,2024-08-03 09:13:00,17.75,success,0.27
5975,3337,2024-09-23 09:13:00,13.62,success,0.2
5976,3337,2024-08-08 09:13:00,7.66,success,0.11
5977,3337,2024-08-12 09:13:00,11.22,success,0.17
5978,3337,2024-09-01 09:13:00,14.46,success,0.22
5979,3339,2023-02-11 11:24:00,1804.64,success,27.07
5980,3339,2023-02-20 11:24:00,357.82,success,5.37
5981,3340,2024-11-18 16:29:00,336.31,failed,0.0
5982,3340,2024-10-25 16:29:00,12.43,success,0.19
5983,3340,2024-12-26 16:29:00,1203.99,success,18.06
5984,3340,2025-01-08 16:29:00,1274.42,success,19.12
5985,3340,2024-12-28 16:29:00,1359.04,success,20.39
5986,3341,2024-05-27 03:38:00,1236.18,failed,0.0
5987,3341,2024-06-26 03:38:00,1223.0,success,18.34
5988,3341,2024-04-26 03:38:00,102.29,success,1.53
5989,3341,2024-05-28 03:38:00,1618.64,success,24.28
5990,3341,2024-04-09 03:38:00,299.36,failed,0.0
5991,3341,2024-05-08 03:38:00,257.12,success,3.86
5992,3341,2024-06-16 03:38:00,15.94,success,0.24
5993,3341,2024-06-09 03:38:00,375.51,success,5.63
5994,3342,2024-06-21 17:07:00,484.15,success,7.26
5995,3342,2024-05-25 17:07:00,347.19,success,5.21
5996,3342,2024-05-27 17:07:00,977.25,failed,0.0
5997,3343,2024-02-08 23:16:00,1937.39,success,29.06
5998,3344,2024-01-29 19:20:00,1414.09,success,21.21
5999,3344,2024-03-08 19:20:00,423.16,success,6.35
6000,3344,2024-02-19 19:20:00,1691.67,success,25.38
6001,3344,2024-01-15 19:20:00,519.56,success,7.79
6002,3344,2024-01-24 19:20:00,986.79,success,14.8
6003,3344,2024-03-19 19:20:00,449.55,failed,0.0
6004,3346,2023-07-07 23:19:00,16.33,success,0.24
6005,3346,2023-08-14 23:19:00,18.23,success,0.27
6006,3346,2023-09-12 23:19:00,1675.23,success,25.13
6007,3346,2023-07-16 23:19:00,534.24,success,8.01
6008,3346,2023-07-08 23:19:00,1461.45,success,21.92
6009,3346,2023-06-15 23:19:00,15.16,success,0.23
6010,3346,2023-06-20 23:19:00,8.44,success,0.13
6011,3347,2024-08-19 15:38:00,11.46,success,0.17
6012,3347,2024-07-28 15:38:00,290.9,success,4.36
6013,3347,2024-08-31 15:38:00,131.16,success,1.97
6014,3347,2024-09-18 15:38:00,387.12,success,5.81
6015,3347,2024-07-19 15:38:00,194.78,success,2.92
6016,3347,2024-10-02 15:38:00,499.17,success,7.49
6017,3348,2025-02-17 18:18:00,6.79,failed,0.0
6018,3348,2024-12-24 18:18:00,1343.51,success,20.15
6019,3348,2024-12-06 18:18:00,70.14,success,1.05
6020,3349,2023-05-10 21:47:00,459.48,success,6.89
6021,3351,2024-06-29 19:49:00,939.82,success,14.1
6022,3351,2024-07-24 19:49:00,378.14,success,5.67
6023,3351,2024-06-20 19:49:00,1408.15,failed,0.0
6024,3351,2024-07-27 19:49:00,7.26,success,0.11
6025,3351,2024-06-18 19:49:00,199.57,success,2.99
6026,3351,2024-06-26 19:49:00,13.73,success,0.21
6027,3351,2024-08-31 19:49:00,8.71,success,0.13
6028,3351,2024-07-19 19:49:00,15.57,success,0.23
6029,3353,2024-11-09 09:51:00,126.15,failed,0.0
6030,3353,2024-12-21 09:51:00,978.92,failed,0.0
6031,3353,2024-10-09 09:51:00,165.21,success,2.48
6032,3353,2024-10-22 09:51:00,643.49,success,9.65
6033,3353,2024-10-11 09:51:00,1015.52,success,15.23
6034,3354,2024-11-03 04:15:00,1070.44,success,16.06
6035,3356,2024-03-05 18:32:00,10.37,success,0.16
6036,3356,2024-02-18 18:32:00,533.54,success,8.0
6037,3356,2024-02-17 18:32:00,786.74,success,11.8
6038,3356,2024-01-28 18:32:00,644.36,success,9.67
6039,3356,2023-12-20 18:32:00,154.0,success,2.31
6040,3356,2024-01-21 18:32:00,19.9,failed,0.0
6041,3357,2024-09-28 09:23:00,9.18,failed,0.0
6042,3357,2024-10-25 09:23:00,1093.33,success,16.4
6043,3357,2024-11-30 09:23:00,308.64,success,4.63
6044,3357,2024-10-22 09:23:00,794.21,success,11.91
6045,3357,2024-10-20 09:23:00,655.78,success,9.84
6046,3357,2024-11-10 09:23:00,254.56,success,3.82
6047,3357,2024-11-01 09:23:00,67.99,success,1.02
6048,3358,2024-12-29 09:52:00,52.26,success,0.78
6049,3358,2025-01-31 09:52:00,363.0,success,5.44
6050,3358,2025-01-20 09:52:00,252.27,success,3.78
6051,3359,2023-12-09 12:00:00,1423.54,success,21.35
6052,3359,2023-10-21 12:00:00,228.29,success,3.42
6053,3359,2023-11-11 12:00:00,1585.16,success,23.78
6054,3359,2023-10-18 12:00:00,9.74,success,0.15
6055,3359,2023-12-11 12:00:00,377.02,success,5.66
6056,3359,2023-12-01 12:00:00,686.55,success,10.3
6057,3359,2024-01-05 12:00:00,1686.26,success,25.29
6058,3362,2023-03-21 02:59:00,267.72,success,4.02
6059,3362,2023-02-12 02:59:00,10.69,success,0.16
6060,3362,2023-02-14 02:59:00,1705.27,success,25.58
6061,3362,2023-03-02 02:59:00,9.8,success,0.15
6062,3362,2023-02-16 02:59:00,95.88,success,1.44
6063,3362,2023-04-23 02:59:00,459.28,failed,0.0
6064,3362,2023-04-15 02:59:00,323.36,success,4.85
6065,3369,2024-01-14 14:50:00,213.16,success,3.2
6066,3369,2023-11-22 14:50:00,12.62,success,0.19
6067,3371,2023-07-06 04:35:00,670.75,success,10.06
6068,3371,2023-05-11 04:35:00,16.75,success,0.25
6069,3371,2023-07-04 04:35:00,1329.69,success,19.95
6070,3372,2024-07-31 16:38:00,8.84,success,0.13
6071,3372,2024-05-19 16:38:00,76.46,failed,0.0
6072,3372,2024-06-08 16:38:00,1050.07,success,15.75
6073,3373,2024-04-06 10:37:00,1423.88,success,21.36
6074,3373,2024-04-06 10:37:00,1454.05,success,21.81
6075,3373,2024-05-10 10:37:00,10.46,success,0.16
6076,3377,2023-10-28 12:06:00,12.85,success,0.19
6077,3377,2023-11-02 12:06:00,1119.77,success,16.8
6078,3377,2023-11-27 12:06:00,309.78,success,4.65
6079,3377,2023-11-11 12:06:00,183.47,success,2.75
6080,3377,2023-12-15 12:06:00,16.87,success,0.25
6081,3377,2023-12-15 12:06:00,15.52,success,0.23
6082,3377,2023-10-04 12:06:00,15.75,success,0.24
6083,3381,2024-07-29 18:39:00,310.61,success,4.66
6084,3381,2024-07-25 18:39:00,450.45,success,6.76
6085,3381,2024-07-13 18:39:00,1536.59,success,23.05
6086,3381,2024-07-13 18:39:00,390.55,success,5.86
6087,3381,2024-08-06 18:39:00,19.48,success,0.29
6088,3381,2024-06-24 18:39:00,613.28,success,9.2
6089,3381,2024-07-11 18:39:00,108.34,success,1.63
6090,3382,2024-05-15 10:14:00,16.7,success,0.25
6091,3382,2024-02-29 10:14:00,408.74,success,6.13
6092,3382,2024-03-11 10:14:00,409.05,failed,0.0
6093,3382,2024-02-22 10:14:00,333.06,success,5.0
6094,3382,2024-04-25 10:14:00,183.14,success,2.75
6095,3382,2024-03-29 10:14:00,112.91,success,1.69
6096,3382,2024-03-02 10:14:00,1849.52,failed,0.0
6097,3386,2024-02-07 08:46:00,508.98,success,7.63
6098,3386,2024-02-20 08:46:00,186.78,success,2.8
6099,3386,2024-01-04 08:46:00,724.9,failed,0.0
6100,3386,2023-12-23 08:46:00,475.01,success,7.13
6101,3386,2023-12-15 08:46:00,457.8,success,6.87
6102,3386,2024-02-18 08:46:00,5.78,success,0.09
6103,3386,2023-12-06 08:46:00,1733.34,success,26.0
6104,3386,2024-02-05 08:46:00,7.92,success,0.12
6105,3387,2023-10-09 16:22:00,1487.59,success,22.31
6106,3387,2023-11-01 16:22:00,9.35,success,0.14
6107,3387,2023-11-17 16:22:00,15.36,failed,0.0
6108,3387,2023-10-26 16:22:00,9.73,success,0.15
6109,3387,2023-12-04 16:22:00,409.8,success,6.15
6110,3387,2023-10-07 16:22:00,1737.19,failed,0.0
6111,3387,2023-12-11 16:22:00,1976.18,failed,0.0
6112,3387,2023-12-03 16:22:00,430.48,success,6.46
6113,3389,2025-03-03 18:36:00,393.82,success,5.91
6114,3389,2025-02-27 18:36:00,16.55,success,0.25
6115,3389,2025-03-06 18:36:00,1849.11,success,27.74
6116,3389,2025-02-02 18:36:00,79.69,success,1.2
6117,3389,2024-12-26 18:36:00,5.93,success,0.09
6118,3389,2025-02-08 18:36:00,1276.5,success,19.15
6119,3389,2025-02-05 18:36:00,874.0,success,13.11
6120,3390,2024-07-26 18:31:00,17.63,success,0.26
6121,3390,2024-06-14 18:31:00,1345.21,success,20.18
6122,3390,2024-07-01 18:31:00,374.38,success,5.62
6123,3392,2025-01-28 22:34:00,122.17,success,1.83
6124,3392,2025-01-06 22:34:00,488.87,success,7.33
6125,3392,2025-01-13 22:34:00,206.26,success,3.09
6126,3392,2024-11-29 22:34:00,956.83,success,14.35
6127,3392,2024-11-16 22:34:00,381.79,success,5.73
6128,3392,2024-12-14 22:34:00,711.88,success,10.68
6129,3393,2023-09-29 22:03:00,1498.48,success,22.48
6130,3393,2023-08-30 22:03:00,1422.47,success,21.34
6131,3393,2023-10-11 22:03:00,1562.68,success,23.44
6132,3393,2023-09-07 22:03:00,318.39,success,4.78
6133,3393,2023-10-14 22:03:00,9.57,success,0.14
6134,3393,2023-09-01 22:03:00,131.9,success,1.98
6135,3395,2023-04-07 22:31:00,1075.35,failed,0.0
6136,3395,2023-05-03 22:31:00,1749.06,success,26.24
6137,3395,2023-06-10 22:31:00,13.36,success,0.2
6138,3395,2023-04-12 22:31:00,5.64,success,0.08
6139,3395,2023-04-08 22:31:00,1596.82,success,23.95
6140,3399,2024-08-20 07:42:00,248.42,success,3.73
6141,3399,2024-08-27 07:42:00,307.16,failed,0.0
6142,3399,2024-10-09 07:42:00,459.1,success,6.89
6143,3401,2023-06-07 00:16:00,562.22,failed,0.0
6144,3401,2023-06-07 00:16:00,439.49,failed,0.0
6145,3401,2023-08-06 00:16:00,360.99,success,5.41
6146,3401,2023-07-28 00:16:00,1600.71,success,24.01
6147,3401,2023-07-31 00:16:00,7.8,success,0.12
6148,3401,2023-08-08 00:16:00,175.19,success,2.63
6149,3401,2023-07-24 00:16:00,1228.95,success,18.43
6150,3402,2023-01-26 01:08:00,351.89,success,5.28
6151,3402,2023-02-14 01:08:00,9.57,failed,0.0
6152,3402,2023-03-01 01:08:00,176.32,success,2.64
6153,3402,2023-01-26 01:08:00,1206.1,failed,0.0
6154,3402,2023-02-01 01:08:00,1722.73,failed,0.0
6155,3403,2023-06-24 12:10:00,8.49,success,0.13
6156,3403,2023-06-18 12:10:00,887.21,success,13.31
6157,3403,2023-07-08 12:10:00,362.94,success,5.44
6158,3403,2023-06-17 12:10:00,188.82,failed,0.0
6159,3403,2023-05-20 12:10:00,487.3,success,7.31
6160,3403,2023-06-02 12:10:00,104.23,success,1.56
6161,3404,2024-12-22 03:35:00,1583.38,success,23.75
6162,3404,2024-12-31 03:35:00,282.0,success,4.23
6163,3404,2024-12-07 03:35:00,472.88,success,7.09
6164,3404,2024-10-26 03:35:00,340.99,success,5.11
6165,3404,2024-12-17 03:35:00,1952.64,success,29.29
6166,3404,2024-10-08 03:35:00,217.17,success,3.26
6167,3404,2024-10-18 03:35:00,160.14,success,2.4
6168,3404,2024-12-06 03:35:00,114.72,success,1.72
6169,3405,2024-01-30 20:31:00,1168.34,success,17.53
6170,3405,2024-02-19 20:31:00,1356.98,failed,0.0
6171,3405,2024-01-08 20:31:00,344.82,success,5.17
6172,3407,2024-05-13 16:21:00,9.12,success,0.14
6173,3407,2024-03-21 16:21:00,453.49,success,6.8
6174,3407,2024-05-09 16:21:00,61.37,success,0.92
6175,3410,2024-09-23 03:05:00,14.6,success,0.22
6176,3410,2024-09-20 03:05:00,1885.55,success,28.28
6177,3410,2024-08-12 03:05:00,208.58,success,3.13
6178,3410,2024-07-23 03:05:00,5.1,failed,0.0
6179,3411,2023-02-28 12:23:00,381.31,success,5.72
6180,3411,2023-03-01 12:23:00,1858.03,success,27.87
6181,3411,2023-02-16 12:23:00,330.69,success,4.96
6182,3411,2023-04-07 12:23:00,254.71,success,3.82
6183,3411,2023-03-22 12:23:00,476.06,failed,0.0
6184,3411,2023-03-14 12:23:00,8.89,failed,0.0
6185,3414,2023-05-11 22:37:00,333.13,success,5.0
6186,3414,2023-06-01 22:37:00,1980.26,success,29.7
6187,3414,2023-05-29 22:37:00,1042.03,success,15.63
6188,3415,2023-12-04 08:12:00,6.16,success,0.09
6189,3415,2023-12-16 08:12:00,1004.95,success,15.07
6190,3415,2023-12-02 08:12:00,11.54,failed,0.0
6191,3415,2024-01-21 08:12:00,10.25,failed,0.0
6192,3415,2023-11-06 08:12:00,104.86,failed,0.0
6193,3415,2023-12-10 08:12:00,15.98,success,0.24
6194,3415,2023-11-30 08:12:00,1696.16,failed,0.0
6195,3416,2024-07-30 01:06:00,12.72,success,0.19
6196,3416,2024-09-29 01:06:00,1988.69,success,29.83
6197,3416,2024-08-19 01:06:00,10.67,success,0.16
6198,3416,2024-10-01 01:06:00,740.51,success,11.11
6199,3416,2024-08-10 01:06:00,379.08,success,5.69
6200,3416,2024-09-28 01:06:00,8.25,failed,0.0
6201,3416,2024-07-18 01:06:00,12.61,success,0.19
6202,3416,2024-09-09 01:06:00,54.17,success,0.81
6203,3418,2023-03-23 10:58:00,457.29,success,6.86
6204,3418,2023-03-13 10:58:00,1298.45,success,19.48
6205,3418,2023-04-18 10:58:00,7.26,failed,0.0
6206,3418,2023-05-19 10:58:00,109.64,success,1.64
6207,3418,2023-03-01 10:58:00,290.25,success,4.35
6208,3419,2023-05-26 14:25:00,94.47,success,1.42
6209,3419,2023-05-29 14:25:00,304.5,success,4.57
6210,3420,2024-12-02 18:56:00,7.84,success,0.12
6211,3421,2024-08-07 04:19:00,12.75,success,0.19
6212,3421,2024-06-23 04:19:00,83.99,success,1.26
6213,3421,2024-08-15 04:19:00,9.16,success,0.14
6214,3421,2024-06-16 04:19:00,1781.13,success,26.72
6215,3421,2024-08-02 04:19:00,1346.91,failed,0.0
6216,3421,2024-06-27 04:19:00,10.83,success,0.16
6217,3421,2024-07-24 04:19:00,206.98,success,3.1
6218,3427,2024-09-06 01:42:00,13.74,failed,0.0
6219,3427,2024-08-18 01:42:00,1044.43,success,15.67
6220,3427,2024-08-23 01:42:00,362.33,success,5.43
6221,3427,2024-08-05 01:42:00,16.23,failed,0.0
6222,3427,2024-10-06 01:42:00,428.24,success,6.42
6223,3427,2024-10-10 01:42:00,5.03,success,0.08
6224,3427,2024-10-10 01:42:00,1387.47,success,20.81
6225,3427,2024-09-17 01:42:00,1254.31,success,18.81
6226,3428,2023-05-30 02:08:00,905.33,success,13.58
6227,3428,2023-06-29 02:08:00,8.17,success,0.12
6228,3428,2023-04-24 02:08:00,5.09,success,0.08
6229,3428,2023-05-15 02:08:00,334.6,success,5.02
6230,3428,2023-06-17 02:08:00,5.99,success,0.09
6231,3428,2023-05-25 02:08:00,15.79,success,0.24
6232,3428,2023-06-25 02:08:00,172.96,success,2.59
6233,3429,2024-12-18 10:30:00,1238.3,success,18.57
6234,3429,2024-11-20 10:30:00,59.53,success,0.89
6235,3429,2025-01-19 10:30:00,1689.87,success,25.35
6236,3429,2025-01-15 10:30:00,8.21,success,0.12
6237,3429,2025-01-18 10:30:00,1263.69,success,18.96
6238,3429,2024-12-15 10:30:00,724.13,success,10.86
6239,3429,2024-11-30 10:30:00,1340.39,success,20.11
6240,3432,2024-04-26 13:39:00,581.87,success,8.73
6241,3432,2024-05-23 13:39:00,19.05,success,0.29
6242,3432,2024-06-22 13:39:00,1237.19,success,18.56
6243,3432,2024-06-05 13:39:00,1594.07,success,23.91
6244,3432,2024-04-25 13:39:00,7.93,success,0.12
6245,3432,2024-06-28 13:39:00,151.88,success,2.28
6246,3435,2024-12-29 09:22:00,6.14,success,0.09
6247,3437,2023-04-09 18:37:00,1678.15,failed,0.0
6248,3437,2023-05-13 18:37:00,12.55,success,0.19
6249,3437,2023-04-26 18:37:00,1660.44,success,24.91
6250,3442,2023-06-05 09:59:00,869.27,success,13.04
6251,3442,2023-06-14 09:59:00,9.25,success,0.14
6252,3442,2023-06-29 09:59:00,188.69,success,2.83
6253,3442,2023-06-06 09:59:00,238.07,success,3.57
6254,3442,2023-06-15 09:59:00,6.56,success,0.1
6255,3442,2023-06-05 09:59:00,13.04,failed,0.0
6256,3444,2023-09-21 12:45:00,576.55,success,8.65
6257,3444,2023-09-12 12:45:00,108.08,success,1.62
6258,3444,2023-08-12 12:45:00,18.76,success,0.28
6259,3448,2025-01-04 18:44:00,208.66,success,3.13
6260,3448,2025-01-22 18:44:00,1752.51,failed,0.0
6261,3448,2024-12-23 18:44:00,235.49,failed,0.0
6262,3448,2024-11-16 18:44:00,19.98,success,0.3
6263,3449,2024-12-10 15:45:00,239.04,failed,0.0
6264,3449,2025-01-25 15:45:00,228.64,success,3.43
6265,3449,2024-11-17 15:45:00,90.49,success,1.36
6266,3449,2025-02-01 15:45:00,160.84,success,2.41
6267,3449,2025-01-01 15:45:00,17.66,success,0.26
6268,3449,2024-12-11 15:45:00,221.5,success,3.32
6269,3449,2024-12-18 15:45:00,19.23,failed,0.0
6270,3449,2025-01-02 15:45:00,455.86,success,6.84
6271,3450,2024-04-20 20:49:00,1606.31,success,24.09
6272,3450,2024-02-25 20:49:00,13.67,success,0.21
6273,3450,2024-04-12 20:49:00,7.52,success,0.11
6274,3450,2024-02-09 20:49:00,1324.58,success,19.87
6275,3450,2024-02-07 20:49:00,19.08,success,0.29
6276,3450,2024-02-17 20:49:00,54.66,success,0.82
6277,3450,2024-03-12 20:49:00,7.42,success,0.11
6278,3451,2023-07-05 21:14:00,435.21,success,6.53
6279,3452,2024-09-19 20:03:00,177.35,success,2.66
6280,3452,2024-08-10 20:03:00,394.07,success,5.91
6281,3452,2024-09-20 20:03:00,153.85,success,2.31
6282,3458,2024-02-07 09:47:00,51.43,success,0.77
6283,3458,2024-04-15 09:47:00,18.48,success,0.28
6284,3458,2024-04-02 09:47:00,964.63,success,14.47
6285,3458,2024-02-20 09:47:00,6.5,success,0.1
6286,3458,2024-03-01 09:47:00,351.62,success,5.27
6287,3458,2024-02-01 09:47:00,974.27,success,14.61
6288,3458,2024-03-08 09:47:00,19.72,success,0.3
6289,3458,2024-03-03 09:47:00,640.42,success,9.61
6290,3459,2023-06-09 00:38:00,6.65,success,0.1
6291,3459,2023-06-05 00:38:00,431.28,success,6.47
6292,3459,2023-06-25 00:38:00,1977.15,success,29.66
6293,3461,2024-06-04 05:19:00,406.36,success,6.1
6294,3461,2024-06-04 05:19:00,469.52,success,7.04
6295,3461,2024-06-24 05:19:00,325.79,success,4.89
6296,3461,2024-05-17 05:19:00,900.05,success,13.5
6297,3462,2023-03-29 23:53:00,133.2,success,2.0
6298,3466,2025-02-16 22:58:00,411.35,success,6.17
6299,3469,2024-06-06 05:48:00,7.4,success,0.11
6300,3469,2024-06-20 05:48:00,171.4,success,2.57
6301,3469,2024-06-12 05:48:00,83.13,success,1.25
6302,3469,2024-05-25 05:48:00,18.06,success,0.27
6303,3469,2024-05-09 05:48:00,16.05,success,0.24
6304,3469,2024-05-10 05:48:00,1333.06,success,20.0
6305,3469,2024-07-10 05:48:00,1882.68,success,28.24
6306,3470,2024-05-08 00:35:00,394.05,success,5.91
6307,3470,2024-05-11 00:35:00,232.24,failed,0.0
6308,3470,2024-05-05 00:35:00,16.2,success,0.24
6309,3470,2024-03-24 00:35:00,14.98,success,0.22
6310,3471,2024-06-23 12:59:00,195.12,success,2.93
6311,3471,2024-07-26 12:59:00,17.28,success,0.26
6312,3473,2024-12-15 18:26:00,1643.16,success,24.65
6313,3478,2023-06-28 03:53:00,1643.37,success,24.65
6314,3478,2023-06-02 03:53:00,1313.8,success,19.71
6315,3478,2023-06-15 03:53:00,12.58,success,0.19
6316,3478,2023-05-24 03:53:00,383.95,success,5.76
6317,3478,2023-04-14 03:53:00,209.59,success,3.14
6318,3478,2023-06-23 03:53:00,7.22,success,0.11
6319,3478,2023-05-19 03:53:00,18.31,success,0.27
6320,3479,2024-01-19 05:32:00,445.78,success,6.69
6321,3479,2023-12-04 05:32:00,5.21,success,0.08
6322,3479,2024-01-16 05:32:00,1306.6,success,19.6
6323,3480,2024-10-27 21:50:00,17.54,failed,0.0
6324,3480,2024-10-26 21:50:00,19.21,success,0.29
6325,3480,2024-11-20 21:50:00,1098.11,success,16.47
6326,3481,2024-09-28 03:24:00,1626.24,success,24.39
6327,3481,2024-09-21 03:24:00,14.74,success,0.22
6328,3481,2024-10-03 03:24:00,364.72,success,5.47
6329,3481,2024-09-05 03:24:00,18.12,success,0.27
6330,3481,2024-09-10 03:24:00,1792.17,success,26.88
6331,3481,2024-10-24 03:24:00,13.02,success,0.2
6332,3481,2024-11-15 03:24:00,74.08,success,1.11
6333,3481,2024-10-11 03:24:00,1995.26,failed,0.0
6334,3482,2024-08-29 03:34:00,1679.87,success,25.2
6335,3482,2024-10-01 03:34:00,14.25,success,0.21
6336,3482,2024-09-01 03:34:00,451.37,failed,0.0
6337,3482,2024-08-07 03:34:00,352.08,success,5.28
6338,3482,2024-08-06 03:34:00,388.92,success,5.83
6339,3482,2024-09-02 03:34:00,12.88,success,0.19
6340,3482,2024-10-07 03:34:00,6.21,success,0.09
6341,3482,2024-10-07 03:34:00,448.48,success,6.73
6342,3485,2024-02-21 17:34:00,715.56,success,10.73
6343,3485,2024-04-09 17:34:00,342.3,success,5.13
6344,3485,2024-02-10 17:34:00,1525.61,success,22.88
6345,3485,2024-03-20 17:34:00,192.38,success,2.89
6346,3485,2024-02-13 17:34:00,16.01,success,0.24
6347,3485,2024-04-12 17:34:00,13.81,success,0.21
6348,3485,2024-02-07 17:34:00,1646.55,success,24.7
6349,3485,2024-04-15 17:34:00,8.03,success,0.12
6350,3486,2023-12-06 05:18:00,12.98,success,0.19
6351,3486,2023-10-18 05:18:00,213.44,success,3.2
6352,3487,2024-07-23 21:13:00,500.07,success,7.5
6353,3497,2025-02-27 12:44:00,19.79,failed,0.0
6354,3497,2024-12-25 12:44:00,1141.94,success,17.13
6355,3497,2025-02-02 12:44:00,19.63,success,0.29
6356,3497,2024-12-06 12:44:00,18.01,success,0.27
6357,3497,2025-01-11 12:44:00,8.99,success,0.13
6358,3497,2025-02-07 12:44:00,1106.39,failed,0.0
6359,3497,2025-01-27 12:44:00,1064.2,success,15.96
6360,3498,2024-02-28 19:57:00,949.76,success,14.25
6361,3498,2024-02-10 19:57:00,9.47,success,0.14
6362,3498,2024-02-20 19:57:00,231.53,success,3.47
6363,3498,2024-03-15 19:57:00,19.07,success,0.29
6364,3498,2024-04-09 19:57:00,14.76,success,0.22
6365,3498,2024-03-22 19:57:00,131.42,success,1.97
6366,3498,2024-03-14 19:57:00,57.19,success,0.86
6367,3498,2024-02-08 19:57:00,729.96,success,10.95
6368,3503,2023-06-18 04:12:00,709.17,success,10.64
6369,3503,2023-05-22 04:12:00,19.5,success,0.29
6370,3505,2023-06-11 22:18:00,108.87,success,1.63
6371,3505,2023-04-09 22:18:00,115.88,success,1.74
6372,3505,2023-03-28 22:18:00,19.63,success,0.29
6373,3505,2023-03-21 22:18:00,487.17,success,7.31
6374,3505,2023-03-26 22:18:00,523.82,success,7.86
6375,3505,2023-05-02 22:18:00,19.51,success,0.29
6376,3505,2023-03-28 22:18:00,1215.09,success,18.23
6377,3507,2024-03-19 20:56:00,198.09,success,2.97
6378,3507,2024-03-07 20:56:00,1053.91,success,15.81
6379,3507,2024-04-01 20:56:00,8.93,failed,0.0
6380,3507,2024-04-27 20:56:00,1349.22,success,20.24
6381,3508,2023-05-07 12:15:00,1529.83,success,22.95
6382,3510,2025-01-12 17:59:00,1156.56,success,17.35
6383,3510,2025-01-06 17:59:00,16.9,failed,0.0
6384,3510,2025-03-02 17:59:00,8.54,failed,0.0
6385,3510,2025-01-01 17:59:00,132.15,success,1.98
6386,3510,2025-03-02 17:59:00,1141.84,success,17.13
6387,3510,2025-01-12 17:59:00,1340.25,success,20.1
6388,3515,2023-09-20 10:10:00,7.09,success,0.11
6389,3515,2023-10-30 10:10:00,73.89,success,1.11
6390,3515,2023-09-07 10:10:00,826.77,success,12.4
6391,3515,2023-10-14 10:10:00,5.89,success,0.09
6392,3519,2025-02-16 23:06:00,5.78,success,0.09
6393,3519,2025-01-22 23:06:00,10.75,success,0.16
6394,3519,2025-01-25 23:06:00,168.8,failed,0.0
6395,3519,2025-01-20 23:06:00,6.58,success,0.1
6396,3519,2024-12-30 23:06:00,270.09,success,4.05
6397,3519,2025-02-03 23:06:00,187.7,success,2.82
6398,3522,2025-01-18 04:31:00,248.57,success,3.73
6399,3522,2024-12-15 04:31:00,194.05,failed,0.0
6400,3522,2025-02-02 04:31:00,142.13,success,2.13
6401,3522,2024-12-17 04:31:00,11.18,success,0.17
6402,3522,2024-11-28 04:31:00,1510.2,failed,0.0
6403,3522,2024-12-26 04:31:00,1736.3,failed,0.0
6404,3522,2024-12-20 04:31:00,15.75,success,0.24
6405,3523,2023-12-07 16:56:00,970.61,failed,0.0
6406,3523,2023-12-27 16:56:00,387.31,success,5.81
6407,3523,2024-01-24 16:56:00,815.89,success,12.24
6408,3523,2023-12-17 16:56:00,419.75,success,6.3
6409,3523,2023-12-23 16:56:00,17.49,success,0.26
6410,3525,2023-04-26 00:46:00,1728.13,success,25.92
6411,3525,2023-06-06 00:46:00,1594.81,success,23.92
6412,3525,2023-05-18 00:46:00,482.99,success,7.24
6413,3525,2023-05-13 00:46:00,360.32,success,5.4
6414,3528,2024-08-29 23:52:00,5.11,success,0.08
6415,3528,2024-10-10 23:52:00,409.87,success,6.15
6416,3528,2024-08-09 23:52:00,1905.25,success,28.58
6417,3528,2024-09-06 23:52:00,149.17,success,2.24
6418,3529,2023-08-12 05:14:00,12.4,failed,0.0
6419,3529,2023-08-20 05:14:00,202.87,failed,0.0
6420,3529,2023-07-11 05:14:00,513.71,success,7.71
6421,3529,2023-08-07 05:14:00,312.83,failed,0.0
6422,3529,2023-07-29 05:14:00,472.96,success,7.09
6423,3529,2023-07-04 05:14:00,1169.47,success,17.54
6424,3529,2023-06-16 05:14:00,17.38,success,0.26
6425,3529,2023-07-26 05:14:00,19.78,success,0.3
6426,3530,2025-02-26 09:48:00,8.1,success,0.12
6427,3531,2023-09-04 15:18:00,544.13,success,8.16
6428,3531,2023-08-19 15:18:00,286.87,success,4.3
6429,3531,2023-09-17 15:18:00,1320.64,success,19.81
6430,3531,2023-08-18 15:18:00,1151.87,success,17.28
6431,3531,2023-11-12 15:18:00,57.02,success,0.86
6432,3531,2023-10-27 15:18:00,175.85,success,2.64
6433,3531,2023-10-13 15:18:00,440.5,success,6.61
6434,3531,2023-09-19 15:18:00,137.41,success,2.06
6435,3537,2023-06-27 17:34:00,67.41,success,1.01
6436,3537,2023-07-24 17:34:00,257.14,success,3.86
6437,3537,2023-08-16 17:34:00,894.17,failed,0.0
6438,3537,2023-07-13 17:34:00,270.86,success,4.06
6439,3537,2023-06-12 17:34:00,1171.85,success,17.58
6440,3538,2024-03-24 11:06:00,1380.32,success,20.7
6441,3538,2024-05-12 11:06:00,226.92,success,3.4
6442,3538,2024-03-27 11:06:00,1587.17,success,23.81
6443,3538,2024-04-19 11:06:00,145.58,success,2.18
6444,3538,2024-03-15 11:06:00,17.2,success,0.26
6445,3538,2024-05-06 11:06:00,90.12,success,1.35
6446,3541,2024-08-18 10:52:00,400.73,success,6.01
6447,3541,2024-09-20 10:52:00,1572.62,success,23.59
6448,3541,2024-07-24 10:52:00,5.43,success,0.08
6449,3541,2024-08-09 10:52:00,7.32,success,0.11
6450,3541,2024-08-26 10:52:00,415.07,failed,0.0
6451,3543,2024-08-21 18:10:00,12.5,success,0.19
6452,3543,2024-09-13 18:10:00,1017.49,failed,0.0
6453,3543,2024-07-16 18:10:00,1080.18,success,16.2
6454,3543,2024-09-10 18:10:00,1101.66,success,16.52
6455,3543,2024-09-13 18:10:00,9.66,success,0.14
6456,3544,2024-06-09 21:04:00,416.79,success,6.25
6457,3544,2024-04-04 21:04:00,18.17,success,0.27
6458,3544,2024-06-06 21:04:00,14.68,failed,0.0
6459,3544,2024-04-17 21:04:00,297.52,failed,0.0
6460,3545,2023-04-27 02:10:00,903.79,success,13.56
6461,3545,2023-05-27 02:10:00,10.64,failed,0.0
6462,3545,2023-05-20 02:10:00,9.1,success,0.14
6463,3545,2023-03-16 02:10:00,7.92,success,0.12
6464,3552,2023-07-31 20:56:00,776.53,success,11.65
6465,3552,2023-09-23 20:56:00,768.65,success,11.53
6466,3552,2023-08-16 20:56:00,1001.67,success,15.03
6467,3552,2023-09-22 20:56:00,7.16,success,0.11
6468,3554,2024-05-03 20:50:00,728.86,success,10.93
6469,3554,2024-06-05 20:50:00,1064.32,success,15.96
6470,3555,2024-12-04 18:46:00,9.83,failed,0.0
6471,3555,2024-11-20 18:46:00,252.58,success,3.79
6472,3555,2024-12-08 18:46:00,1850.4,success,27.76
6473,3559,2023-11-13 05:45:00,112.03,success,1.68
6474,3559,2024-01-14 05:45:00,1029.59,success,15.44
6475,3559,2023-12-05 05:45:00,80.72,success,1.21
6476,3559,2024-01-18 05:45:00,1816.01,success,27.24
6477,3559,2024-01-04 05:45:00,9.07,failed,0.0
6478,3559,2023-11-26 05:45:00,15.1,success,0.23
6479,3559,2024-01-08 05:45:00,6.8,success,0.1
6480,3559,2024-01-19 05:45:00,306.88,success,4.6
6481,3562,2024-11-22 08:54:00,8.02,success,0.12
6482,3562,2024-12-01 08:54:00,9.73,success,0.15
6483,3562,2025-01-04 08:54:00,300.55,success,4.51
6484,3562,2024-12-25 08:54:00,5.6,failed,0.0
6485,3562,2024-11-06 08:54:00,77.96,success,1.17
6486,3562,2025-01-09 08:54:00,10.56,failed,0.0
6487,3562,2024-10-27 08:54:00,517.66,success,7.76
6488,3563,2023-08-12 17:01:00,343.18,failed,0.0
6489,3563,2023-08-30 17:01:00,112.53,success,1.69
6490,3567,2025-01-01 15:52:00,7.21,success,0.11
6491,3567,2025-01-07 15:52:00,598.58,failed,0.0
6492,3571,2024-08-14 21:10:00,765.85,success,11.49
6493,3571,2024-08-22 21:10:00,489.51,success,7.34
6494,3571,2024-07-29 21:10:00,934.86,success,14.02
6495,3576,2024-07-19 04:37:00,12.7,success,0.19
6496,3576,2024-07-13 04:37:00,221.2,success,3.32
6497,3576,2024-06-28 04:37:00,880.53,success,13.21
6498,3576,2024-08-25 04:37:00,1009.49,success,15.14
6499,3576,2024-06-22 04:37:00,18.98,success,0.28
6500,3576,2024-07-02 04:37:00,175.1,success,2.63
6501,3576,2024-07-23 04:37:00,248.04,failed,0.0
6502,3579,2023-11-02 16:45:00,1380.66,success,20.71
6503,3579,2023-11-07 16:45:00,414.98,success,6.22
6504,3579,2023-09-12 16:45:00,724.15,success,10.86
6505,3580,2024-05-01 09:49:00,127.3,success,1.91
6506,3580,2024-05-03 09:49:00,6.08,failed,0.0
6507,3580,2024-06-07 09:49:00,514.69,success,7.72
6508,3581,2023-10-09 11:57:00,1117.35,success,16.76
6509,3581,2023-11-29 11:57:00,239.43,success,3.59
6510,3581,2023-12-30 11:57:00,185.91,success,2.79
6511,3581,2023-12-26 11:57:00,165.52,success,2.48
6512,3581,2023-10-08 11:57:00,497.65,success,7.46
6513,3581,2023-12-19 11:57:00,167.69,success,2.52
6514,3581,2023-12-04 11:57:00,1802.3,failed,0.0
6515,3584,2024-10-15 21:35:00,74.78,success,1.12
6516,3584,2024-08-25 21:35:00,8.7,success,0.13
6517,3588,2024-02-28 00:34:00,14.06,success,0.21
6518,3588,2024-03-14 00:34:00,1066.61,success,16.0
6519,3588,2024-02-15 00:34:00,105.46,failed,0.0
6520,3592,2023-12-24 03:51:00,14.61,success,0.22
6521,3592,2024-02-01 03:51:00,9.81,success,0.15
6522,3592,2024-02-19 03:51:00,337.17,success,5.06
6523,3594,2024-01-19 10:00:00,7.42,success,0.11
6524,3594,2023-12-13 10:00:00,1650.19,success,24.75
6525,3594,2024-02-11 10:00:00,12.1,success,0.18
6526,3594,2024-01-31 10:00:00,8.11,success,0.12
6527,3594,2024-02-21 10:00:00,1728.72,success,25.93
6528,3594,2024-02-13 10:00:00,8.44,success,0.13
6529,3594,2024-01-12 10:00:00,611.2,failed,0.0
6530,3594,2024-01-24 10:00:00,202.86,success,3.04
6531,3596,2024-09-25 12:15:00,339.21,success,5.09
6532,3596,2024-10-25 12:15:00,181.32,success,2.72
6533,3596,2024-09-14 12:15:00,12.58,success,0.19
6534,3596,2024-09-20 12:15:00,1193.79,success,17.91
6535,3597,2024-07-22 13:12:00,1609.33,success,24.14
6536,3597,2024-05-13 13:12:00,1701.74,success,25.53
6537,3597,2024-08-02 13:12:00,15.86,failed,0.0
6538,3597,2024-06-10 13:12:00,279.96,failed,0.0
6539,3597,2024-06-08 13:12:00,484.21,success,7.26
6540,3597,2024-08-07 13:12:00,1470.41,success,22.06
6541,3600,2023-12-26 23:53:00,19.32,failed,0.0
6542,3600,2024-01-01 23:53:00,533.57,success,8.0
6543,3600,2024-01-31 23:53:00,1043.37,success,15.65
6544,3601,2023-07-04 02:22:00,349.06,success,5.24
6545,3601,2023-06-03 02:22:00,311.03,success,4.67
6546,3601,2023-06-27 02:22:00,6.59,success,0.1
6547,3601,2023-05-20 02:22:00,1110.88,success,16.66
6548,3601,2023-05-02 02:22:00,743.86,failed,0.0
6549,3601,2023-07-05 02:22:00,1254.46,success,18.82
6550,3602,2024-09-11 17:22:00,5.74,success,0.09
6551,3602,2024-10-07 17:22:00,19.97,success,0.3
6552,3602,2024-10-26 17:22:00,592.48,success,8.89
6553,3602,2024-09-26 17:22:00,547.95,success,8.22
6554,3602,2024-09-08 17:22:00,15.98,success,0.24
6555,3602,2024-09-13 17:22:00,256.97,success,3.85
6556,3602,2024-08-05 17:22:00,252.9,success,3.79
6557,3604,2023-12-29 05:44:00,485.02,success,7.28
6558,3604,2023-12-10 05:44:00,1883.34,success,28.25
6559,3604,2023-12-15 05:44:00,1045.49,success,15.68
6560,3604,2024-01-29 05:44:00,880.66,success,13.21
6561,3608,2024-07-28 08:58:00,397.35,success,5.96
6562,3608,2024-08-09 08:58:00,901.61,success,13.52
6563,3608,2024-08-22 08:58:00,1295.1,success,19.43
6564,3608,2024-09-05 08:58:00,161.1,success,2.42
6565,3608,2024-07-28 08:58:00,11.26,failed,0.0
6566,3608,2024-10-09 08:58:00,16.94,success,0.25
6567,3608,2024-09-05 08:58:00,310.7,success,4.66
6568,3608,2024-09-19 08:58:00,17.03,success,0.26
6569,3610,2023-06-22 19:41:00,1402.7,failed,0.0
6570,3610,2023-07-17 19:41:00,388.88,success,5.83
6571,3610,2023-08-19 19:41:00,6.68,success,0.1
6572,3610,2023-08-04 19:41:00,498.66,success,7.48
6573,3610,2023-06-27 19:41:00,1135.76,success,17.04
6574,3610,2023-08-04 19:41:00,1364.12,success,20.46
6575,3611,2023-11-05 03:17:00,362.43,success,5.44
6576,3611,2024-01-04 03:17:00,740.15,success,11.1
6577,3611,2023-12-23 03:17:00,8.39,success,0.13
6578,3611,2023-12-20 03:17:00,682.86,success,10.24
6579,3611,2023-11-14 03:17:00,19.24,failed,0.0
6580,3611,2024-01-26 03:17:00,12.86,success,0.19
6581,3611,2023-11-09 03:17:00,1375.78,success,20.64
6582,3611,2023-11-24 03:17:00,10.7,failed,0.0
6583,3618,2023-05-23 18:58:00,11.22,success,0.17
6584,3618,2023-06-29 18:58:00,1738.1,success,26.07
6585,3618,2023-06-18 18:58:00,1210.24,success,18.15
6586,3619,2024-03-10 14:52:00,14.79,success,0.22
6587,3620,2025-02-11 18:28:00,425.23,failed,0.0
6588,3620,2024-12-13 18:28:00,13.76,success,0.21
6589,3620,2025-01-30 18:28:00,1433.24,success,21.5
6590,3620,2025-02-11 18:28:00,615.31,success,9.23
6591,3620,2025-01-10 18:28:00,91.17,failed,0.0
6592,3620,2024-12-10 18:28:00,772.82,success,11.59
6593,3625,2023-11-11 04:28:00,352.48,success,5.29
6594,3625,2023-08-17 04:28:00,14.08,success,0.21
6595,3625,2023-10-09 04:28:00,989.71,success,14.85
6596,3625,2023-10-07 04:28:00,210.56,success,3.16
6597,3628,2024-02-23 07:46:00,11.04,success,0.17
6598,3628,2024-03-12 07:46:00,1512.75,failed,0.0
6599,3628,2024-02-25 07:46:00,1686.65,failed,0.0
6600,3631,2023-06-20 18:07:00,12.37,success,0.19
6601,3631,2023-06-22 18:07:00,862.83,failed,0.0
6602,3632,2024-05-05 20:41:00,996.62,success,14.95
6603,3632,2024-05-04 20:41:00,353.51,success,5.3
6604,3633,2023-09-27 07:46:00,8.93,success,0.13
6605,3633,2023-10-15 07:46:00,428.76,success,6.43
6606,3633,2023-09-15 07:46:00,694.6,success,10.42
6607,3633,2023-08-18 07:46:00,320.21,failed,0.0
6608,3633,2023-10-09 07:46:00,388.24,success,5.82
6609,3633,2023-10-23 07:46:00,410.85,failed,0.0
6610,3633,2023-09-12 07:46:00,1304.52,success,19.57
6611,3639,2024-12-30 04:42:00,712.26,success,10.68
6612,3639,2025-01-21 04:42:00,1237.15,success,18.56
6613,3639,2025-02-20 04:42:00,6.99,failed,0.0
6614,3640,2023-08-03 15:17:00,7.98,success,0.12
6615,3640,2023-07-23 15:17:00,1342.11,success,20.13
6616,3640,2023-08-24 15:17:00,487.81,failed,0.0
6617,3642,2025-01-25 01:32:00,11.83,failed,0.0
6618,3642,2025-03-10 01:32:00,220.11,failed,0.0
6619,3642,2025-01-04 01:32:00,12.89,success,0.19
6620,3642,2025-01-23 01:32:00,1866.2,success,27.99
6621,3644,2023-05-10 00:01:00,253.68,success,3.81
6622,3644,2023-05-25 00:01:00,1727.67,success,25.92
6623,3646,2023-04-06 06:16:00,12.8,success,0.19
6624,3646,2023-05-05 06:16:00,17.82,failed,0.0
6625,3646,2023-04-09 06:16:00,549.83,success,8.25
6626,3650,2023-06-12 12:48:00,1467.32,success,22.01
6627,3650,2023-04-18 12:48:00,188.95,success,2.83
6628,3650,2023-04-26 12:48:00,19.17,success,0.29
6629,3650,2023-05-31 12:48:00,8.1,success,0.12
6630,3650,2023-06-19 12:48:00,1455.08,success,21.83
6631,3654,2023-08-03 20:34:00,331.35,success,4.97
6632,3654,2023-07-03 20:34:00,486.64,success,7.3
6633,3654,2023-09-09 20:34:00,670.34,success,10.06
6634,3654,2023-08-29 20:34:00,16.86,success,0.25
6635,3654,2023-07-20 20:34:00,1081.49,failed,0.0
6636,3659,2024-12-16 19:24:00,16.76,success,0.25
6637,3660,2024-02-20 09:41:00,12.81,success,0.19
6638,3660,2024-01-30 09:41:00,17.83,success,0.27
6639,3660,2024-04-19 09:41:00,1393.35,failed,0.0
6640,3660,2024-02-28 09:41:00,1527.82,success,22.92
6641,3660,2024-02-24 09:41:00,18.77,failed,0.0
6642,3661,2023-12-08 22:45:00,11.82,success,0.18
6643,3661,2023-11-03 22:45:00,536.84,failed,0.0
6644,3661,2023-11-04 22:45:00,1470.53,success,22.06
6645,3662,2023-08-23 13:02:00,14.09,failed,0.0
6646,3662,2023-08-29 13:02:00,1652.3,success,24.78
6647,3662,2023-09-02 13:02:00,7.62,success,0.11
6648,3662,2023-09-19 13:02:00,19.02,success,0.29
6649,3662,2023-06-24 13:02:00,136.21,success,2.04
6650,3662,2023-08-03 13:02:00,486.17,success,7.29
6651,3671,2025-01-05 08:20:00,1016.54,success,15.25
6652,3671,2024-11-08 08:20:00,407.89,success,6.12
6653,3671,2024-11-10 08:20:00,385.89,failed,0.0
6654,3676,2023-10-25 17:13:00,1539.86,success,23.1
6655,3676,2023-10-16 17:13:00,452.49,failed,0.0
6656,3676,2023-09-14 17:13:00,70.65,success,1.06
6657,3676,2023-10-28 17:13:00,13.56,failed,0.0
6658,3676,2023-09-10 17:13:00,448.44,failed,0.0
6659,3676,2023-09-25 17:13:00,70.19,success,1.05
6660,3676,2023-10-12 17:13:00,13.71,success,0.21
6661,3677,2024-01-06 07:40:00,146.34,success,2.2
6662,3677,2023-12-16 07:40:00,8.71,success,0.13
6663,3677,2023-10-24 07:40:00,1488.34,success,22.33
6664,3677,2023-11-28 07:40:00,105.45,success,1.58
6665,3679,2023-03-31 03:46:00,400.25,success,6.0
6666,3679,2023-05-06 03:46:00,19.42,success,0.29
6667,3679,2023-03-14 03:46:00,16.72,success,0.25
6668,3679,2023-05-09 03:46:00,19.35,success,0.29
6669,3679,2023-04-10 03:46:00,1765.71,success,26.49
6670,3679,2023-04-25 03:46:00,313.79,success,4.71
6671,3679,2023-03-20 03:46:00,368.97,success,5.53
6672,3679,2023-04-04 03:46:00,10.35,success,0.16
6673,3682,2023-07-27 21:44:00,12.22,success,0.18
6674,3682,2023-09-09 21:44:00,14.12,failed,0.0
6675,3682,2023-09-15 21:44:00,1416.88,success,21.25
6676,3682,2023-08-15 21:44:00,17.71,failed,0.0
6677,3682,2023-08-25 21:44:00,8.05,success,0.12
6678,3682,2023-09-23 21:44:00,166.86,success,2.5
6679,3683,2023-04-22 17:48:00,162.89,failed,0.0
6680,3683,2023-06-22 17:48:00,1617.33,success,24.26
6681,3683,2023-05-09 17:48:00,292.6,success,4.39
6682,3683,2023-06-29 17:48:00,16.84,failed,0.0
6683,3683,2023-04-16 17:48:00,1775.48,success,26.63
6684,3683,2023-04-05 17:48:00,412.83,success,6.19
6685,3687,2024-09-12 13:21:00,7.96,success,0.12
6686,3687,2024-09-03 13:21:00,6.58,failed,0.0
6687,3687,2024-10-17 13:21:00,13.3,success,0.2
6688,3687,2024-10-15 13:21:00,86.63,success,1.3
6689,3687,2024-10-16 13:21:00,597.05,failed,0.0
6690,3687,2024-09-30 13:21:00,7.43,failed,0.0
6691,3687,2024-10-10 13:21:00,1152.46,failed,0.0
6692,3689,2024-07-11 02:47:00,206.86,success,3.1
6693,3689,2024-08-12 02:47:00,13.48,success,0.2
6694,3689,2024-06-02 02:47:00,9.32,success,0.14
6695,3692,2024-12-07 01:29:00,10.13,success,0.15
6696,3692,2024-12-30 01:29:00,1476.03,success,22.14
6697,3692,2024-11-01 01:29:00,19.4,success,0.29
6698,3694,2023-06-19 08:48:00,566.45,success,8.5
6699,3694,2023-06-16 08:48:00,1641.48,failed,0.0
6700,3694,2023-07-23 08:48:00,285.46,success,4.28
6701,3694,2023-06-05 08:48:00,421.44,failed,0.0
6702,3694,2023-07-01 08:48:00,76.63,success,1.15
6703,3694,2023-07-04 08:48:00,804.4,success,12.07
6704,3697,2023-10-08 20:10:00,1458.21,success,21.87
6705,3697,2023-09-04 20:10:00,1405.55,success,21.08
6706,3697,2023-09-01 20:10:00,575.6,success,8.63
6707,3697,2023-08-14 20:10:00,132.89,success,1.99
6708,3697,2023-10-23 20:10:00,155.3,success,2.33
6709,3697,2023-10-12 20:10:00,17.72,success,0.27
6710,3697,2023-11-03 20:10:00,428.41,success,6.43
6711,3706,2023-07-23 01:52:00,956.63,failed,0.0
6712,3706,2023-08-15 01:52:00,9.08,success,0.14
6713,3706,2023-09-05 01:52:00,449.4,success,6.74
6714,3710,2023-12-26 16:21:00,85.26,success,1.28
6715,3710,2024-01-10 16:21:00,1619.73,success,24.3
6716,3710,2024-02-05 16:21:00,88.12,failed,0.0
6717,3712,2023-10-03 01:25:00,19.58,success,0.29
6718,3712,2023-11-27 01:25:00,10.64,failed,0.0
6719,3712,2023-10-30 01:25:00,1075.82,success,16.14
6720,3715,2024-11-27 17:13:00,325.01,success,4.88
6721,3715,2024-11-30 17:13:00,19.65,success,0.29
6722,3715,2024-11-02 17:13:00,1063.08,success,15.95
6723,3718,2023-09-11 15:33:00,10.45,success,0.16
6724,3718,2023-10-14 15:33:00,1483.33,success,22.25
6725,3718,2023-08-10 15:33:00,7.38,success,0.11
6726,3718,2023-08-20 15:33:00,478.85,success,7.18
6727,3718,2023-09-21 15:33:00,808.6,success,12.13
6728,3719,2023-04-16 06:00:00,5.82,success,0.09
6729,3719,2023-03-05 06:00:00,9.6,success,0.14
6730,3719,2023-04-23 06:00:00,15.69,success,0.24
6731,3719,2023-05-02 06:00:00,1972.87,success,29.59
6732,3719,2023-03-04 06:00:00,5.04,success,0.08
6733,3719,2023-03-09 06:00:00,10.95,success,0.16
6734,3722,2023-06-01 23:21:00,637.65,failed,0.0
6735,3724,2023-08-15 20:35:00,18.35,success,0.28
6736,3724,2023-10-03 20:35:00,1157.02,failed,0.0
6737,3724,2023-08-28 20:35:00,398.67,success,5.98
6738,3724,2023-10-11 20:35:00,121.86,success,1.83
6739,3728,2024-02-01 14:31:00,306.61,success,4.6
6740,3728,2023-12-03 14:31:00,18.0,success,0.27
6741,3728,2023-12-13 14:31:00,12.06,success,0.18
6742,3728,2024-01-28 14:31:00,16.16,success,0.24
6743,3728,2023-12-11 14:31:00,1608.2,failed,0.0
6744,3737,2023-01-18 10:18:00,934.2,success,14.01
6745,3737,2023-03-06 10:18:00,456.86,failed,0.0
6746,3737,2023-04-06 10:18:00,1924.04,success,28.86
6747,3740,2023-09-27 12:45:00,154.66,success,2.32
6748,3740,2023-08-30 12:45:00,197.78,success,2.97
6749,3740,2023-09-11 12:45:00,390.82,success,5.86
6750,3742,2023-09-29 08:11:00,415.45,failed,0.0
6751,3742,2023-09-19 08:11:00,9.98,success,0.15
6752,3742,2023-10-08 08:11:00,6.59,success,0.1
6753,3742,2023-09-25 08:11:00,8.93,success,0.13
6754,3742,2023-09-04 08:11:00,1635.45,failed,0.0
6755,3745,2023-07-24 20:23:00,15.3,success,0.23
6756,3745,2023-08-02 20:23:00,494.86,success,7.42
6757,3745,2023-07-11 20:23:00,1455.28,success,21.83
6758,3749,2023-02-24 09:26:00,8.26,success,0.12
6759,3749,2023-02-23 09:26:00,482.4,success,7.24
6760,3749,2023-02-04 09:26:00,1589.38,success,23.84
6761,3750,2024-11-29 17:45:00,16.03,success,0.24
6762,3750,2024-10-31 17:45:00,295.35,success,4.43
6763,3750,2024-11-24 17:45:00,1693.21,failed,0.0
6764,3751,2024-06-29 10:57:00,16.28,success,0.24
6765,3751,2024-07-07 10:57:00,1964.16,success,29.46
6766,3751,2024-08-07 10:57:00,100.43,success,1.51
6767,3751,2024-07-31 10:57:00,777.25,success,11.66
6768,3753,2023-11-22 16:17:00,939.32,success,14.09
6769,3753,2023-12-21 16:17:00,433.44,success,6.5
6770,3753,2023-10-20 16:17:00,9.39,success,0.14
6771,3756,2024-10-15 14:18:00,160.68,failed,0.0
6772,3756,2024-10-30 14:18:00,316.7,success,4.75
6773,3756,2024-09-29 14:18:00,19.84,success,0.3
6774,3756,2024-10-19 14:18:00,316.75,success,4.75
6775,3756,2024-11-03 14:18:00,181.9,success,2.73
6776,3756,2024-10-10 14:18:00,371.72,success,5.58
6777,3756,2024-12-12 14:18:00,7.63,success,0.11
6778,3756,2024-10-01 14:18:00,18.93,success,0.28
6779,3757,2023-02-28 23:45:00,12.58,success,0.19
6780,3757,2023-04-10 23:45:00,675.01,success,10.13
6781,3757,2023-04-20 23:45:00,1900.69,success,28.51
6782,3757,2023-03-02 23:45:00,428.0,success,6.42
6783,3757,2023-02-25 23:45:00,1070.61,success,16.06
6784,3757,2023-03-19 23:45:00,14.69,success,0.22
6785,3757,2023-04-29 23:45:00,16.08,success,0.24
6786,3757,2023-04-21 23:45:00,781.85,success,11.73
6787,3764,2024-10-18 16:14:00,407.07,success,6.11
6788,3764,2024-10-11 16:14:00,7.3,success,0.11
6789,3764,2024-10-26 16:14:00,17.31,failed,0.0
6790,3765,2024-11-15 17:32:00,1804.56,success,27.07
6791,3765,2024-12-25 17:32:00,1652.7,success,24.79
6792,3765,2024-11-01 17:32:00,841.97,success,12.63
6793,3765,2024-12-05 17:32:00,458.09,success,6.87
6794,3765,2024-11-18 17:32:00,209.96,success,3.15
6795,3765,2024-11-16 17:32:00,1213.38,failed,0.0
6796,3766,2023-05-10 14:37:00,961.49,failed,0.0
6797,3768,2024-06-29 16:32:00,13.78,success,0.21
6798,3768,2024-08-08 16:32:00,7.2,success,0.11
6799,3771,2024-10-14 13:32:00,1986.29,success,29.79
6800,3771,2024-10-16 13:32:00,314.09,success,4.71
6801,3772,2024-11-30 14:13:00,1394.36,success,20.92
6802,3772,2024-11-08 14:13:00,917.38,success,13.76
6803,3774,2023-06-26 22:05:00,108.19,success,1.62
6804,3774,2023-04-23 22:05:00,442.21,success,6.63
6805,3774,2023-05-15 22:05:00,727.79,success,10.92
6806,3774,2023-05-23 22:05:00,408.48,success,6.13
6807,3774,2023-07-08 22:05:00,18.95,success,0.28
6808,3778,2023-11-19 16:47:00,1981.95,success,29.73
6809,3778,2023-12-03 16:47:00,1262.87,success,18.94
6810,3778,2023-11-22 16:47:00,12.4,success,0.19
6811,3778,2024-01-27 16:47:00,1983.24,success,29.75
6812,3778,2023-11-20 16:47:00,348.22,success,5.22
6813,3778,2023-12-21 16:47:00,16.43,success,0.25
6814,3778,2024-01-11 16:47:00,537.16,success,8.06
6815,3779,2023-12-30 00:58:00,169.55,success,2.54
6816,3779,2023-11-30 00:58:00,1965.56,success,29.48
6817,3779,2023-12-31 00:58:00,492.33,success,7.38
6818,3779,2023-12-26 00:58:00,1085.49,success,16.28
6819,3782,2025-01-03 07:11:00,343.49,success,5.15
6820,3782,2025-02-17 07:11:00,17.57,success,0.26
6821,3782,2025-02-27 07:11:00,1404.78,success,21.07
6822,3782,2025-01-11 07:11:00,759.95,failed,0.0
6823,3782,2024-12-19 07:11:00,924.39,success,13.87
6824,3783,2024-07-06 17:45:00,1942.55,success,29.14
6825,3783,2024-05-27 17:45:00,190.92,success,2.86
6826,3783,2024-05-03 17:45:00,19.75,failed,0.0
6827,3783,2024-06-24 17:45:00,440.18,success,6.6
6828,3783,2024-06-16 17:45:00,64.74,success,0.97
6829,3783,2024-04-23 17:45:00,1531.15,success,22.97
6830,3784,2023-09-16 11:11:00,1098.16,success,16.47
6831,3787,2024-10-03 05:38:00,6.73,success,0.1
6832,3787,2024-09-16 05:38:00,381.4,success,5.72
6833,3787,2024-11-14 05:38:00,17.99,success,0.27
6834,3787,2024-10-12 05:38:00,1321.97,success,19.83
6835,3787,2024-11-07 05:38:00,145.93,success,2.19
6836,3788,2023-04-10 00:47:00,14.73,success,0.22
6837,3788,2023-04-03 00:47:00,898.26,success,13.47
6838,3789,2024-01-29 13:06:00,444.72,success,6.67
6839,3789,2023-12-26 13:06:00,337.33,failed,0.0
6840,3789,2024-01-09 13:06:00,9.86,success,0.15
6841,3791,2023-06-23 05:31:00,454.08,failed,0.0
6842,3791,2023-07-31 05:31:00,1514.8,success,22.72
6843,3791,2023-08-21 05:31:00,18.05,success,0.27
6844,3791,2023-08-18 05:31:00,7.23,success,0.11
6845,3791,2023-08-18 05:31:00,19.96,success,0.3
6846,3791,2023-09-06 05:31:00,6.07,success,0.09
6847,3791,2023-06-26 05:31:00,17.35,success,0.26
6848,3796,2023-05-29 03:31:00,17.91,success,0.27
6849,3796,2023-06-12 03:31:00,353.42,success,5.3
6850,3796,2023-06-12 03:31:00,6.84,success,0.1
6851,3797,2023-11-27 03:41:00,104.45,success,1.57
6852,3797,2023-10-05 03:41:00,5.23,failed,0.0
6853,3797,2023-10-23 03:41:00,199.41,success,2.99
6854,3797,2023-09-04 03:41:00,1710.44,success,25.66
6855,3797,2023-09-08 03:41:00,79.75,success,1.2
6856,3799,2023-02-03 09:51:00,215.53,success,3.23
6857,3799,2023-02-04 09:51:00,1819.73,success,27.3
6858,3799,2023-03-19 09:51:00,156.11,success,2.34
6859,3799,2023-01-15 09:51:00,336.29,success,5.04
6860,3800,2024-12-16 08:01:00,1308.87,success,19.63
6861,3800,2024-12-07 08:01:00,460.6,success,6.91
6862,3800,2024-10-06 08:01:00,14.9,success,0.22
6863,3803,2024-07-31 23:40:00,1223.77,success,18.36
6864,3805,2024-03-20 17:29:00,1518.62,success,22.78
6865,3805,2024-01-24 17:29:00,9.03,success,0.14
6866,3805,2024-01-27 17:29:00,1000.4,success,15.01
6867,3805,2024-01-22 17:29:00,1494.71,success,22.42
6868,3805,2024-03-31 17:29:00,6.19,success,0.09
6869,3805,2024-02-08 17:29:00,906.1,failed,0.0
6870,3805,2024-02-02 17:29:00,498.66,success,7.48
6871,3805,2024-03-10 17:29:00,1105.81,success,16.59
6872,3811,2024-12-13 15:49:00,373.33,success,5.6
6873,3811,2025-01-19 15:49:00,729.09,success,10.94
6874,3811,2025-01-09 15:49:00,1412.29,success,21.18
6875,3812,2024-02-21 18:24:00,83.69,failed,0.0
6876,3812,2024-02-18 18:24:00,1291.98,success,19.38
6877,3812,2024-03-22 18:24:00,1098.7,failed,0.0
6878,3812,2024-02-03 18:24:00,659.7,success,9.9
6879,3812,2024-01-18 18:24:00,9.86,success,0.15
6880,3812,2024-03-12 18:24:00,16.75,failed,0.0
6881,3812,2024-02-11 18:24:00,1607.91,success,24.12
6882,3813,2024-12-29 15:07:00,758.37,success,11.38
6883,3813,2025-02-07 15:07:00,795.27,success,11.93
6884,3813,2025-01-19 15:07:00,1069.32,success,16.04
6885,3813,2025-01-03 15:07:00,1771.93,success,26.58
6886,3819,2023-09-20 17:46:00,9.21,failed,0.0
6887,3819,2023-10-01 17:46:00,1085.25,success,16.28
6888,3819,2023-09-04 17:46:00,1104.55,success,16.57
6889,3820,2024-04-18 17:29:00,1679.35,success,25.19
6890,3820,2024-04-22 17:29:00,1148.75,failed,0.0
6891,3825,2024-11-08 22:55:00,334.43,failed,0.0
6892,3825,2024-12-09 22:55:00,254.93,success,3.82
6893,3825,2024-11-16 22:55:00,8.43,success,0.13
6894,3825,2024-11-05 22:55:00,11.33,success,0.17
6895,3825,2024-12-28 22:55:00,405.71,success,6.09
6896,3826,2024-12-12 23:15:00,137.53,failed,0.0
6897,3826,2024-11-21 23:15:00,18.9,success,0.28
6898,3826,2025-01-11 23:15:00,15.35,success,0.23
6899,3826,2025-01-06 23:15:00,1553.9,success,23.31
6900,3827,2024-01-21 19:12:00,216.64,success,3.25
6901,3827,2024-01-10 19:12:00,8.85,success,0.13
6902,3827,2024-02-07 19:12:00,16.35,success,0.25
6903,3827,2023-12-30 19:12:00,682.97,success,10.24
6904,3827,2024-02-02 19:12:00,7.75,failed,0.0
6905,3827,2024-01-09 19:12:00,195.0,success,2.92
6906,3827,2023-12-19 19:12:00,748.94,success,11.23
6907,3827,2023-12-21 19:12:00,11.57,success,0.17
6908,3830,2024-02-20 05:41:00,9.38,success,0.14
6909,3830,2024-03-05 05:41:00,50.74,success,0.76
6910,3830,2024-02-24 05:41:00,9.86,success,0.15
6911,3830,2024-02-07 05:41:00,666.2,success,9.99
6912,3830,2024-02-22 05:41:00,14.0,success,0.21
6913,3830,2024-01-29 05:41:00,7.47,success,0.11
6914,3832,2023-11-18 00:35:00,1985.79,success,29.79
6915,3832,2023-11-20 00:35:00,1254.94,success,18.82
6916,3832,2023-09-22 00:35:00,562.12,success,8.43
6917,3835,2023-08-09 11:44:00,52.8,success,0.79
6918,3835,2023-10-13 11:44:00,1582.27,success,23.73
6919,3835,2023-09-15 11:44:00,1481.39,success,22.22
6920,3835,2023-10-02 11:44:00,1989.83,success,29.85
6921,3838,2025-01-23 10:44:00,407.14,success,6.11
6922,3838,2025-02-17 10:44:00,87.44,failed,0.0
6923,3838,2025-02-05 10:44:00,103.96,success,1.56
6924,3838,2025-01-13 10:44:00,95.18,success,1.43
6925,3839,2024-05-17 10:41:00,100.92,success,1.51
6926,3839,2024-05-28 10:41:00,1403.26,success,21.05
6927,3839,2024-03-15 10:41:00,7.67,success,0.12
6928,3839,2024-04-06 10:41:00,5.43,success,0.08
6929,3839,2024-03-13 10:41:00,216.72,success,3.25
6930,3839,2024-05-04 10:41:00,848.42,success,12.73
6931,3839,2024-04-28 10:41:00,1225.82,success,18.39
6932,3840,2023-07-21 11:36:00,315.11,success,4.73
6933,3840,2023-07-30 11:36:00,243.01,success,3.65
6934,3840,2023-08-16 11:36:00,122.16,success,1.83
6935,3840,2023-08-29 11:36:00,147.93,success,2.22
6936,3840,2023-09-07 11:36:00,6.77,success,0.1
6937,3840,2023-08-21 11:36:00,17.22,success,0.26
6938,3842,2024-12-23 15:09:00,12.93,success,0.19
6939,3842,2024-12-19 15:09:00,354.2,success,5.31
6940,3842,2025-02-11 15:09:00,6.29,success,0.09
6941,3842,2025-02-26 15:09:00,9.24,success,0.14
6942,3842,2024-12-18 15:09:00,1029.98,success,15.45
6943,3842,2024-12-08 15:09:00,427.7,success,6.42
6944,3842,2025-01-24 15:09:00,464.94,success,6.97
6945,3845,2023-01-31 22:50:00,7.81,failed,0.0
6946,3845,2023-02-16 22:50:00,1013.35,success,15.2
6947,3845,2023-04-03 22:50:00,8.33,success,0.12
6948,3845,2023-04-11 22:50:00,932.8,success,13.99
6949,3845,2023-01-25 22:50:00,1173.22,success,17.6
6950,3845,2023-04-03 22:50:00,9.07,success,0.14
6951,3845,2023-03-30 22:50:00,9.23,success,0.14
6952,3846,2023-11-01 10:01:00,5.7,failed,0.0
6953,3846,2023-11-05 10:01:00,1180.23,failed,0.0
6954,3846,2023-08-14 10:01:00,1276.34,success,19.15
6955,3846,2023-10-22 10:01:00,1686.17,success,25.29
6956,3846,2023-11-07 10:01:00,1175.19,success,17.63
6957,3847,2023-05-23 20:05:00,1396.36,success,20.95
6958,3853,2024-01-18 20:36:00,1480.42,success,22.21
6959,3853,2024-03-16 20:36:00,1160.55,success,17.41
6960,3853,2024-02-09 20:36:00,358.99,failed,0.0
6961,3853,2024-02-19 20:36:00,7.45,success,0.11
6962,3853,2024-01-19 20:36:00,1819.41,success,27.29
6963,3854,2024-06-22 02:09:00,136.24,failed,0.0
6964,3854,2024-05-27 02:09:00,1092.78,failed,0.0
6965,3854,2024-05-05 02:09:00,13.74,success,0.21
6966,3854,2024-05-03 02:09:00,19.55,success,0.29
6967,3854,2024-04-27 02:09:00,18.53,success,0.28
6968,3854,2024-06-27 02:09:00,1711.27,failed,0.0
6969,3854,2024-07-02 02:09:00,1099.51,failed,0.0
6970,3854,2024-06-02 02:09:00,11.55,failed,0.0
6971,3856,2024-03-26 14:16:00,7.67,success,0.12
6972,3856,2024-03-03 14:16:00,263.33,success,3.95
6973,3857,2023-08-03 08:14:00,313.37,success,4.7
6974,3857,2023-07-01 08:14:00,17.46,success,0.26
6975,3857,2023-08-02 08:14:00,12.1,success,0.18
6976,3857,2023-06-16 08:14:00,19.5,failed,0.0
6977,3857,2023-06-24 08:14:00,223.49,success,3.35
6978,3857,2023-07-28 08:14:00,419.18,success,6.29
6979,3857,2023-06-21 08:14:00,1059.98,success,15.9
6980,3857,2023-08-01 08:14:00,6.72,success,0.1
6981,3858,2023-11-11 09:04:00,15.58,failed,0.0
6982,3860,2023-03-25 10:27:00,8.93,success,0.13
6983,3860,2023-04-21 10:27:00,336.97,success,5.05
6984,3860,2023-02-07 10:27:00,268.17,success,4.02
6985,3860,2023-03-05 10:27:00,618.44,failed,0.0
6986,3860,2023-02-12 10:27:00,16.77,failed,0.0
6987,3860,2023-03-07 10:27:00,460.13,success,6.9
6988,3860,2023-03-20 10:27:00,887.83,success,13.32
6989,3861,2023-07-28 01:24:00,15.1,success,0.23
6990,3863,2023-10-05 19:05:00,133.55,success,2.0
6991,3863,2023-10-18 19:05:00,1914.87,failed,0.0
6992,3863,2023-11-15 19:05:00,933.88,success,14.01
6993,3863,2023-10-09 19:05:00,1040.94,success,15.61
6994,3865,2024-05-10 13:35:00,448.82,success,6.73
6995,3865,2024-03-29 13:35:00,640.94,success,9.61
6996,3865,2024-04-06 13:35:00,194.5,success,2.92
6997,3865,2024-04-10 13:35:00,1831.18,success,27.47
6998,3865,2024-04-19 13:35:00,122.15,success,1.83
6999,3865,2024-03-24 13:35:00,17.78,success,0.27
7000,3865,2024-04-21 13:35:00,212.78,failed,0.0
7001,3865,2024-03-19 13:35:00,1528.56,success,22.93
7002,3866,2023-03-31 12:22:00,291.44,success,4.37
7003,3866,2023-04-11 12:22:00,273.81,success,4.11
7004,3866,2023-05-24 12:22:00,201.12,success,3.02
7005,3866,2023-03-29 12:22:00,392.79,success,5.89
7006,3866,2023-06-03 12:22:00,1511.34,success,22.67
7007,3866,2023-06-08 12:22:00,17.85,success,0.27
7008,3866,2023-05-16 12:22:00,255.29,success,3.83
7009,3866,2023-06-01 12:22:00,1445.75,success,21.69
7010,3868,2024-01-27 19:26:00,286.85,success,4.3
7011,3868,2024-01-25 19:26:00,11.82,success,0.18
7012,3868,2024-01-02 19:26:00,6.0,failed,0.0
7013,3868,2024-02-11 19:26:00,1537.67,success,23.07
7014,3868,2024-01-13 19:26:00,18.46,success,0.28
7015,3868,2024-01-04 19:26:00,11.65,failed,0.0
7016,3868,2023-12-28 19:26:00,467.52,success,7.01
7017,3869,2024-09-30 16:35:00,10.39,success,0.16
7018,3869,2024-11-19 16:35:00,133.42,success,2.0
7019,3869,2024-10-24 16:35:00,16.85,success,0.25
7020,3871,2023-08-27 01:33:00,495.12,success,7.43
7021,3871,2023-08-28 01:33:00,139.39,success,2.09
7022,3871,2023-08-05 01:33:00,126.29,success,1.89
7023,3872,2023-03-07 18:23:00,5.49,success,0.08
7024,3873,2023-11-18 18:28:00,621.98,success,9.33
7025,3873,2023-11-20 18:28:00,17.69,success,0.27
7026,3873,2023-12-14 18:28:00,407.51,success,6.11
7027,3873,2023-12-04 18:28:00,142.42,success,2.14
7028,3873,2023-11-27 18:28:00,404.19,success,6.06
7029,3873,2023-12-19 18:28:00,9.74,success,0.15
7030,3873,2023-12-07 18:28:00,262.06,success,3.93
7031,3876,2024-02-07 20:48:00,16.49,success,0.25
7032,3876,2024-03-23 20:48:00,8.01,success,0.12
7033,3876,2024-03-02 20:48:00,1416.95,success,21.25
7034,3876,2024-03-11 20:48:00,11.4,success,0.17
7035,3876,2024-02-28 20:48:00,416.77,failed,0.0
7036,3876,2024-02-09 20:48:00,16.91,failed,0.0
7037,3878,2023-05-20 03:29:00,1093.93,success,16.41
7038,3878,2023-04-10 03:29:00,7.4,success,0.11
7039,3878,2023-05-30 03:29:00,388.33,failed,0.0
7040,3878,2023-04-18 03:29:00,1478.59,failed,0.0
7041,3878,2023-05-14 03:29:00,616.28,success,9.24
7042,3878,2023-05-08 03:29:00,5.75,failed,0.0
7043,3878,2023-03-27 03:29:00,99.8,success,1.5
7044,3880,2023-03-26 10:52:00,1384.87,success,20.77
7045,3880,2023-02-19 10:52:00,1441.67,success,21.63
7046,3880,2023-03-11 10:52:00,694.59,success,10.42
7047,3880,2023-02-22 10:52:00,10.91,success,0.16
7048,3880,2023-03-15 10:52:00,96.95,success,1.45
7049,3880,2023-02-25 10:52:00,413.45,success,6.2
7050,3880,2023-01-20 10:52:00,18.13,success,0.27
7051,3883,2023-01-31 18:33:00,498.66,success,7.48
7052,3883,2023-03-17 18:33:00,871.73,success,13.08
7053,3883,2023-03-28 18:33:00,17.99,success,0.27
7054,3883,2023-02-05 18:33:00,8.16,success,0.12
7055,3884,2025-02-17 03:39:00,1962.95,failed,0.0
7056,3884,2024-12-12 03:39:00,15.84,success,0.24
7057,3884,2024-12-18 03:39:00,395.82,success,5.94
7058,3886,2023-07-23 13:28:00,1765.58,success,26.48
7059,3886,2023-08-18 13:28:00,1466.72,success,22.0
7060,3892,2025-02-27 10:11:00,19.26,success,0.29
7061,3892,2025-02-03 10:11:00,19.03,success,0.29
7062,3892,2025-01-13 10:11:00,7.02,success,0.11
7063,3892,2025-02-06 10:11:00,17.29,success,0.26
7064,3892,2025-02-10 10:11:00,962.5,failed,0.0
7065,3892,2025-01-12 10:11:00,235.01,success,3.53
7066,3899,2024-05-03 19:45:00,431.35,success,6.47
7067,3899,2024-05-27 19:45:00,438.41,success,6.58
7068,3899,2024-04-02 19:45:00,1290.83,success,19.36
7069,3899,2024-05-19 19:45:00,10.77,failed,0.0
7070,3899,2024-05-24 19:45:00,467.02,success,7.01
7071,3903,2023-03-17 23:44:00,808.81,success,12.13
7072,3903,2023-03-26 23:44:00,10.58,success,0.16
7073,3904,2023-11-24 02:11:00,239.4,success,3.59
7074,3904,2023-12-18 02:11:00,1402.06,success,21.03
7075,3904,2023-12-18 02:11:00,15.47,success,0.23
7076,3904,2024-01-09 02:11:00,224.68,success,3.37
7077,3905,2024-01-02 06:38:00,19.3,success,0.29
7078,3906,2024-03-19 01:06:00,8.79,success,0.13
7079,3906,2024-03-03 01:06:00,1924.76,success,28.87
7080,3907,2024-10-05 04:42:00,1834.97,success,27.52
7081,3907,2024-09-15 04:42:00,410.21,success,6.15
7082,3907,2024-09-25 04:42:00,11.61,success,0.17
7083,3909,2024-09-22 05:07:00,426.12,success,6.39
7084,3914,2025-01-29 02:55:00,208.7,success,3.13
7085,3914,2024-12-28 02:55:00,494.78,success,7.42
7086,3914,2025-01-09 02:55:00,8.01,success,0.12
7087,3914,2025-03-25 02:55:00,890.44,failed,0.0
7088,3914,2025-02-19 02:55:00,294.74,success,4.42
7089,3914,2025-02-02 02:55:00,53.05,success,0.8
7090,3916,2024-08-26 19:54:00,1255.64,failed,0.0
7091,3916,2024-07-31 19:54:00,200.22,success,3.0
7092,3916,2024-07-25 19:54:00,1376.82,failed,0.0
7093,3916,2024-07-22 19:54:00,958.77,success,14.38
7094,3916,2024-08-28 19:54:00,18.19,success,0.27
7095,3920,2023-09-20 06:25:00,294.27,success,4.41
7096,3920,2023-09-25 06:25:00,6.15,success,0.09
7097,3920,2023-10-03 06:25:00,9.5,failed,0.0
7098,3920,2023-11-01 06:25:00,769.7,success,11.55
7099,3922,2023-08-04 09:41:00,7.41,success,0.11
7100,3922,2023-08-12 09:41:00,799.44,success,11.99
7101,3922,2023-08-12 09:41:00,10.21,success,0.15
7102,3924,2023-09-01 01:36:00,432.85,success,6.49
7103,3924,2023-07-12 01:36:00,17.75,success,0.27
7104,3924,2023-08-26 01:36:00,58.59,success,0.88
7105,3924,2023-06-24 01:36:00,343.35,success,5.15
7106,3924,2023-07-15 01:36:00,8.37,success,0.13
7107,3924,2023-08-18 01:36:00,1440.15,failed,0.0
7108,3930,2023-08-02 11:43:00,10.44,failed,0.0
7109,3930,2023-07-19 11:43:00,11.15,success,0.17
7110,3930,2023-07-27 11:43:00,12.61,failed,0.0
7111,3930,2023-07-22 11:43:00,19.03,success,0.29
7112,3930,2023-07-17 11:43:00,12.84,success,0.19
7113,3930,2023-06-26 11:43:00,150.17,success,2.25
7114,3930,2023-08-25 11:43:00,285.79,success,4.29
7115,3930,2023-08-04 11:43:00,1903.43,success,28.55
7116,3933,2024-02-13 09:10:00,792.42,failed,0.0
7117,3933,2024-02-19 09:10:00,482.46,success,7.24
7118,3933,2023-12-18 09:10:00,10.93,success,0.16
7119,3933,2023-12-14 09:10:00,552.98,success,8.29
7120,3933,2024-01-19 09:10:00,75.6,success,1.13
7121,3933,2023-12-07 09:10:00,171.05,success,2.57
7122,3933,2023-12-22 09:10:00,254.12,success,3.81
7123,3933,2024-02-08 09:10:00,1184.88,success,17.77
7124,3935,2023-01-20 10:40:00,1344.05,failed,0.0
7125,3935,2023-03-25 10:40:00,1825.35,success,27.38
7126,3938,2023-06-01 05:51:00,147.22,success,2.21
7127,3939,2023-11-13 16:53:00,236.93,success,3.55
7128,3939,2023-10-05 16:53:00,296.99,success,4.45
7129,3939,2023-11-24 16:53:00,17.76,success,0.27
7130,3939,2023-11-11 16:53:00,198.63,success,2.98
7131,3939,2023-12-23 16:53:00,6.45,success,0.1
7132,3939,2023-12-14 16:53:00,1483.99,success,22.26
7133,3950,2023-02-15 12:05:00,272.01,success,4.08
7134,3950,2023-03-17 12:05:00,579.83,success,8.7
7135,3950,2023-02-15 12:05:00,15.57,success,0.23
7136,3950,2023-03-09 12:05:00,12.76,success,0.19
7137,3950,2023-04-16 12:05:00,801.52,success,12.02
7138,3950,2023-03-26 12:05:00,161.63,failed,0.0
7139,3956,2024-10-29 10:10:00,1531.47,success,22.97
7140,3956,2024-12-03 10:10:00,9.32,success,0.14
7141,3956,2024-12-02 10:10:00,399.32,success,5.99
7142,3957,2023-04-05 17:30:00,94.87,success,1.42
7143,3957,2023-03-09 17:30:00,13.89,failed,0.0
7144,3957,2023-03-16 17:30:00,189.63,success,2.84
7145,3958,2023-11-10 13:47:00,85.47,success,1.28
7146,3958,2023-11-04 13:47:00,321.73,success,4.83
7147,3962,2023-09-12 12:57:00,9.88,success,0.15
7148,3963,2023-06-12 23:48:00,315.52,success,4.73
7149,3963,2023-08-18 23:48:00,1563.64,success,23.45
7150,3963,2023-07-20 23:48:00,70.47,success,1.06
7151,3963,2023-08-12 23:48:00,17.34,success,0.26
7152,3966,2023-03-04 14:49:00,142.99,success,2.14
7153,3967,2023-12-07 18:15:00,274.7,success,4.12
7154,3967,2023-11-16 18:15:00,1852.86,success,27.79
7155,3967,2023-10-05 18:15:00,126.85,success,1.9
7156,3975,2024-04-20 16:31:00,1751.78,success,26.28
7157,3975,2024-04-10 16:31:00,7.1,success,0.11
7158,3975,2024-05-25 16:31:00,793.83,success,11.91
7159,3975,2024-03-22 16:31:00,967.36,failed,0.0
7160,3975,2024-04-02 16:31:00,1745.44,success,26.18
7161,3975,2024-03-21 16:31:00,904.46,success,13.57
7162,3975,2024-03-17 16:31:00,713.24,success,10.7
7163,3975,2024-04-01 16:31:00,111.23,success,1.67
7164,3978,2023-11-11 01:39:00,1648.48,success,24.73
7165,3978,2023-11-05 01:39:00,10.98,success,0.16
7166,3978,2023-11-06 01:39:00,19.3,success,0.29
7167,3979,2024-06-18 08:12:00,5.14,success,0.08
7168,3979,2024-06-12 08:12:00,1346.87,success,20.2
7169,3979,2024-05-14 08:12:00,50.48,success,0.76
7170,3979,2024-04-28 08:12:00,16.02,success,0.24
7171,3979,2024-04-18 08:12:00,11.07,success,0.17
7172,3979,2024-04-22 08:12:00,15.23,success,0.23
7173,3983,2023-05-05 15:35:00,935.33,failed,0.0
7174,3983,2023-07-09 15:35:00,1010.97,success,15.16
7175,3983,2023-05-06 15:35:00,452.26,success,6.78
7176,3983,2023-05-09 15:35:00,12.92,success,0.19
7177,3983,2023-06-08 15:35:00,5.42,failed,0.0
7178,3989,2023-12-11 02:52:00,1316.71,success,19.75
7179,3989,2023-11-18 02:52:00,1102.7,success,16.54
7180,3989,2023-10-11 02:52:00,18.78,success,0.28
7181,3989,2023-10-28 02:52:00,644.08,success,9.66
7182,3990,2024-03-18 08:52:00,1143.26,success,17.15
7183,3990,2024-02-26 08:52:00,1545.46,success,23.18
7184,3990,2024-01-04 08:52:00,1990.56,success,29.86
7185,3990,2024-01-10 08:52:00,9.54,success,0.14
7186,3994,2025-01-27 14:07:00,322.78,success,4.84
7187,3994,2025-02-13 14:07:00,7.2,success,0.11
7188,3994,2025-02-26 14:07:00,1536.8,success,23.05
7189,3994,2025-01-27 14:07:00,8.42,success,0.13
7190,3994,2025-02-26 14:07:00,7.54,failed,0.0
7191,3994,2025-01-28 14:07:00,1304.66,success,19.57
7192,3994,2025-03-13 14:07:00,16.02,success,0.24
7193,3994,2025-03-27 14:07:00,13.67,failed,0.0
7194,3999,2024-07-08 00:35:00,402.0,success,6.03
7195,3999,2024-07-31 00:35:00,6.94,success,0.1
7196,3999,2024-08-01 00:35:00,11.58,success,0.17
7197,3999,2024-07-12 00:35:00,10.77,success,0.16
7198,4006,2024-10-20 19:49:00,193.32,failed,0.0
7199,4006,2024-08-22 19:49:00,6.32,success,0.09
7200,4006,2024-08-10 19:49:00,9.78,success,0.15
7201,4006,2024-08-14 19:49:00,1473.21,success,22.1
7202,4006,2024-09-18 19:49:00,9.56,success,0.14
7203,4006,2024-08-31 19:49:00,12.41,failed,0.0
7204,4006,2024-10-24 19:49:00,9.22,success,0.14
7205,4006,2024-08-15 19:49:00,87.25,success,1.31
7206,4010,2023-08-29 06:56:00,1625.26,success,24.38
7207,4010,2023-10-12 06:56:00,12.09,success,0.18
7208,4010,2023-09-23 06:56:00,1645.58,success,24.68
7209,4010,2023-10-19 06:56:00,475.66,success,7.13
7210,4010,2023-09-19 06:56:00,1364.19,failed,0.0
7211,4013,2024-02-06 05:35:00,408.09,success,6.12
7212,4013,2024-02-09 05:35:00,1495.3,success,22.43
7213,4013,2024-03-19 05:35:00,14.75,success,0.22
7214,4013,2024-03-20 05:35:00,7.26,success,0.11
7215,4013,2024-03-18 05:35:00,431.6,success,6.47
7216,4013,2024-03-05 05:35:00,10.27,success,0.15
7217,4014,2023-06-21 09:12:00,10.03,success,0.15
7218,4014,2023-04-06 09:12:00,595.88,failed,0.0
7219,4014,2023-06-21 09:12:00,83.34,success,1.25
7220,4014,2023-04-10 09:12:00,18.1,success,0.27
7221,4014,2023-05-19 09:12:00,8.41,success,0.13
7222,4015,2024-10-12 16:14:00,14.58,success,0.22
7223,4015,2024-10-30 16:14:00,13.67,success,0.21
7224,4015,2024-12-31 16:14:00,13.03,success,0.2
7225,4015,2024-12-11 16:14:00,588.25,success,8.82
7226,4015,2024-11-17 16:14:00,6.19,success,0.09
7227,4016,2024-03-31 02:22:00,962.37,success,14.44
7228,4016,2024-04-01 02:22:00,10.75,failed,0.0
7229,4016,2024-03-14 02:22:00,320.77,success,4.81
7230,4016,2024-04-08 02:22:00,6.58,success,0.1
7231,4016,2024-03-14 02:22:00,19.5,success,0.29
7232,4016,2024-02-27 02:22:00,985.99,success,14.79
7233,4021,2024-09-09 07:12:00,14.37,success,0.22
7234,4021,2024-08-20 07:12:00,370.29,success,5.55
7235,4021,2024-09-25 07:12:00,315.36,success,4.73
7236,4021,2024-10-07 07:12:00,64.85,success,0.97
7237,4021,2024-10-10 07:12:00,1233.79,success,18.51
7238,4021,2024-08-23 07:12:00,421.91,success,6.33
7239,4022,2024-10-08 13:47:00,200.2,success,3.0
7240,4022,2024-09-13 13:47:00,19.56,success,0.29
7241,4022,2024-09-15 13:47:00,197.72,success,2.97
7242,4022,2024-10-27 13:47:00,164.47,success,2.47
7243,4022,2024-09-18 13:47:00,87.16,success,1.31
7244,4022,2024-11-02 13:47:00,444.01,success,6.66
7245,4025,2023-05-31 10:07:00,1971.33,success,29.57
7246,4025,2023-04-14 10:07:00,819.86,success,12.3
7247,4025,2023-05-10 10:07:00,251.89,success,3.78
7248,4025,2023-05-30 10:07:00,784.42,success,11.77
7249,4025,2023-04-12 10:07:00,1981.3,success,29.72
7250,4025,2023-05-08 10:07:00,8.6,failed,0.0
7251,4030,2023-11-25 16:06:00,14.18,success,0.21
7252,4030,2023-12-04 16:06:00,529.24,success,7.94
7253,4030,2023-12-17 16:06:00,519.8,success,7.8
7254,4030,2023-12-14 16:06:00,6.54,success,0.1
7255,4030,2023-11-28 16:06:00,253.55,success,3.8
7256,4030,2023-12-04 16:06:00,421.12,failed,0.0
7257,4030,2023-11-30 16:06:00,185.61,success,2.78
7258,4031,2023-02-24 10:50:00,453.63,success,6.8
7259,4031,2023-02-23 10:50:00,1101.61,success,16.52
7260,4031,2023-02-04 10:50:00,1343.91,success,20.16
7261,4031,2023-03-19 10:50:00,9.93,success,0.15
7262,4031,2023-01-23 10:50:00,493.6,success,7.4
7263,4033,2024-11-07 14:05:00,9.62,success,0.14
7264,4033,2024-12-11 14:05:00,14.75,success,0.22
7265,4033,2024-11-09 14:05:00,1171.25,success,17.57
7266,4035,2023-03-20 01:46:00,929.79,success,13.95
7267,4035,2023-04-22 01:46:00,187.16,success,2.81
7268,4035,2023-05-14 01:46:00,11.13,failed,0.0
7269,4035,2023-03-15 01:46:00,9.85,failed,0.0
7270,4035,2023-05-22 01:46:00,432.35,success,6.49
7271,4035,2023-05-10 01:46:00,1724.83,success,25.87
7272,4035,2023-05-05 01:46:00,1166.7,failed,0.0
7273,4035,2023-04-08 01:46:00,17.77,success,0.27
7274,4037,2024-01-12 01:17:00,357.97,success,5.37
7275,4037,2024-02-21 01:17:00,6.98,failed,0.0
7276,4037,2024-01-29 01:17:00,1951.02,success,29.27
7277,4040,2023-08-10 06:12:00,446.02,success,6.69
7278,4040,2023-06-21 06:12:00,253.57,success,3.8
7279,4040,2023-06-16 06:12:00,13.95,success,0.21
7280,4040,2023-08-24 06:12:00,1628.89,success,24.43
7281,4040,2023-06-26 06:12:00,1712.56,failed,0.0
7282,4040,2023-08-17 06:12:00,235.28,success,3.53
7283,4040,2023-07-13 06:12:00,15.21,success,0.23
7284,4041,2024-04-05 15:50:00,540.29,failed,0.0
7285,4041,2024-04-17 15:50:00,455.92,success,6.84
7286,4041,2024-06-03 15:50:00,1121.98,success,16.83
7287,4045,2024-02-25 00:29:00,62.53,success,0.94
7288,4045,2024-01-13 00:29:00,449.79,success,6.75
7289,4045,2024-02-23 00:29:00,349.34,success,5.24
7290,4045,2024-01-03 00:29:00,19.2,success,0.29
7291,4045,2024-01-23 00:29:00,7.2,success,0.11
7292,4045,2024-01-06 00:29:00,1296.0,success,19.44
7293,4045,2024-01-31 00:29:00,97.03,success,1.46
7294,4047,2024-09-02 01:43:00,7.89,success,0.12
7295,4047,2024-08-01 01:43:00,488.79,success,7.33
7296,4047,2024-08-12 01:43:00,1510.47,success,22.66
7297,4048,2023-04-30 16:00:00,292.99,success,4.39
7298,4048,2023-05-26 16:00:00,631.75,success,9.48
7299,4048,2023-03-26 16:00:00,481.09,failed,0.0
7300,4048,2023-04-01 16:00:00,17.06,failed,0.0
7301,4048,2023-05-18 16:00:00,16.32,success,0.24
7302,4048,2023-04-07 16:00:00,322.91,success,4.84
7303,4048,2023-05-31 16:00:00,8.71,failed,0.0
7304,4050,2024-07-04 00:11:00,141.15,success,2.12
7305,4050,2024-08-24 00:11:00,1657.71,failed,0.0
7306,4050,2024-07-23 00:11:00,16.75,success,0.25
7307,4050,2024-08-28 00:11:00,160.94,success,2.41
7308,4050,2024-06-24 00:11:00,210.42,success,3.16
7309,4054,2023-04-12 06:30:00,837.96,success,12.57
7310,4054,2023-06-14 06:30:00,543.58,success,8.15
7311,4054,2023-06-12 06:30:00,1187.65,failed,0.0
7312,4054,2023-07-07 06:30:00,1046.71,success,15.7
7313,4056,2024-10-28 18:15:00,19.45,failed,0.0
7314,4056,2024-10-04 18:15:00,1435.87,success,21.54
7315,4061,2024-09-10 19:11:00,998.55,failed,0.0
7316,4061,2024-10-25 19:11:00,419.67,success,6.3
7317,4061,2024-10-08 19:11:00,1003.83,failed,0.0
7318,4061,2024-11-08 19:11:00,1858.39,success,27.88
7319,4061,2024-09-22 19:11:00,968.8,success,14.53
7320,4061,2024-11-28 19:11:00,7.98,success,0.12
7321,4061,2024-11-23 19:11:00,19.14,success,0.29
7322,4062,2024-10-28 03:04:00,1238.84,success,18.58
7323,4062,2024-10-26 03:04:00,1572.91,success,23.59
7324,4062,2024-10-16 03:04:00,13.95,success,0.21
7325,4066,2024-03-19 04:36:00,665.52,success,9.98
7326,4066,2024-02-29 04:36:00,15.45,success,0.23
7327,4072,2023-06-04 17:55:00,10.21,success,0.15
7328,4072,2023-08-18 17:55:00,456.07,success,6.84
7329,4073,2023-09-24 13:28:00,8.16,failed,0.0
7330,4076,2023-04-30 21:40:00,6.48,success,0.1
7331,4076,2023-04-01 21:40:00,19.59,success,0.29
7332,4077,2024-03-19 12:13:00,287.58,success,4.31
7333,4077,2024-05-09 12:13:00,16.94,success,0.25
7334,4077,2024-04-23 12:13:00,18.62,success,0.28
7335,4077,2024-04-02 12:13:00,497.18,success,7.46
7336,4077,2024-03-25 12:13:00,1698.62,success,25.48
7337,4077,2024-05-31 12:13:00,259.2,success,3.89
7338,4080,2023-02-08 13:58:00,9.59,success,0.14
7339,4082,2024-05-31 11:37:00,146.9,failed,0.0
7340,4082,2024-04-15 11:37:00,1087.16,failed,0.0
7341,4082,2024-04-13 11:37:00,1208.19,success,18.12
7342,4086,2023-09-15 09:23:00,205.54,success,3.08
7343,4086,2023-09-26 09:23:00,1675.09,success,25.13
7344,4086,2023-10-10 09:23:00,9.58,success,0.14
7345,4086,2023-11-28 09:23:00,317.28,success,4.76
7346,4089,2024-03-26 06:10:00,9.78,success,0.15
7347,4089,2024-05-31 06:10:00,196.19,success,2.94
7348,4089,2024-06-06 06:10:00,574.96,failed,0.0
7349,4089,2024-03-26 06:10:00,1322.75,success,19.84
7350,4089,2024-05-04 06:10:00,414.43,success,6.22
7351,4089,2024-03-29 06:10:00,14.26,success,0.21
7352,4089,2024-05-10 06:10:00,1719.01,success,25.79
7353,4089,2024-03-31 06:10:00,303.28,success,4.55
7354,4092,2023-12-28 09:56:00,200.31,success,3.0
7355,4092,2024-02-19 09:56:00,16.26,success,0.24
7356,4092,2024-02-04 09:56:00,1731.18,failed,0.0
7357,4092,2024-02-19 09:56:00,366.4,failed,0.0
7358,4092,2023-12-25 09:56:00,88.62,success,1.33
7359,4092,2023-12-31 09:56:00,5.14,success,0.08
7360,4098,2023-07-21 12:39:00,373.8,success,5.61
7361,4098,2023-06-28 12:39:00,539.15,success,8.09
7362,4098,2023-05-06 12:39:00,1800.83,success,27.01
7363,4098,2023-06-05 12:39:00,1633.26,success,24.5
7364,4098,2023-07-26 12:39:00,993.61,success,14.9
7365,4098,2023-07-09 12:39:00,1535.65,success,23.03
7366,4099,2024-11-29 12:14:00,1899.92,success,28.5
7367,4099,2025-02-16 12:14:00,92.36,success,1.39
7368,4099,2025-02-16 12:14:00,6.3,success,0.09
7369,4101,2024-05-15 22:25:00,1531.87,success,22.98
7370,4101,2024-04-30 22:25:00,208.98,success,3.13
7371,4101,2024-05-13 22:25:00,1829.46,success,27.44
7372,4105,2024-12-05 16:40:00,112.44,success,1.69
7373,4105,2024-11-02 16:40:00,326.95,success,4.9
7374,4105,2024-09-21 16:40:00,123.6,success,1.85
7375,4107,2024-04-24 15:54:00,84.04,success,1.26
7376,4107,2024-03-04 15:54:00,1511.38,success,22.67
7377,4107,2024-02-19 15:54:00,14.04,success,0.21
7378,4107,2024-04-25 15:54:00,495.29,success,7.43
7379,4107,2024-03-31 15:54:00,622.02,success,9.33
7380,4109,2024-09-02 02:55:00,13.51,success,0.2
7381,4109,2024-08-24 02:55:00,213.52,success,3.2
7382,4109,2024-09-21 02:55:00,268.0,failed,0.0
7383,4111,2024-03-28 12:16:00,207.18,success,3.11
7384,4111,2024-01-12 12:16:00,99.52,success,1.49
7385,4111,2024-01-21 12:16:00,480.81,success,7.21
7386,4111,2024-01-25 12:16:00,1387.77,success,20.82
7387,4111,2024-01-28 12:16:00,15.09,success,0.23
7388,4111,2024-01-30 12:16:00,13.48,success,0.2
7389,4111,2024-02-26 12:16:00,404.5,failed,0.0
7390,4113,2023-10-20 21:30:00,9.75,success,0.15
7391,4113,2023-09-07 21:30:00,5.41,success,0.08
7392,4113,2023-08-19 21:30:00,230.68,failed,0.0
7393,4113,2023-10-18 21:30:00,1384.45,success,20.77
7394,4113,2023-10-17 21:30:00,18.96,success,0.28
7395,4113,2023-08-25 21:30:00,1728.64,success,25.93
7396,4116,2024-11-29 21:46:00,785.77,success,11.79
7397,4116,2024-10-15 21:46:00,331.02,success,4.97
7398,4116,2024-10-21 21:46:00,1907.79,success,28.62
7399,4116,2024-10-03 21:46:00,481.68,success,7.23
7400,4117,2023-05-18 05:43:00,1925.06,success,28.88
7401,4117,2023-06-04 05:43:00,179.15,success,2.69
7402,4117,2023-06-21 05:43:00,979.65,success,14.69
7403,4117,2023-07-02 05:43:00,279.88,success,4.2
7404,4117,2023-05-14 05:43:00,13.03,success,0.2
7405,4117,2023-05-06 05:43:00,1669.76,success,25.05
7406,4125,2025-01-31 03:34:00,1104.57,failed,0.0
7407,4125,2025-01-11 03:34:00,78.07,success,1.17
7408,4125,2025-03-04 03:34:00,18.39,success,0.28
7409,4125,2025-03-18 03:34:00,416.11,success,6.24
7410,4125,2025-02-10 03:34:00,1949.92,failed,0.0
7411,4125,2025-02-03 03:34:00,426.99,success,6.4
7412,4131,2023-06-02 15:09:00,1652.09,success,24.78
7413,4131,2023-07-13 15:09:00,18.24,success,0.27
7414,4131,2023-07-22 15:09:00,592.09,success,8.88
7415,4131,2023-07-19 15:09:00,5.65,success,0.08
7416,4131,2023-05-26 15:09:00,18.53,success,0.28
7417,4135,2023-09-17 17:49:00,290.54,failed,0.0
7418,4135,2023-08-22 17:49:00,1596.92,success,23.95
7419,4135,2023-10-30 17:49:00,387.21,success,5.81
7420,4135,2023-11-04 17:49:00,18.85,success,0.28
7421,4135,2023-08-27 17:49:00,431.11,failed,0.0
7422,4137,2023-12-23 10:06:00,15.62,success,0.23
7423,4137,2023-11-24 10:06:00,12.12,success,0.18
7424,4137,2023-10-17 10:06:00,383.33,success,5.75
7425,4138,2023-03-23 03:05:00,1714.87,success,25.72
7426,4138,2023-02-11 03:05:00,549.87,success,8.25
7427,4138,2023-04-18 03:05:00,8.03,success,0.12
7428,4138,2023-02-23 03:05:00,17.48,success,0.26
7429,4140,2024-11-10 23:49:00,68.68,success,1.03
7430,4140,2024-12-02 23:49:00,12.65,success,0.19
7431,4140,2024-09-30 23:49:00,18.8,failed,0.0
7432,4140,2024-11-22 23:49:00,631.49,success,9.47
7433,4140,2024-12-06 23:49:00,819.38,success,12.29
7434,4140,2024-11-05 23:49:00,15.39,success,0.23
7435,4140,2024-11-28 23:49:00,14.38,success,0.22
7436,4140,2024-10-28 23:49:00,15.62,success,0.23
7437,4141,2025-02-19 05:11:00,1263.93,success,18.96
7438,4141,2025-01-08 05:11:00,492.41,success,7.39
7439,4141,2024-12-27 05:11:00,878.11,success,13.17
7440,4141,2025-02-11 05:11:00,1156.84,success,17.35
7441,4141,2025-01-02 05:11:00,336.63,success,5.05
7442,4141,2024-12-07 05:11:00,5.08,success,0.08
7443,4141,2024-12-14 05:11:00,467.29,success,7.01
7444,4143,2024-07-30 22:48:00,1506.22,success,22.59
7445,4143,2024-08-10 22:48:00,15.2,success,0.23
7446,4148,2025-01-16 10:12:00,11.84,success,0.18
7447,4148,2025-02-28 10:12:00,204.07,success,3.06
7448,4148,2025-02-15 10:12:00,1316.97,success,19.75
7449,4148,2025-02-26 10:12:00,187.9,success,2.82
7450,4152,2024-01-20 15:28:00,1934.85,success,29.02
7451,4152,2023-12-13 15:28:00,1350.66,success,20.26
7452,4152,2024-01-27 15:28:00,12.63,success,0.19
7453,4152,2023-12-15 15:28:00,382.58,success,5.74
7454,4152,2024-01-26 15:28:00,1716.64,success,25.75
7455,4152,2023-12-20 15:28:00,10.67,success,0.16
7456,4154,2023-02-13 07:54:00,401.13,success,6.02
7457,4154,2023-03-15 07:54:00,317.65,success,4.76
7458,4154,2023-02-03 07:54:00,371.02,success,5.57
7459,4154,2023-01-25 07:54:00,289.38,success,4.34
7460,4154,2023-01-22 07:54:00,254.56,success,3.82
7461,4154,2023-02-07 07:54:00,640.41,failed,0.0
7462,4154,2023-02-17 07:54:00,14.42,success,0.22
7463,4159,2023-07-09 05:57:00,1966.48,success,29.5
7464,4161,2024-05-03 16:58:00,1364.91,success,20.47
7465,4161,2024-05-01 16:58:00,11.87,success,0.18
7466,4161,2024-03-23 16:58:00,246.73,success,3.7
7467,4162,2023-04-07 06:27:00,1285.96,success,19.29
7468,4162,2023-02-19 06:27:00,14.3,success,0.21
7469,4162,2023-04-19 06:27:00,13.69,success,0.21
7470,4162,2023-01-24 06:27:00,158.28,success,2.37
7471,4162,2023-03-25 06:27:00,7.83,failed,0.0
7472,4162,2023-02-09 06:27:00,298.35,success,4.48
7473,4162,2023-03-24 06:27:00,16.57,success,0.25
7474,4162,2023-03-09 06:27:00,9.05,failed,0.0
7475,4163,2023-04-28 21:55:00,9.72,success,0.15
7476,4163,2023-04-22 21:55:00,17.04,success,0.26
7477,4164,2023-09-29 19:35:00,487.38,success,7.31
7478,4165,2023-08-31 18:03:00,17.19,failed,0.0
7479,4165,2023-10-09 18:03:00,7.61,success,0.11
7480,4165,2023-10-04 18:03:00,19.78,success,0.3
7481,4165,2023-09-18 18:03:00,9.79,success,0.15
7482,4165,2023-08-28 18:03:00,420.27,success,6.3
7483,4165,2023-09-18 18:03:00,8.95,success,0.13
7484,4165,2023-09-10 18:03:00,1487.05,success,22.31
7485,4168,2023-10-25 23:07:00,17.02,success,0.26
7486,4168,2023-11-24 23:07:00,18.93,success,0.28
7487,4168,2023-09-20 23:07:00,383.44,success,5.75
7488,4168,2023-09-23 23:07:00,1432.86,failed,0.0
7489,4168,2023-09-06 23:07:00,393.2,success,5.9
7490,4168,2023-11-13 23:07:00,532.51,failed,0.0
7491,4169,2024-02-17 23:42:00,12.04,success,0.18
7492,4169,2024-01-28 23:42:00,984.21,success,14.76
7493,4172,2025-01-30 18:13:00,1581.39,success,23.72
7494,4172,2025-01-05 18:13:00,651.32,success,9.77
7495,4172,2024-11-14 18:13:00,13.45,success,0.2
7496,4172,2025-01-17 18:13:00,191.86,success,2.88
7497,4172,2024-11-19 18:13:00,131.52,success,1.97
7498,4172,2024-12-30 18:13:00,18.09,success,0.27
7499,4174,2024-01-02 18:53:00,1302.27,success,19.53
7500,4174,2024-01-09 18:53:00,15.1,failed,0.0
7501,4174,2024-02-15 18:53:00,218.39,success,3.28
7502,4174,2024-01-01 18:53:00,1830.76,success,27.46
7503,4180,2023-10-11 20:25:00,592.56,success,8.89
7504,4180,2023-12-04 20:25:00,8.11,success,0.12
7505,4180,2023-12-19 20:25:00,338.15,success,5.07
7506,4181,2024-12-14 04:43:00,128.97,success,1.93
7507,4181,2024-11-16 04:43:00,17.89,success,0.27
7508,4181,2024-11-24 04:43:00,1268.97,success,19.03
7509,4181,2024-11-17 04:43:00,100.09,success,1.5
7510,4186,2023-04-26 17:26:00,10.77,success,0.16
7511,4186,2023-06-03 17:26:00,1378.4,failed,0.0
7512,4186,2023-04-08 17:26:00,12.41,success,0.19
7513,4186,2023-05-18 17:26:00,157.48,failed,0.0
7514,4186,2023-05-29 17:26:00,225.05,success,3.38
7515,4186,2023-06-03 17:26:00,1486.56,success,22.3
7516,4186,2023-03-19 17:26:00,19.1,success,0.29
7517,4186,2023-05-15 17:26:00,15.14,success,0.23
7518,4188,2024-03-15 21:19:00,17.33,success,0.26
7519,4188,2024-03-18 21:19:00,487.31,success,7.31
7520,4188,2024-03-16 21:19:00,157.12,success,2.36
7521,4188,2024-02-14 21:19:00,8.57,success,0.13
7522,4188,2024-02-15 21:19:00,6.43,success,0.1
7523,4188,2024-02-08 21:19:00,15.38,success,0.23
7524,4192,2024-12-04 23:35:00,498.18,success,7.47
7525,4192,2024-11-25 23:35:00,1705.95,success,25.59
7526,4192,2025-01-08 23:35:00,14.44,success,0.22
7527,4192,2024-11-18 23:35:00,1123.24,success,16.85
7528,4192,2025-01-01 23:35:00,65.53,success,0.98
7529,4192,2024-11-12 23:35:00,17.64,success,0.26
7530,4192,2025-01-25 23:35:00,486.21,success,7.29
7531,4192,2024-12-18 23:35:00,12.68,success,0.19
7532,4193,2023-12-28 02:23:00,460.93,success,6.91
7533,4194,2024-11-28 07:50:00,273.68,success,4.11
7534,4194,2024-10-15 07:50:00,1740.01,success,26.1
7535,4194,2024-12-10 07:50:00,11.75,success,0.18
7536,4194,2024-11-23 07:50:00,1623.49,success,24.35
7537,4194,2024-10-19 07:50:00,137.05,success,2.06
7538,4194,2024-12-01 07:50:00,204.31,success,3.06
7539,4200,2023-02-09 16:30:00,1001.45,failed,0.0
7540,4200,2023-04-25 16:30:00,15.07,success,0.23
7541,4201,2023-10-28 17:41:00,15.96,success,0.24
7542,4201,2023-11-03 17:41:00,644.14,failed,0.0
7543,4201,2023-10-09 17:41:00,210.53,success,3.16
7544,4201,2023-10-13 17:41:00,783.72,success,11.76
7545,4201,2023-09-21 17:41:00,12.01,success,0.18
7546,4201,2023-10-24 17:41:00,589.94,success,8.85
7547,4203,2024-12-31 06:59:00,13.72,success,0.21
7548,4203,2024-11-02 06:59:00,1105.23,success,16.58
7549,4203,2024-12-09 06:59:00,1753.93,success,26.31
7550,4206,2023-10-22 00:28:00,1576.61,failed,0.0
7551,4215,2024-08-21 08:50:00,1994.88,success,29.92
7552,4215,2024-09-28 08:50:00,1252.82,success,18.79
7553,4215,2024-09-19 08:50:00,544.22,failed,0.0
7554,4215,2024-08-09 08:50:00,1725.46,success,25.88
7555,4215,2024-11-02 08:50:00,1518.34,failed,0.0
7556,4219,2024-12-03 18:27:00,1412.32,success,21.18
7557,4219,2025-01-25 18:27:00,1518.25,success,22.77
7558,4219,2025-01-09 18:27:00,1363.03,success,20.45
7559,4219,2024-11-19 18:27:00,467.38,success,7.01
7560,4219,2025-01-19 18:27:00,768.7,success,11.53
7561,4220,2023-09-30 21:59:00,870.1,success,13.05
7562,4220,2023-11-19 21:59:00,5.86,success,0.09
7563,4221,2025-01-15 11:56:00,1114.53,success,16.72
7564,4221,2025-01-12 11:56:00,14.04,success,0.21
7565,4221,2024-11-13 11:56:00,11.96,success,0.18
7566,4221,2024-11-30 11:56:00,9.0,success,0.14
7567,4221,2024-11-14 11:56:00,1161.05,success,17.42
7568,4221,2024-12-10 11:56:00,10.35,success,0.16
7569,4221,2025-01-06 11:56:00,182.15,success,2.73
7570,4221,2024-11-30 11:56:00,431.2,success,6.47
7571,4225,2023-11-25 10:17:00,508.07,success,7.62
7572,4225,2023-11-29 10:17:00,710.93,success,10.66
7573,4225,2023-11-22 10:17:00,5.43,success,0.08
7574,4225,2024-01-21 10:17:00,1045.83,success,15.69
7575,4225,2024-01-22 10:17:00,552.7,success,8.29
7576,4225,2024-01-16 10:17:00,406.78,success,6.1
7577,4225,2023-12-06 10:17:00,8.02,success,0.12
7578,4225,2024-01-28 10:17:00,69.26,success,1.04
7579,4226,2024-06-04 22:33:00,317.4,success,4.76
7580,4226,2024-06-01 22:33:00,14.57,failed,0.0
7581,4226,2024-08-15 22:33:00,17.77,success,0.27
7582,4226,2024-06-30 22:33:00,14.18,success,0.21
7583,4226,2024-07-23 22:33:00,6.21,success,0.09
7584,4228,2023-12-03 20:43:00,1125.69,success,16.89
7585,4228,2024-01-25 20:43:00,1978.39,success,29.68
7586,4228,2023-11-25 20:43:00,599.45,success,8.99
7587,4228,2024-02-10 20:43:00,312.49,success,4.69
7588,4228,2023-12-14 20:43:00,82.23,failed,0.0
7589,4228,2023-11-30 20:43:00,454.36,success,6.82
7590,4228,2023-12-01 20:43:00,310.72,success,4.66
7591,4228,2023-12-23 20:43:00,316.5,failed,0.0
7592,4230,2023-02-13 12:36:00,113.66,success,1.7
7593,4230,2023-04-13 12:36:00,17.84,success,0.27
7594,4230,2023-01-19 12:36:00,16.05,success,0.24
7595,4230,2023-03-25 12:36:00,197.56,success,2.96
7596,4230,2023-03-26 12:36:00,1530.12,success,22.95
7597,4230,2023-01-25 12:36:00,1647.63,success,24.71
7598,4230,2023-02-07 12:36:00,90.35,success,1.36
7599,4231,2024-08-15 10:10:00,161.84,success,2.43
7600,4231,2024-09-12 10:10:00,346.3,success,5.19
7601,4231,2024-09-23 10:10:00,1251.54,success,18.77
7602,4231,2024-07-06 10:10:00,478.03,failed,0.0
7603,4234,2024-07-08 09:34:00,381.46,success,5.72
7604,4234,2024-05-10 09:34:00,492.17,success,7.38
7605,4235,2024-02-12 21:02:00,19.52,success,0.29
7606,4235,2024-02-08 21:02:00,10.95,success,0.16
7607,4235,2024-01-31 21:02:00,160.24,success,2.4
7608,4235,2024-02-25 21:02:00,11.46,success,0.17
7609,4235,2024-02-23 21:02:00,375.19,success,5.63
7610,4235,2024-02-08 21:02:00,295.92,success,4.44
7611,4237,2024-03-09 02:38:00,1447.01,success,21.71
7612,4237,2024-03-05 02:38:00,17.62,success,0.26
7613,4237,2023-12-30 02:38:00,409.26,success,6.14
7614,4237,2024-01-20 02:38:00,192.63,success,2.89
7615,4238,2023-08-01 05:27:00,16.18,failed,0.0
7616,4238,2023-07-18 05:27:00,411.59,failed,0.0
7617,4238,2023-08-09 05:27:00,1792.75,success,26.89
7618,4238,2023-06-13 05:27:00,1827.21,success,27.41
7619,4238,2023-08-17 05:27:00,259.97,success,3.9
7620,4238,2023-08-04 05:27:00,187.23,success,2.81
7621,4238,2023-08-28 05:27:00,15.46,success,0.23
7622,4246,2023-05-02 16:54:00,1901.71,success,28.53
7623,4246,2023-05-02 16:54:00,1538.51,success,23.08
7624,4246,2023-05-18 16:54:00,1610.78,success,24.16
7625,4246,2023-05-12 16:54:00,1354.27,success,20.31
7626,4246,2023-04-09 16:54:00,1062.83,success,15.94
7627,4246,2023-04-18 16:54:00,1276.75,success,19.15
7628,4252,2024-08-17 01:20:00,8.6,failed,0.0
7629,4252,2024-08-17 01:20:00,16.08,success,0.24
7630,4252,2024-09-21 01:20:00,16.11,success,0.24
7631,4252,2024-08-06 01:20:00,1028.46,failed,0.0
7632,4252,2024-10-26 01:20:00,16.92,success,0.25
7633,4252,2024-09-06 01:20:00,1243.06,success,18.65
7634,4252,2024-10-03 01:20:00,16.32,success,0.24
7635,4252,2024-09-26 01:20:00,233.41,success,3.5
7636,4253,2023-09-12 16:06:00,8.41,success,0.13
7637,4253,2023-08-23 16:06:00,1153.32,success,17.3
7638,4253,2023-10-19 16:06:00,104.93,success,1.57
7639,4253,2023-11-03 16:06:00,1894.39,success,28.42
7640,4253,2023-08-30 16:06:00,7.61,success,0.11
7641,4253,2023-11-10 16:06:00,11.5,success,0.17
7642,4254,2025-03-02 18:58:00,320.55,success,4.81
7643,4254,2025-03-06 18:58:00,483.09,success,7.25
7644,4254,2025-01-12 18:58:00,1352.3,success,20.28
7645,4254,2024-12-27 18:58:00,1561.47,failed,0.0
7646,4254,2024-12-19 18:58:00,342.5,failed,0.0
7647,4254,2024-12-15 18:58:00,160.49,success,2.41
7648,4254,2025-01-25 18:58:00,1615.05,success,24.23
7649,4256,2023-03-05 14:35:00,986.89,success,14.8
7650,4256,2023-01-28 14:35:00,922.24,failed,0.0
7651,4256,2023-02-16 14:35:00,141.87,failed,0.0
7652,4256,2023-03-19 14:35:00,17.58,success,0.26
7653,4256,2023-03-25 14:35:00,1743.41,success,26.15
7654,4256,2023-03-08 14:35:00,539.21,failed,0.0
7655,4256,2023-04-11 14:35:00,120.18,success,1.8
7656,4256,2023-01-29 14:35:00,391.63,success,5.87
7657,4260,2024-03-09 12:23:00,6.42,success,0.1
7658,4260,2024-03-01 12:23:00,1678.28,failed,0.0
7659,4260,2024-02-09 12:23:00,1927.84,success,28.92
7660,4260,2024-01-22 12:23:00,1359.3,success,20.39
7661,4260,2024-02-21 12:23:00,201.35,success,3.02
7662,4260,2024-01-04 12:23:00,243.46,failed,0.0
7663,4260,2024-01-30 12:23:00,1395.24,success,20.93
7664,4260,2024-02-07 12:23:00,448.97,success,6.73
7665,4261,2023-09-30 06:20:00,497.94,success,7.47
7666,4262,2024-12-18 09:05:00,179.74,success,2.7
7667,4262,2025-03-01 09:05:00,18.89,success,0.28
7668,4262,2024-12-24 09:05:00,7.6,success,0.11
7669,4262,2024-12-24 09:05:00,1097.02,success,16.46
7670,4262,2025-01-11 09:05:00,1981.28,failed,0.0
7671,4262,2025-01-23 09:05:00,16.66,success,0.25
7672,4269,2024-09-05 18:23:00,1370.28,success,20.55
7673,4269,2024-09-18 18:23:00,1800.51,success,27.01
7674,4269,2024-09-25 18:23:00,10.19,success,0.15
7675,4269,2024-09-01 18:23:00,160.68,success,2.41
7676,4269,2024-10-14 18:23:00,572.89,success,8.59
7677,4269,2024-08-03 18:23:00,1221.04,success,18.32
7678,4269,2024-09-24 18:23:00,194.32,success,2.91
7679,4270,2024-04-16 12:07:00,697.58,success,10.46
7680,4270,2024-06-27 12:07:00,15.64,success,0.23
7681,4270,2024-05-26 12:07:00,251.38,success,3.77
7682,4271,2024-09-13 20:50:00,192.21,success,2.88
7683,4271,2024-08-15 20:50:00,8.1,success,0.12
7684,4271,2024-06-28 20:50:00,337.97,success,5.07
7685,4272,2024-06-02 11:24:00,1728.29,success,25.92
7686,4272,2024-04-13 11:24:00,464.87,success,6.97
7687,4272,2024-05-31 11:24:00,783.2,success,11.75
7688,4272,2024-05-21 11:24:00,239.03,success,3.59
7689,4272,2024-06-03 11:24:00,133.05,success,2.0
7690,4272,2024-05-07 11:24:00,616.39,failed,0.0
7691,4272,2024-04-19 11:24:00,486.41,success,7.3
7692,4272,2024-04-16 11:24:00,1302.35,success,19.54
7693,4274,2024-03-14 00:00:00,1665.52,success,24.98
7694,4274,2024-01-27 00:00:00,406.13,failed,0.0
7695,4274,2024-01-25 00:00:00,1129.8,success,16.95
7696,4274,2024-01-24 00:00:00,223.3,success,3.35
7697,4274,2024-02-14 00:00:00,16.06,success,0.24
7698,4274,2024-02-16 00:00:00,18.37,success,0.28
7699,4274,2024-01-12 00:00:00,410.15,success,6.15
7700,4274,2024-03-19 00:00:00,909.96,failed,0.0
7701,4275,2024-03-21 03:15:00,15.65,success,0.23
7702,4275,2024-05-11 03:15:00,1569.43,success,23.54
7703,4275,2024-03-16 03:15:00,13.99,success,0.21
7704,4276,2023-08-01 21:00:00,171.34,success,2.57
7705,4276,2023-09-13 21:00:00,1930.33,failed,0.0
7706,4276,2023-10-23 21:00:00,234.34,success,3.52
7707,4276,2023-09-12 21:00:00,978.55,success,14.68
7708,4276,2023-08-04 21:00:00,14.82,success,0.22
7709,4289,2024-05-16 13:49:00,1964.67,failed,0.0
7710,4289,2024-07-11 13:49:00,492.05,success,7.38
7711,4289,2024-08-08 13:49:00,288.14,success,4.32
7712,4289,2024-06-04 13:49:00,557.24,success,8.36
7713,4291,2023-05-15 07:27:00,433.6,success,6.5
7714,4291,2023-06-21 07:27:00,1956.26,success,29.34
7715,4291,2023-06-25 07:27:00,18.85,success,0.28
7716,4291,2023-04-21 07:27:00,375.75,success,5.64
7717,4294,2023-05-06 06:05:00,999.96,success,15.0
7718,4294,2023-03-27 06:05:00,65.64,success,0.98
7719,4294,2023-05-04 06:05:00,291.61,success,4.37
7720,4294,2023-04-29 06:05:00,9.17,success,0.14
7721,4294,2023-02-28 06:05:00,52.1,success,0.78
7722,4294,2023-04-28 06:05:00,98.03,success,1.47
7723,4294,2023-05-20 06:05:00,9.99,success,0.15
7724,4295,2024-12-01 11:29:00,186.85,success,2.8
7725,4295,2024-12-15 11:29:00,421.16,success,6.32
7726,4295,2025-01-06 11:29:00,211.62,success,3.17
7727,4295,2024-12-31 11:29:00,493.22,success,7.4
7728,4295,2025-01-07 11:29:00,10.57,success,0.16
7729,4295,2024-11-27 11:29:00,5.27,success,0.08
7730,4295,2025-01-04 11:29:00,419.86,success,6.3
7731,4303,2023-07-23 18:28:00,65.31,success,0.98
7732,4303,2023-06-09 18:28:00,167.52,failed,0.0
7733,4303,2023-07-03 18:28:00,1500.06,success,22.5
7734,4303,2023-07-22 18:28:00,821.75,success,12.33
7735,4303,2023-06-20 18:28:00,175.73,success,2.64
7736,4306,2024-11-30 07:17:00,812.92,success,12.19
7737,4306,2024-12-23 07:17:00,1855.35,success,27.83
7738,4306,2024-11-28 07:17:00,1415.39,success,21.23
7739,4306,2024-10-23 07:17:00,1063.74,success,15.96
7740,4306,2024-12-08 07:17:00,236.52,failed,0.0
7741,4309,2023-10-01 22:31:00,1119.35,success,16.79
7742,4309,2023-08-12 22:31:00,73.64,failed,0.0
7743,4311,2024-03-08 15:42:00,10.61,success,0.16
7744,4311,2024-02-21 15:42:00,8.31,success,0.12
7745,4311,2024-02-18 15:42:00,13.39,failed,0.0
7746,4311,2024-02-23 15:42:00,898.51,success,13.48
7747,4316,2023-11-01 05:50:00,1543.81,success,23.16
7748,4316,2023-11-12 05:50:00,212.32,success,3.18
7749,4318,2025-02-07 15:26:00,331.29,success,4.97
7750,4318,2025-01-21 15:26:00,1283.87,success,19.26
7751,4318,2025-01-22 15:26:00,13.53,success,0.2
7752,4318,2024-12-31 15:26:00,9.59,success,0.14
7753,4318,2025-02-08 15:26:00,6.89,success,0.1
7754,4319,2024-03-11 20:37:00,1959.73,failed,0.0
7755,4319,2024-05-05 20:37:00,11.35,success,0.17
7756,4319,2024-04-24 20:37:00,197.08,success,2.96
7757,4322,2023-12-16 01:05:00,1370.18,success,20.55
7758,4322,2023-11-11 01:05:00,111.88,success,1.68
7759,4322,2024-02-03 01:05:00,17.03,success,0.26
7760,4322,2024-01-24 01:05:00,16.17,success,0.24
7761,4322,2023-12-02 01:05:00,9.97,success,0.15
7762,4322,2023-11-21 01:05:00,542.69,success,8.14
7763,4325,2024-07-12 18:29:00,13.16,success,0.2
7764,4325,2024-05-17 18:29:00,667.3,failed,0.0
7765,4325,2024-06-21 18:29:00,10.9,success,0.16
7766,4326,2023-12-11 14:22:00,18.28,failed,0.0
7767,4326,2024-02-03 14:22:00,11.07,success,0.17
7768,4326,2024-01-03 14:22:00,1160.42,success,17.41
7769,4327,2024-04-06 00:33:00,187.55,success,2.81
7770,4328,2023-10-21 05:10:00,1069.43,success,16.04
7771,4328,2023-09-08 05:10:00,251.0,failed,0.0
7772,4328,2023-08-15 05:10:00,780.41,success,11.71
7773,4328,2023-09-06 05:10:00,6.07,success,0.09
7774,4328,2023-10-11 05:10:00,255.71,success,3.84
7775,4330,2024-03-06 15:29:00,19.06,failed,0.0
7776,4330,2024-04-09 15:29:00,13.64,success,0.2
7777,4330,2024-03-17 15:29:00,7.34,success,0.11
7778,4330,2024-04-10 15:29:00,14.85,success,0.22
7779,4330,2024-02-12 15:29:00,1735.8,failed,0.0
7780,4330,2024-04-20 15:29:00,13.01,failed,0.0
7781,4330,2024-03-26 15:29:00,1980.49,success,29.71
7782,4335,2023-11-01 04:53:00,1843.17,success,27.65
7783,4335,2023-11-24 04:53:00,145.49,failed,0.0
7784,4335,2023-11-03 04:53:00,994.1,success,14.91
7785,4335,2023-11-03 04:53:00,15.05,success,0.23
7786,4335,2023-11-19 04:53:00,987.63,success,14.81
7787,4335,2023-11-27 04:53:00,81.8,success,1.23
7788,4335,2023-12-04 04:53:00,17.79,success,0.27
7789,4336,2023-12-30 14:42:00,12.62,success,0.19
7790,4336,2024-02-06 14:42:00,318.15,success,4.77
7791,4336,2024-02-05 14:42:00,1587.14,success,23.81
7792,4336,2024-01-06 14:42:00,5.01,success,0.08
7793,4336,2024-02-21 14:42:00,11.85,success,0.18
7794,4336,2024-01-23 14:42:00,116.82,failed,0.0
7795,4336,2023-12-29 14:42:00,1989.89,success,29.85
7796,4336,2024-01-21 14:42:00,451.57,success,6.77
7797,4342,2023-04-14 21:28:00,1086.39,success,16.3
7798,4342,2023-05-05 21:28:00,55.32,success,0.83
7799,4342,2023-03-23 21:28:00,1944.86,success,29.17
7800,4342,2023-03-05 21:28:00,373.91,success,5.61
7801,4342,2023-02-18 21:28:00,246.35,success,3.7
7802,4342,2023-04-18 21:28:00,436.31,success,6.54
7803,4342,2023-02-25 21:28:00,10.79,success,0.16
7804,4344,2023-04-21 10:57:00,622.28,success,9.33
7805,4344,2023-05-11 10:57:00,1902.34,success,28.54
7806,4344,2023-03-08 10:57:00,6.3,failed,0.0
7807,4344,2023-04-23 10:57:00,1496.92,failed,0.0
7808,4344,2023-03-19 10:57:00,283.28,success,4.25
7809,4344,2023-05-19 10:57:00,239.72,success,3.6
7810,4344,2023-04-27 10:57:00,1891.23,failed,0.0
7811,4346,2024-06-15 20:50:00,5.8,success,0.09
7812,4346,2024-05-03 20:50:00,316.46,success,4.75
7813,4346,2024-06-05 20:50:00,1737.06,success,26.06
7814,4346,2024-06-24 20:50:00,1817.25,success,27.26
7815,4349,2023-03-03 08:24:00,88.52,success,1.33
7816,4349,2023-02-01 08:24:00,286.72,success,4.3
7817,4349,2023-03-12 08:24:00,12.51,success,0.19
7818,4349,2023-01-28 08:24:00,7.91,success,0.12
7819,4351,2024-10-29 05:35:00,12.77,success,0.19
7820,4351,2024-09-08 05:35:00,19.96,success,0.3
7821,4351,2024-09-11 05:35:00,13.42,success,0.2
7822,4356,2024-05-15 17:45:00,5.16,success,0.08
7823,4356,2024-03-25 17:45:00,1316.22,failed,0.0
7824,4356,2024-04-10 17:45:00,10.01,success,0.15
7825,4356,2024-04-21 17:45:00,5.6,success,0.08
7826,4356,2024-04-01 17:45:00,19.01,success,0.29
7827,4356,2024-04-15 17:45:00,1984.62,success,29.77
7828,4356,2024-05-12 17:45:00,1779.51,success,26.69
7829,4356,2024-03-11 17:45:00,13.89,success,0.21
7830,4357,2024-08-07 00:59:00,260.91,success,3.91
7831,4357,2024-09-10 00:59:00,605.67,failed,0.0
7832,4357,2024-10-03 00:59:00,5.58,success,0.08
7833,4357,2024-07-31 00:59:00,7.63,success,0.11
7834,4357,2024-08-08 00:59:00,183.18,failed,0.0
7835,4357,2024-10-12 00:59:00,6.72,success,0.1
7836,4362,2024-09-13 08:45:00,14.23,success,0.21
7837,4367,2023-10-04 22:48:00,1719.77,success,25.8
7838,4367,2023-08-03 22:48:00,1027.34,success,15.41
7839,4367,2023-09-04 22:48:00,13.01,failed,0.0
7840,4367,2023-08-11 22:48:00,164.26,success,2.46
7841,4368,2023-03-24 23:25:00,16.01,failed,0.0
7842,4368,2023-03-09 23:25:00,994.48,success,14.92
7843,4368,2023-01-20 23:25:00,64.02,success,0.96
7844,4368,2023-03-04 23:25:00,7.99,success,0.12
7845,4368,2023-04-07 23:25:00,17.87,success,0.27
7846,4369,2024-12-26 13:06:00,443.41,success,6.65
7847,4369,2025-02-04 13:06:00,1884.05,success,28.26
7848,4369,2024-12-28 13:06:00,431.05,success,6.47
7849,4369,2025-03-14 13:06:00,13.06,success,0.2
7850,4369,2025-01-30 13:06:00,746.02,success,11.19
7851,4369,2025-01-26 13:06:00,11.99,success,0.18
7852,4369,2025-01-28 13:06:00,6.41,success,0.1
7853,4373,2023-05-11 21:07:00,1630.25,success,24.45
7854,4373,2023-06-11 21:07:00,90.64,success,1.36
7855,4373,2023-05-30 21:07:00,201.17,success,3.02
7856,4374,2024-07-18 02:40:00,166.69,success,2.5
7857,4374,2024-06-28 02:40:00,6.24,success,0.09
7858,4374,2024-09-04 02:40:00,10.66,success,0.16
7859,4376,2023-03-17 04:07:00,176.14,success,2.64
7860,4376,2023-04-03 04:07:00,14.1,success,0.21
7861,4379,2024-02-08 17:25:00,461.21,failed,0.0
7862,4381,2025-01-14 11:54:00,61.34,success,0.92
7863,4381,2024-12-28 11:54:00,1894.41,success,28.42
7864,4381,2025-02-18 11:54:00,186.29,success,2.79
7865,4381,2025-02-09 11:54:00,12.08,success,0.18
7866,4381,2025-02-13 11:54:00,379.83,success,5.7
7867,4381,2025-01-20 11:54:00,808.7,success,12.13
7868,4381,2025-02-02 11:54:00,372.38,success,5.59
7869,4381,2025-01-10 11:54:00,448.55,success,6.73
7870,4382,2024-08-30 09:27:00,451.95,success,6.78
7871,4382,2024-07-18 09:27:00,301.8,failed,0.0
7872,4382,2024-08-29 09:27:00,7.38,success,0.11
7873,4384,2023-04-25 10:20:00,411.9,success,6.18
7874,4384,2023-05-03 10:20:00,15.43,failed,0.0
7875,4386,2023-08-10 22:14:00,89.83,success,1.35
7876,4386,2023-08-14 22:14:00,17.1,success,0.26
7877,4386,2023-09-13 22:14:00,194.71,success,2.92
7878,4386,2023-07-19 22:14:00,13.15,success,0.2
7879,4386,2023-10-01 22:14:00,456.42,failed,0.0
7880,4386,2023-09-02 22:14:00,863.32,success,12.95
7881,4386,2023-09-22 22:14:00,708.75,failed,0.0
7882,4386,2023-07-11 22:14:00,378.31,success,5.67
7883,4387,2024-10-22 19:12:00,458.54,success,6.88
7884,4387,2024-09-15 19:12:00,259.11,failed,0.0
7885,4387,2024-12-02 19:12:00,6.77,success,0.1
7886,4387,2024-10-27 19:12:00,587.56,success,8.81
7887,4387,2024-11-19 19:12:00,12.39,success,0.19
7888,4387,2024-10-04 19:12:00,173.48,success,2.6
7889,4387,2024-09-14 19:12:00,1954.17,failed,0.0
7890,4391,2023-06-18 06:00:00,8.24,failed,0.0
7891,4391,2023-05-05 06:00:00,15.68,failed,0.0
7892,4391,2023-06-06 06:00:00,750.44,success,11.26
7893,4395,2024-04-10 13:34:00,10.69,success,0.16
7894,4395,2024-01-14 13:34:00,78.51,success,1.18
7895,4395,2024-03-25 13:34:00,1094.36,failed,0.0
7896,4395,2024-03-23 13:34:00,496.17,success,7.44
7897,4395,2024-04-02 13:34:00,18.31,success,0.27
7898,4395,2024-02-15 13:34:00,462.38,success,6.94
7899,4402,2024-11-05 19:03:00,12.19,success,0.18
7900,4402,2024-11-24 19:03:00,135.43,success,2.03
7901,4402,2024-10-26 19:03:00,425.62,success,6.38
7902,4402,2024-10-08 19:03:00,17.67,success,0.27
7903,4402,2024-11-30 19:03:00,14.94,success,0.22
7904,4404,2024-10-30 14:36:00,239.57,success,3.59
7905,4404,2024-10-03 14:36:00,993.15,success,14.9
7906,4404,2024-12-02 14:36:00,11.29,success,0.17
7907,4404,2024-11-19 14:36:00,9.39,success,0.14
7908,4404,2024-11-11 14:36:00,543.47,success,8.15
7909,4404,2024-10-16 14:36:00,8.72,success,0.13
7910,4406,2024-04-15 20:15:00,19.62,success,0.29
7911,4406,2024-05-06 20:15:00,1396.41,success,20.95
7912,4406,2024-05-14 20:15:00,9.57,success,0.14
7913,4406,2024-03-16 20:15:00,17.38,success,0.26
7914,4406,2024-05-16 20:15:00,94.6,success,1.42
7915,4406,2024-05-04 20:15:00,410.91,success,6.16
7916,4406,2024-03-06 20:15:00,8.36,success,0.13
7917,4407,2024-01-27 00:29:00,260.27,failed,0.0
7918,4407,2024-03-21 00:29:00,1754.65,success,26.32
7919,4409,2024-02-23 08:01:00,13.12,success,0.2
7920,4409,2024-01-24 08:01:00,14.67,success,0.22
7921,4409,2024-02-18 08:01:00,1394.86,success,20.92
7922,4409,2024-03-02 08:01:00,8.09,failed,0.0
7923,4409,2024-02-23 08:01:00,15.41,success,0.23
7924,4409,2024-01-15 08:01:00,332.3,success,4.98
7925,4409,2024-01-04 08:01:00,444.54,success,6.67
7926,4409,2024-03-09 08:01:00,208.7,success,3.13
7927,4412,2025-02-12 16:07:00,164.66,success,2.47
7928,4412,2025-02-23 16:07:00,433.69,success,6.51
7929,4412,2025-02-14 16:07:00,5.55,success,0.08
7930,4412,2024-12-23 16:07:00,363.48,success,5.45
7931,4412,2025-01-23 16:07:00,132.74,success,1.99
7932,4414,2023-12-12 18:34:00,16.09,success,0.24
7933,4414,2024-01-06 18:34:00,1621.22,success,24.32
7934,4414,2024-03-09 18:34:00,1045.95,success,15.69
7935,4414,2024-01-22 18:34:00,14.8,success,0.22
7936,4414,2024-02-01 18:34:00,519.38,success,7.79
7937,4414,2024-03-06 18:34:00,18.53,success,0.28
7938,4415,2025-03-08 11:40:00,17.24,success,0.26
7939,4415,2025-03-08 11:40:00,818.32,failed,0.0
7940,4415,2025-03-14 11:40:00,7.71,failed,0.0
7941,4415,2025-01-12 11:40:00,14.63,failed,0.0
7942,4415,2024-12-23 11:40:00,7.77,success,0.12
7943,4415,2025-01-31 11:40:00,245.57,failed,0.0
7944,4415,2025-03-18 11:40:00,5.93,success,0.09
7945,4415,2025-03-11 11:40:00,1780.23,success,26.7
7946,4416,2024-06-19 04:54:00,868.88,success,13.03
7947,4416,2024-05-11 04:54:00,615.69,success,9.24
7948,4416,2024-05-25 04:54:00,1156.47,success,17.35
7949,4416,2024-05-22 04:54:00,1178.41,success,17.68
7950,4416,2024-06-18 04:54:00,1476.55,success,22.15
7951,4417,2023-05-25 17:05:00,795.75,success,11.94
7952,4417,2023-04-07 17:05:00,1029.47,failed,0.0
7953,4417,2023-04-08 17:05:00,458.74,success,6.88
7954,4417,2023-06-03 17:05:00,14.95,success,0.22
7955,4417,2023-05-26 17:05:00,299.41,success,4.49
7956,4417,2023-06-14 17:05:00,7.73,success,0.12
7957,4417,2023-05-04 17:05:00,467.81,success,7.02
7958,4419,2024-01-27 18:39:00,950.84,success,14.26
7959,4419,2024-01-07 18:39:00,16.86,failed,0.0
7960,4419,2024-01-21 18:39:00,13.04,success,0.2
7961,4419,2024-02-13 18:39:00,566.48,success,8.5
7962,4420,2023-06-04 08:50:00,1239.6,success,18.59
7963,4420,2023-04-02 08:50:00,1161.99,success,17.43
7964,4420,2023-04-07 08:50:00,1429.76,success,21.45
7965,4420,2023-06-14 08:50:00,1624.24,success,24.36
7966,4420,2023-06-09 08:50:00,1348.91,success,20.23
7967,4420,2023-06-10 08:50:00,1939.97,success,29.1
7968,4420,2023-05-08 08:50:00,219.99,success,3.3
7969,4422,2023-04-28 12:28:00,1094.51,success,16.42
7970,4422,2023-03-19 12:28:00,360.72,success,5.41
7971,4422,2023-03-25 12:28:00,1987.12,success,29.81
7972,4422,2023-02-09 12:28:00,268.18,success,4.02
7973,4422,2023-03-20 12:28:00,661.89,success,9.93
7974,4423,2024-05-26 13:48:00,16.8,success,0.25
7975,4423,2024-06-24 13:48:00,9.4,success,0.14
7976,4423,2024-07-15 13:48:00,112.79,failed,0.0
7977,4423,2024-05-14 13:48:00,10.77,failed,0.0
7978,4428,2024-11-15 01:36:00,12.26,success,0.18
7979,4428,2024-11-17 01:36:00,236.4,success,3.55
7980,4428,2025-01-19 01:36:00,1466.21,success,21.99
7981,4428,2025-01-10 01:36:00,1232.93,success,18.49
7982,4428,2024-11-02 01:36:00,8.64,failed,0.0
7983,4428,2024-12-26 01:36:00,270.0,success,4.05
7984,4431,2023-10-18 04:34:00,1673.09,success,25.1
7985,4431,2023-10-20 04:34:00,9.86,success,0.15
7986,4431,2023-08-09 04:34:00,1983.62,success,29.75
7987,4438,2024-11-20 04:22:00,11.21,success,0.17
7988,4438,2024-11-26 04:22:00,5.97,success,0.09
7989,4438,2024-10-13 04:22:00,495.85,success,7.44
7990,4440,2024-05-28 18:29:00,8.14,success,0.12
7991,4440,2024-07-23 18:29:00,103.04,success,1.55
7992,4440,2024-07-24 18:29:00,794.16,success,11.91
7993,4440,2024-08-23 18:29:00,259.87,success,3.9
7994,4443,2025-03-07 15:41:00,349.02,failed,0.0
7995,4443,2025-02-26 15:41:00,1843.9,success,27.66
7996,4444,2023-03-08 20:03:00,1274.0,failed,0.0
7997,4444,2023-01-23 20:03:00,1099.92,success,16.5
7998,4444,2023-02-11 20:03:00,10.01,success,0.15
7999,4444,2023-02-13 20:03:00,12.57,failed,0.0
8000,4444,2023-04-15 20:03:00,1734.72,success,26.02
8001,4444,2023-04-10 20:03:00,282.5,failed,0.0
8002,4444,2023-01-31 20:03:00,72.15,success,1.08
8003,4446,2024-12-20 14:23:00,103.41,success,1.55
8004,4446,2024-11-12 14:23:00,213.97,success,3.21
8005,4447,2023-11-28 20:24:00,8.31,success,0.12
8006,4447,2024-01-23 20:24:00,147.89,success,2.22
8007,4447,2023-12-15 20:24:00,9.82,success,0.15
8008,4447,2023-12-15 20:24:00,11.3,failed,0.0
8009,4447,2024-02-04 20:24:00,487.14,success,7.31
8010,4447,2024-01-20 20:24:00,251.5,success,3.77
8011,4447,2024-01-14 20:24:00,9.03,success,0.14
8012,4447,2023-12-15 20:24:00,161.36,success,2.42
8013,4450,2024-02-26 14:34:00,13.25,failed,0.0
8014,4450,2024-04-29 14:34:00,546.02,success,8.19
8015,4450,2024-04-13 14:34:00,195.43,success,2.93
8016,4450,2024-04-15 14:34:00,471.26,success,7.07
8017,4453,2024-01-17 19:55:00,376.82,success,5.65
8018,4453,2024-03-15 19:55:00,210.81,success,3.16
8019,4453,2023-12-21 19:55:00,248.99,failed,0.0
8020,4453,2024-02-04 19:55:00,10.93,success,0.16
8021,4453,2024-01-14 19:55:00,7.09,success,0.11
8022,4457,2023-09-07 20:26:00,17.82,success,0.27
8023,4460,2024-11-27 02:03:00,372.4,success,5.59
8024,4460,2025-01-24 02:03:00,1837.79,success,27.57
8025,4462,2023-11-20 07:31:00,1893.23,success,28.4
8026,4462,2023-12-08 07:31:00,125.95,success,1.89
8027,4462,2024-01-15 07:31:00,17.37,success,0.26
8028,4462,2024-01-02 07:31:00,10.5,failed,0.0
8029,4464,2024-11-29 07:09:00,1619.46,failed,0.0
8030,4464,2024-11-26 07:09:00,15.81,success,0.24
8031,4464,2024-12-05 07:09:00,132.48,failed,0.0
8032,4469,2025-03-22 15:36:00,6.5,success,0.1
8033,4469,2025-01-04 15:36:00,307.1,success,4.61
8034,4469,2025-01-17 15:36:00,14.13,success,0.21
8035,4469,2025-03-03 15:36:00,116.63,success,1.75
8036,4469,2024-12-31 15:36:00,17.96,success,0.27
8037,4469,2025-03-12 15:36:00,5.8,success,0.09
8038,4469,2025-03-14 15:36:00,1670.88,success,25.06
8039,4469,2025-03-11 15:36:00,16.66,success,0.25
8040,4470,2025-03-15 22:03:00,1016.38,success,15.25
8041,4470,2025-03-12 22:03:00,13.67,failed,0.0
8042,4473,2024-05-27 00:51:00,368.57,success,5.53
8043,4475,2023-06-02 20:42:00,931.38,success,13.97
8044,4475,2023-04-14 20:42:00,400.39,success,6.01
8045,4475,2023-04-21 20:42:00,12.19,success,0.18
8046,4475,2023-05-17 20:42:00,17.72,failed,0.0
8047,4475,2023-05-22 20:42:00,19.65,success,0.29
8048,4475,2023-05-29 20:42:00,218.44,success,3.28
8049,4476,2023-03-06 03:48:00,1699.2,failed,0.0
8050,4476,2023-04-11 03:48:00,190.12,success,2.85
8051,4476,2023-03-18 03:48:00,555.46,success,8.33
8052,4478,2024-12-30 23:44:00,14.84,success,0.22
8053,4478,2024-12-16 23:44:00,1032.26,success,15.48
8054,4478,2024-12-19 23:44:00,717.31,success,10.76
8055,4484,2024-07-17 07:06:00,288.56,success,4.33
8056,4484,2024-06-01 07:06:00,7.2,success,0.11
8057,4484,2024-04-30 07:06:00,14.29,success,0.21
8058,4486,2023-10-18 10:10:00,352.14,success,5.28
8059,4486,2023-09-02 10:10:00,796.9,success,11.95
8060,4486,2023-08-18 10:10:00,5.43,success,0.08
8061,4488,2024-06-12 14:59:00,738.21,failed,0.0
8062,4488,2024-07-10 14:59:00,1527.77,failed,0.0
8063,4488,2024-05-25 14:59:00,315.43,success,4.73
8064,4488,2024-06-11 14:59:00,337.51,failed,0.0
8065,4488,2024-05-09 14:59:00,1909.61,success,28.64
8066,4488,2024-05-07 14:59:00,1725.83,success,25.89
8067,4488,2024-05-18 14:59:00,165.65,success,2.48
8068,4488,2024-05-31 14:59:00,463.47,failed,0.0
8069,4489,2024-03-21 00:17:00,9.32,success,0.14
8070,4489,2024-04-16 00:17:00,202.27,success,3.03
8071,4489,2024-05-16 00:17:00,234.48,success,3.52
8072,4494,2025-01-16 14:47:00,478.51,success,7.18
8073,4494,2025-03-29 14:47:00,71.94,success,1.08
8074,4494,2025-02-18 14:47:00,338.45,failed,0.0
8075,4494,2025-02-19 14:47:00,456.66,success,6.85
8076,4494,2025-03-16 14:47:00,1673.93,success,25.11
8077,4494,2025-03-11 14:47:00,573.36,success,8.6
8078,4494,2025-02-24 14:47:00,81.74,success,1.23
8079,4494,2025-03-07 14:47:00,232.34,success,3.49
8080,4497,2024-04-04 14:05:00,7.8,failed,0.0
8081,4497,2024-04-18 14:05:00,16.75,success,0.25
8082,4497,2024-05-02 14:05:00,1655.14,success,24.83
8083,4497,2024-04-14 14:05:00,98.43,success,1.48
8084,4497,2024-06-06 14:05:00,170.11,failed,0.0
8085,4497,2024-05-12 14:05:00,367.79,success,5.52
8086,4500,2024-03-15 21:36:00,774.44,failed,0.0
8087,4500,2024-03-08 21:36:00,156.02,failed,0.0
8088,4500,2024-02-08 21:36:00,173.69,success,2.61
8089,4500,2024-02-25 21:36:00,17.03,success,0.26
8090,4504,2024-11-05 14:48:00,1644.54,success,24.67
8091,4504,2024-09-25 14:48:00,1799.86,success,27.0
8092,4504,2024-11-25 14:48:00,1432.84,success,21.49
8093,4504,2024-09-28 14:48:00,872.54,success,13.09
8094,4504,2024-10-04 14:48:00,1584.25,success,23.76
8095,4505,2023-05-04 06:41:00,69.93,failed,0.0
8096,4505,2023-06-28 06:41:00,6.23,success,0.09
8097,4505,2023-06-07 06:41:00,486.35,success,7.3
8098,4505,2023-06-13 06:41:00,10.74,success,0.16
8099,4505,2023-06-17 06:41:00,19.82,success,0.3
8100,4505,2023-07-15 06:41:00,785.97,success,11.79
8101,4506,2025-02-20 17:56:00,1078.75,success,16.18
8102,4506,2025-02-21 17:56:00,5.69,success,0.09
8103,4506,2025-02-19 17:56:00,175.68,success,2.64
8104,4506,2024-12-19 17:56:00,870.54,success,13.06
8105,4506,2025-03-14 17:56:00,628.45,failed,0.0
8106,4506,2025-02-13 17:56:00,383.83,failed,0.0
8107,4506,2025-01-03 17:56:00,5.74,success,0.09
8108,4506,2025-03-12 17:56:00,1222.29,failed,0.0
8109,4508,2024-08-30 13:55:00,13.1,success,0.2
8110,4508,2024-08-22 13:55:00,498.81,success,7.48
8111,4508,2024-10-15 13:55:00,117.52,success,1.76
8112,4508,2024-08-13 13:55:00,7.26,success,0.11
8113,4512,2024-01-22 00:18:00,378.4,success,5.68
8114,4512,2024-02-17 00:18:00,16.2,success,0.24
8115,4512,2024-03-09 00:18:00,647.17,success,9.71
8116,4512,2024-03-24 00:18:00,1287.36,success,19.31
8117,4512,2024-02-02 00:18:00,16.79,success,0.25
8118,4512,2024-03-23 00:18:00,81.78,success,1.23
8119,4512,2024-02-14 00:18:00,360.13,success,5.4
8120,4512,2024-01-24 00:18:00,260.72,success,3.91
8121,4513,2025-01-22 04:54:00,15.68,success,0.24
8122,4513,2025-02-14 04:54:00,964.33,success,14.46
8123,4513,2025-01-02 04:54:00,108.36,failed,0.0
8124,4513,2025-01-02 04:54:00,1309.64,success,19.64
8125,4513,2025-02-05 04:54:00,1690.49,success,25.36
8126,4513,2024-12-18 04:54:00,1426.95,success,21.4
8127,4513,2024-12-12 04:54:00,166.06,success,2.49
8128,4514,2023-09-06 17:31:00,1150.49,success,17.26
8129,4514,2023-08-16 17:31:00,17.82,failed,0.0
8130,4514,2023-09-02 17:31:00,862.9,failed,0.0
8131,4514,2023-08-25 17:31:00,16.21,success,0.24
8132,4514,2023-08-27 17:31:00,214.4,success,3.22
8133,4514,2023-09-26 17:31:00,499.31,success,7.49
8134,4514,2023-10-05 17:31:00,1689.21,success,25.34
8135,4514,2023-10-07 17:31:00,302.87,success,4.54
8136,4520,2024-11-14 02:06:00,18.07,success,0.27
8137,4520,2025-01-11 02:06:00,1969.9,success,29.55
8138,4521,2023-03-15 22:18:00,623.79,success,9.36
8139,4521,2023-02-13 22:18:00,11.59,failed,0.0
8140,4521,2023-03-09 22:18:00,13.42,success,0.2
8141,4521,2023-02-27 22:18:00,1035.28,success,15.53
8142,4521,2023-04-11 22:18:00,93.76,failed,0.0
8143,4521,2023-03-23 22:18:00,7.5,success,0.11
8144,4521,2023-04-26 22:18:00,285.15,success,4.28
8145,4521,2023-02-09 22:18:00,458.41,success,6.88
8146,4523,2023-12-22 19:11:00,7.24,failed,0.0
8147,4523,2023-11-22 19:11:00,235.18,failed,0.0
8148,4523,2023-12-06 19:11:00,9.23,failed,0.0
8149,4523,2023-12-27 19:11:00,271.74,failed,0.0
8150,4523,2023-11-28 19:11:00,549.85,success,8.25
8151,4528,2023-10-17 00:28:00,1975.16,success,29.63
8152,4528,2023-11-16 00:28:00,17.02,failed,0.0
8153,4528,2023-11-20 00:28:00,1440.66,success,21.61
8154,4530,2024-05-08 14:29:00,16.76,success,0.25
8155,4530,2024-04-10 14:29:00,16.25,success,0.24
8156,4530,2024-04-27 14:29:00,1866.78,success,28.0
8157,4530,2024-06-12 14:29:00,11.16,success,0.17
8158,4530,2024-05-25 14:29:00,397.9,success,5.97
8159,4530,2024-04-15 14:29:00,17.43,success,0.26
8160,4530,2024-05-07 14:29:00,1340.61,success,20.11
8161,4532,2024-09-25 15:27:00,479.76,success,7.2
8162,4532,2024-09-22 15:27:00,16.66,success,0.25
8163,4532,2024-12-04 15:27:00,96.4,success,1.45
8164,4533,2023-05-18 11:50:00,228.04,success,3.42
8165,4533,2023-08-13 11:50:00,550.68,success,8.26
8166,4533,2023-08-06 11:50:00,639.73,success,9.6
8167,4539,2023-08-08 16:16:00,480.27,success,7.2
8168,4539,2023-08-12 16:16:00,1688.44,success,25.33
8169,4539,2023-08-18 16:16:00,163.02,success,2.45
8170,4539,2023-07-13 16:16:00,1425.92,success,21.39
8171,4539,2023-07-06 16:16:00,567.27,success,8.51
8172,4539,2023-07-27 16:16:00,1852.16,success,27.78
8173,4539,2023-08-27 16:16:00,1371.55,success,20.57
8174,4540,2024-01-04 04:47:00,758.44,failed,0.0
8175,4540,2024-01-08 04:47:00,794.29,success,11.91
8176,4540,2023-11-18 04:47:00,7.14,failed,0.0
8177,4540,2023-12-25 04:47:00,5.42,success,0.08
8178,4540,2024-01-05 04:47:00,113.37,success,1.7
8179,4540,2024-01-17 04:47:00,967.91,failed,0.0
8180,4541,2025-01-10 14:39:00,997.19,success,14.96
8181,4541,2024-11-22 14:39:00,141.37,success,2.12
8182,4541,2024-11-21 14:39:00,19.71,success,0.3
8183,4542,2023-06-18 07:40:00,10.45,success,0.16
8184,4542,2023-06-23 07:40:00,1657.36,success,24.86
8185,4542,2023-04-24 07:40:00,641.61,success,9.62
8186,4543,2024-06-21 15:34:00,7.59,success,0.11
8187,4543,2024-08-13 15:34:00,1070.25,success,16.05
8188,4543,2024-07-04 15:34:00,1194.08,success,17.91
8189,4543,2024-08-06 15:34:00,9.25,success,0.14
8190,4543,2024-07-08 15:34:00,5.49,success,0.08
8191,4543,2024-07-05 15:34:00,980.24,success,14.7
8192,4544,2024-12-08 23:02:00,1584.9,failed,0.0
8193,4544,2024-10-31 23:02:00,1504.56,success,22.57
8194,4544,2024-11-02 23:02:00,294.95,success,4.42
8195,4544,2025-01-02 23:02:00,406.2,success,6.09
8196,4544,2024-11-14 23:02:00,154.06,success,2.31
8197,4544,2024-12-06 23:02:00,458.74,success,6.88
8198,4546,2024-08-08 08:20:00,13.57,success,0.2
8199,4546,2024-06-26 08:20:00,207.99,success,3.12
8200,4546,2024-08-02 08:20:00,316.44,success,4.75
8201,4546,2024-06-18 08:20:00,1166.37,failed,0.0
8202,4546,2024-08-16 08:20:00,1572.56,success,23.59
8203,4546,2024-07-27 08:20:00,8.72,success,0.13
8204,4551,2023-04-30 18:49:00,245.8,success,3.69
8205,4551,2023-04-20 18:49:00,208.4,success,3.13
8206,4551,2023-03-21 18:49:00,7.09,success,0.11
8207,4551,2023-02-26 18:49:00,173.32,failed,0.0
8208,4551,2023-04-07 18:49:00,859.32,success,12.89
8209,4553,2024-04-21 03:22:00,14.98,success,0.22
8210,4553,2024-03-19 03:22:00,19.67,success,0.3
8211,4553,2024-04-01 03:22:00,8.35,success,0.13
8212,4553,2024-04-20 03:22:00,8.56,success,0.13
8213,4555,2025-03-01 03:36:00,94.57,success,1.42
8214,4555,2025-01-28 03:36:00,14.63,failed,0.0
8215,4555,2025-02-09 03:36:00,1814.22,success,27.21
8216,4555,2025-01-22 03:36:00,203.85,success,3.06
8217,4555,2025-01-27 03:36:00,19.5,success,0.29
8218,4555,2025-01-25 03:36:00,11.97,success,0.18
8219,4555,2025-03-02 03:36:00,986.72,success,14.8
8220,4557,2024-02-28 14:23:00,1807.28,success,27.11
8221,4557,2024-01-06 14:23:00,1348.58,success,20.23
8222,4557,2024-03-31 14:23:00,5.86,success,0.09
8223,4557,2024-01-25 14:23:00,1014.54,success,15.22
8224,4557,2024-03-04 14:23:00,280.47,success,4.21
8225,4558,2024-01-08 11:57:00,1876.23,success,28.14
8226,4558,2023-12-22 11:57:00,1791.18,success,26.87
8227,4558,2024-01-07 11:57:00,9.1,success,0.14
8228,4558,2023-12-11 11:57:00,86.17,success,1.29
8229,4558,2024-01-09 11:57:00,1771.23,success,26.57
8230,4558,2024-02-20 11:57:00,423.78,failed,0.0
8231,4558,2024-02-04 11:57:00,9.66,success,0.14
8232,4559,2023-11-13 04:07:00,1611.12,failed,0.0
8233,4559,2023-10-03 04:07:00,1928.9,success,28.93
8234,4559,2023-11-23 04:07:00,15.85,failed,0.0
8235,4559,2023-10-08 04:07:00,63.62,success,0.95
8236,4559,2023-10-29 04:07:00,349.31,failed,0.0
8237,4559,2023-10-05 04:07:00,19.23,success,0.29
8238,4559,2023-11-07 04:07:00,109.59,success,1.64
8239,4562,2023-12-09 03:28:00,799.26,success,11.99
8240,4562,2023-12-23 03:28:00,452.49,success,6.79
8241,4562,2023-11-11 03:28:00,961.36,success,14.42
8242,4562,2024-01-10 03:28:00,1319.67,failed,0.0
8243,4562,2023-10-22 03:28:00,17.25,success,0.26
8244,4562,2023-12-07 03:28:00,251.72,success,3.78
8245,4562,2023-10-20 03:28:00,89.3,success,1.34
8246,4563,2024-09-10 10:49:00,299.02,success,4.49
8247,4563,2024-08-22 10:49:00,9.7,success,0.15
8248,4563,2024-08-09 10:49:00,786.87,success,11.8
8249,4563,2024-08-11 10:49:00,5.89,failed,0.0
8250,4565,2024-08-15 00:48:00,5.77,success,0.09
8251,4565,2024-06-07 00:48:00,1502.06,success,22.53
8252,4565,2024-07-08 00:48:00,16.76,failed,0.0
8253,4565,2024-08-03 00:48:00,472.68,success,7.09
8254,4571,2024-12-12 19:40:00,1099.14,success,16.49
8255,4571,2025-01-11 19:40:00,733.64,success,11.0
8256,4571,2025-01-24 19:40:00,1821.01,success,27.32
8257,4572,2024-05-21 12:49:00,5.91,success,0.09
8258,4572,2024-07-22 12:49:00,10.55,success,0.16
8259,4573,2024-04-14 10:09:00,400.91,success,6.01
8260,4573,2024-06-01 10:09:00,7.23,success,0.11
8261,4573,2024-03-23 10:09:00,472.5,success,7.09
8262,4573,2024-06-09 10:09:00,5.13,success,0.08
8263,4573,2024-05-28 10:09:00,211.72,success,3.18
8264,4573,2024-03-20 10:09:00,6.04,success,0.09
8265,4573,2024-04-30 10:09:00,271.39,success,4.07
8266,4575,2024-09-28 00:55:00,19.26,success,0.29
8267,4575,2024-11-10 00:55:00,1371.98,failed,0.0
8268,4575,2024-11-15 00:55:00,364.34,success,5.47
8269,4576,2024-08-03 18:18:00,7.67,success,0.12
8270,4576,2024-08-05 18:18:00,10.37,success,0.16
8271,4576,2024-08-17 18:18:00,807.54,success,12.11
8272,4576,2024-09-05 18:18:00,15.52,success,0.23
8273,4576,2024-10-28 18:18:00,15.44,success,0.23
8274,4583,2025-02-17 10:12:00,127.89,success,1.92
8275,4583,2025-01-10 10:12:00,1732.06,success,25.98
8276,4583,2025-01-17 10:12:00,66.42,success,1.0
8277,4583,2025-02-07 10:12:00,67.47,success,1.01
8278,4586,2024-02-01 09:45:00,1960.8,success,29.41
8279,4586,2024-01-27 09:45:00,1637.19,success,24.56
8280,4586,2024-04-15 09:45:00,13.99,success,0.21
8281,4588,2023-10-21 13:47:00,345.33,success,5.18
8282,4588,2023-09-28 13:47:00,1048.88,success,15.73
8283,4588,2023-11-10 13:47:00,482.14,success,7.23
8284,4593,2024-06-09 05:22:00,13.74,success,0.21
8285,4594,2024-10-19 08:26:00,1283.03,success,19.25
8286,4595,2024-09-19 05:13:00,396.79,success,5.95
8287,4595,2024-07-11 05:13:00,8.87,success,0.13
8288,4595,2024-07-24 05:13:00,10.82,success,0.16
8289,4595,2024-08-11 05:13:00,14.98,failed,0.0
8290,4595,2024-08-24 05:13:00,285.49,success,4.28
8291,4595,2024-08-22 05:13:00,208.64,success,3.13
8292,4596,2025-01-23 21:50:00,648.3,success,9.72
8293,4596,2025-02-06 21:50:00,8.23,success,0.12
8294,4597,2024-03-14 06:30:00,1598.17,success,23.97
8295,4597,2024-03-15 06:30:00,269.94,success,4.05
8296,4600,2023-09-12 03:40:00,190.39,success,2.86
8297,4600,2023-09-09 03:40:00,289.49,success,4.34
8298,4600,2023-07-19 03:40:00,12.13,success,0.18
8299,4600,2023-10-10 03:40:00,239.38,success,3.59
8300,4600,2023-07-16 03:40:00,6.78,success,0.1
8301,4600,2023-08-11 03:40:00,234.04,success,3.51
8302,4600,2023-08-02 03:40:00,15.22,success,0.23
8303,4600,2023-10-09 03:40:00,101.89,success,1.53
8304,4602,2023-05-17 14:26:00,451.02,success,6.77
8305,4602,2023-06-13 14:26:00,9.98,success,0.15
8306,4602,2023-06-06 14:26:00,59.92,failed,0.0
8307,4602,2023-05-29 14:26:00,221.53,failed,0.0
8308,4602,2023-04-25 14:26:00,1437.22,success,21.56
8309,4602,2023-04-21 14:26:00,68.22,success,1.02
8310,4603,2023-10-07 11:36:00,471.52,success,7.07
8311,4603,2023-08-30 11:36:00,87.63,success,1.31
8312,4603,2023-08-02 11:36:00,146.38,failed,0.0
8313,4603,2023-08-20 11:36:00,6.55,success,0.1
8314,4603,2023-08-25 11:36:00,321.44,success,4.82
8315,4603,2023-09-26 11:36:00,458.84,success,6.88
8316,4603,2023-09-20 11:36:00,206.33,success,3.09
8317,4604,2024-12-22 05:03:00,1147.62,success,17.21
8318,4604,2025-01-22 05:03:00,12.65,success,0.19
8319,4604,2025-02-17 05:03:00,19.46,success,0.29
8320,4607,2024-12-31 19:52:00,736.35,success,11.05
8321,4607,2024-12-07 19:52:00,14.36,failed,0.0
8322,4607,2025-01-30 19:52:00,1319.78,success,19.8
8323,4607,2025-01-26 19:52:00,7.85,success,0.12
8324,4607,2024-12-15 19:52:00,493.93,success,7.41
8325,4609,2024-02-03 17:31:00,12.67,success,0.19
8326,4609,2023-12-13 17:31:00,18.83,failed,0.0
8327,4609,2024-02-01 17:31:00,460.1,success,6.9
8328,4609,2023-11-20 17:31:00,177.61,success,2.66
8329,4609,2023-11-23 17:31:00,736.13,success,11.04
8330,4609,2023-11-15 17:31:00,968.98,success,14.53
8331,4611,2024-01-11 05:27:00,809.55,success,12.14
8332,4611,2024-02-13 05:27:00,1239.26,success,18.59
8333,4611,2024-02-15 05:27:00,1133.63,success,17.0
8334,4613,2023-07-31 13:30:00,120.59,success,1.81
8335,4613,2023-09-25 13:30:00,1405.33,failed,0.0
8336,4613,2023-08-26 13:30:00,456.0,success,6.84
8337,4614,2023-10-30 06:25:00,1845.07,success,27.68
8338,4614,2023-10-08 06:25:00,10.81,success,0.16
8339,4614,2023-11-06 06:25:00,421.04,success,6.32
8340,4623,2024-01-30 18:47:00,715.32,success,10.73
8341,4623,2024-01-11 18:47:00,299.01,success,4.49
8342,4623,2023-12-08 18:47:00,17.61,success,0.26
8343,4627,2024-10-14 05:28:00,15.11,failed,0.0
8344,4627,2024-09-28 05:28:00,6.17,success,0.09
8345,4627,2024-08-12 05:28:00,637.02,success,9.56
8346,4627,2024-10-20 05:28:00,1623.47,success,24.35
8347,4627,2024-10-14 05:28:00,241.36,success,3.62
8348,4627,2024-10-19 05:28:00,626.53,success,9.4
8349,4628,2024-07-29 18:07:00,121.61,success,1.82
8350,4628,2024-07-27 18:07:00,16.32,failed,0.0
8351,4628,2024-08-03 18:07:00,9.18,success,0.14
8352,4628,2024-07-06 18:07:00,1319.36,failed,0.0
8353,4630,2023-04-15 03:22:00,456.84,success,6.85
8354,4630,2023-06-29 03:22:00,7.86,success,0.12
8355,4630,2023-06-25 03:22:00,1797.86,success,26.97
8356,4630,2023-06-08 03:22:00,10.85,success,0.16
8357,4631,2024-02-07 01:21:00,759.32,failed,0.0
8358,4631,2024-02-14 01:21:00,9.41,success,0.14
8359,4631,2024-01-22 01:21:00,403.24,success,6.05
8360,4636,2023-07-29 22:15:00,1602.61,success,24.04
8361,4636,2023-10-06 22:15:00,255.47,success,3.83
8362,4636,2023-08-29 22:15:00,1626.52,success,24.4
8363,4636,2023-10-11 22:15:00,689.65,success,10.34
8364,4636,2023-10-10 22:15:00,1860.1,success,27.9
8365,4636,2023-09-13 22:15:00,351.58,success,5.27
8366,4638,2024-02-01 09:31:00,17.44,success,0.26
8367,4638,2024-03-05 09:31:00,171.4,success,2.57
8368,4638,2023-12-12 09:31:00,1936.71,success,29.05
8369,4638,2024-01-07 09:31:00,976.29,success,14.64
8370,4638,2024-01-20 09:31:00,1768.94,success,26.53
8371,4638,2024-02-05 09:31:00,1920.89,success,28.81
8372,4638,2024-01-27 09:31:00,12.92,success,0.19
8373,4639,2024-06-05 05:40:00,10.79,success,0.16
8374,4640,2024-05-15 03:27:00,177.21,success,2.66
8375,4640,2024-04-15 03:27:00,13.7,success,0.21
8376,4640,2024-04-15 03:27:00,8.95,success,0.13
8377,4640,2024-03-25 03:27:00,722.28,success,10.83
8378,4640,2024-04-05 03:27:00,19.85,success,0.3
8379,4640,2024-03-16 03:27:00,1555.98,success,23.34
8380,4640,2024-05-02 03:27:00,170.9,success,2.56
8381,4643,2024-01-19 23:55:00,165.28,success,2.48
8382,4643,2024-01-07 23:55:00,18.1,success,0.27
8383,4646,2024-01-15 06:59:00,229.39,success,3.44
8384,4646,2023-12-04 06:59:00,490.88,failed,0.0
8385,4647,2024-11-30 18:20:00,1430.76,success,21.46
8386,4647,2024-10-04 18:20:00,410.43,success,6.16
8387,4647,2024-11-03 18:20:00,5.24,success,0.08
8388,4647,2024-11-15 18:20:00,1016.93,success,15.25
8389,4647,2024-11-05 18:20:00,55.87,success,0.84
8390,4647,2024-11-17 18:20:00,15.61,failed,0.0
8391,4647,2024-10-23 18:20:00,1943.06,failed,0.0
8392,4648,2023-05-13 07:09:00,352.73,success,5.29
8393,4648,2023-03-23 07:09:00,6.56,success,0.1
8394,4648,2023-03-15 07:09:00,214.08,success,3.21
8395,4648,2023-04-04 07:09:00,1436.12,success,21.54
8396,4648,2023-05-04 07:09:00,197.17,success,2.96
8397,4650,2024-10-07 13:23:00,723.04,success,10.85
8398,4650,2024-10-26 13:23:00,277.31,success,4.16
8399,4650,2024-10-10 13:23:00,9.16,success,0.14
8400,4652,2023-07-19 23:56:00,534.73,success,8.02
8401,4652,2023-05-13 23:56:00,1887.66,failed,0.0
8402,4652,2023-06-20 23:56:00,1800.33,success,27.0
8403,4652,2023-06-23 23:56:00,1202.99,failed,0.0
8404,4652,2023-05-07 23:56:00,15.76,failed,0.0
8405,4652,2023-06-03 23:56:00,1676.24,failed,0.0
8406,4656,2023-11-30 03:50:00,877.78,success,13.17
8407,4656,2023-10-26 03:50:00,15.11,success,0.23
8408,4656,2023-09-26 03:50:00,1272.24,success,19.08
8409,4656,2023-11-11 03:50:00,1148.9,success,17.23
8410,4656,2023-12-07 03:50:00,264.98,success,3.97
8411,4660,2023-05-30 23:13:00,275.49,success,4.13
8412,4660,2023-06-20 23:13:00,202.83,success,3.04
8413,4660,2023-05-17 23:13:00,122.27,failed,0.0
8414,4660,2023-04-05 23:13:00,166.6,success,2.5
8415,4660,2023-06-11 23:13:00,147.52,success,2.21
8416,4660,2023-06-17 23:13:00,18.44,failed,0.0
8417,4662,2024-11-16 14:48:00,246.63,success,3.7
8418,4662,2025-01-03 14:48:00,5.51,success,0.08
8419,4662,2024-12-08 14:48:00,125.79,success,1.89
8420,4662,2024-10-18 14:48:00,5.85,success,0.09
8421,4662,2024-12-26 14:48:00,16.59,success,0.25
8422,4662,2024-12-28 14:48:00,290.5,success,4.36
8423,4662,2024-11-15 14:48:00,6.65,success,0.1
8424,4663,2023-04-19 07:28:00,1357.2,success,20.36
8425,4663,2023-05-07 07:28:00,293.02,success,4.4
8426,4663,2023-03-23 07:28:00,1268.93,success,19.03
8427,4663,2023-04-24 07:28:00,236.65,success,3.55
8428,4663,2023-05-29 07:28:00,1654.1,success,24.81
8429,4663,2023-03-18 07:28:00,8.32,success,0.12
8430,4663,2023-04-24 07:28:00,898.7,success,13.48
8431,4667,2024-09-12 07:59:00,11.98,failed,0.0
8432,4667,2024-10-05 07:59:00,1406.43,failed,0.0
8433,4667,2024-10-17 07:59:00,511.86,success,7.68
8434,4668,2024-10-30 12:31:00,1495.54,success,22.43
8435,4668,2024-09-30 12:31:00,903.87,success,13.56
8436,4668,2024-12-02 12:31:00,493.53,success,7.4
8437,4668,2024-11-21 12:31:00,528.99,success,7.93
8438,4668,2024-09-11 12:31:00,11.69,success,0.18
8439,4668,2024-10-16 12:31:00,145.77,success,2.19
8440,4668,2024-09-14 12:31:00,15.4,success,0.23
8441,4672,2023-11-24 21:32:00,1347.61,success,20.21
8442,4672,2023-11-17 21:32:00,10.79,success,0.16
8443,4674,2024-11-04 22:53:00,17.07,success,0.26
8444,4674,2024-10-08 22:53:00,686.66,success,10.3
8445,4674,2024-10-12 22:53:00,14.74,success,0.22
8446,4674,2025-01-01 22:53:00,1842.07,success,27.63
8447,4674,2024-12-24 22:53:00,11.89,failed,0.0
8448,4674,2024-11-30 22:53:00,301.31,success,4.52
8449,4674,2024-10-16 22:53:00,92.1,success,1.38
8450,4678,2024-06-30 19:42:00,980.81,success,14.71
8451,4678,2024-08-07 19:42:00,1074.61,success,16.12
8452,4681,2023-04-12 00:53:00,1205.18,success,18.08
8453,4681,2023-03-18 00:53:00,589.06,success,8.84
8454,4681,2023-04-03 00:53:00,226.55,success,3.4
8455,4681,2023-03-26 00:53:00,1289.34,success,19.34
8456,4681,2023-03-10 00:53:00,385.51,success,5.78
8457,4682,2023-03-06 11:18:00,1692.51,success,25.39
8458,4683,2023-07-26 02:35:00,262.3,success,3.93
8459,4683,2023-10-18 02:35:00,160.34,success,2.41
8460,4683,2023-10-18 02:35:00,363.08,success,5.45
8461,4683,2023-08-25 02:35:00,1318.97,success,19.78
8462,4683,2023-08-23 02:35:00,10.74,success,0.16
8463,4683,2023-08-19 02:35:00,466.01,success,6.99
8464,4684,2023-08-12 07:12:00,8.4,success,0.13
8465,4684,2023-09-24 07:12:00,6.63,success,0.1
8466,4684,2023-09-01 07:12:00,17.86,success,0.27
8467,4684,2023-09-24 07:12:00,207.25,success,3.11
8468,4684,2023-08-19 07:12:00,8.94,success,0.13
8469,4684,2023-08-07 07:12:00,377.79,failed,0.0
8470,4684,2023-07-20 07:12:00,7.79,failed,0.0
8471,4684,2023-09-16 07:12:00,1888.59,success,28.33
8472,4685,2023-05-30 04:55:00,12.81,success,0.19
8473,4685,2023-04-01 04:55:00,13.75,success,0.21
8474,4685,2023-06-09 04:55:00,83.43,success,1.25
8475,4685,2023-03-27 04:55:00,879.77,success,13.2
8476,4685,2023-03-20 04:55:00,81.25,success,1.22
8477,4688,2024-07-15 05:57:00,832.27,success,12.48
8478,4688,2024-06-19 05:57:00,17.95,success,0.27
8479,4688,2024-07-14 05:57:00,135.41,success,2.03
8480,4688,2024-07-05 05:57:00,11.72,success,0.18
8481,4688,2024-05-11 05:57:00,7.38,failed,0.0
8482,4689,2024-02-18 19:48:00,129.22,success,1.94
8483,4689,2024-04-01 19:48:00,5.92,success,0.09
8484,4689,2024-01-30 19:48:00,11.26,success,0.17
8485,4694,2023-12-10 17:29:00,19.67,success,0.3
8486,4694,2023-10-28 17:29:00,15.47,failed,0.0
8487,4694,2023-11-26 17:29:00,19.45,success,0.29
8488,4694,2023-11-25 17:29:00,1089.93,failed,0.0
8489,4694,2023-11-07 17:29:00,7.31,failed,0.0
8490,4696,2023-12-24 03:27:00,342.54,success,5.14
8491,4696,2024-01-29 03:27:00,13.76,success,0.21
8492,4696,2023-12-10 03:27:00,1452.25,failed,0.0
8493,4696,2024-01-19 03:27:00,523.41,failed,0.0
8494,4701,2024-08-23 02:39:00,63.13,success,0.95
8495,4701,2024-11-08 02:39:00,10.95,success,0.16
8496,4701,2024-11-12 02:39:00,1133.45,success,17.0
8497,4701,2024-09-30 02:39:00,15.86,success,0.24
8498,4708,2023-06-11 17:38:00,280.59,failed,0.0
8499,4708,2023-06-13 17:38:00,95.16,failed,0.0
8500,4709,2024-07-22 11:23:00,470.16,success,7.05
8501,4709,2024-07-12 11:23:00,286.05,success,4.29
8502,4709,2024-07-31 11:23:00,316.97,success,4.75
8503,4709,2024-08-31 11:23:00,6.24,failed,0.0
8504,4709,2024-06-25 11:23:00,1988.89,success,29.83
8505,4709,2024-07-11 11:23:00,11.17,success,0.17
8506,4713,2024-04-23 16:36:00,332.23,success,4.98
8507,4713,2024-03-01 16:36:00,1803.18,success,27.05
8508,4713,2024-04-14 16:36:00,1635.15,success,24.53
8509,4714,2024-07-18 23:09:00,8.0,success,0.12
8510,4714,2024-10-09 23:09:00,88.91,success,1.33
8511,4714,2024-08-22 23:09:00,1565.35,success,23.48
8512,4714,2024-07-20 23:09:00,336.33,success,5.04
8513,4714,2024-07-30 23:09:00,478.88,success,7.18
8514,4718,2024-06-01 15:35:00,297.75,success,4.47
8515,4718,2024-07-20 15:35:00,1835.03,success,27.53
8516,4718,2024-07-01 15:35:00,149.97,failed,0.0
8517,4720,2023-06-08 01:53:00,90.9,failed,0.0
8518,4720,2023-06-03 01:53:00,9.83,success,0.15
8519,4720,2023-04-25 01:53:00,738.89,success,11.08
8520,4722,2024-09-11 22:27:00,1644.09,success,24.66
8521,4722,2024-10-10 22:27:00,1443.69,failed,0.0
8522,4722,2024-10-08 22:27:00,1781.36,success,26.72
8523,4723,2023-08-15 00:14:00,1982.24,success,29.73
8524,4723,2023-08-28 00:14:00,10.66,success,0.16
8525,4723,2023-09-02 00:14:00,14.87,success,0.22
8526,4723,2023-07-23 00:14:00,17.21,failed,0.0
8527,4723,2023-09-16 00:14:00,10.05,success,0.15
8528,4727,2024-10-24 04:30:00,171.02,success,2.57
8529,4727,2024-09-18 04:30:00,227.12,success,3.41
8530,4727,2024-08-19 04:30:00,5.56,success,0.08
8531,4727,2024-09-05 04:30:00,626.89,success,9.4
8532,4727,2024-09-01 04:30:00,14.45,success,0.22
8533,4731,2023-04-06 07:07:00,494.57,success,7.42
8534,4731,2023-03-26 07:07:00,404.6,success,6.07
8535,4731,2023-04-27 07:07:00,471.34,success,7.07
8536,4731,2023-02-05 07:07:00,141.65,failed,0.0
8537,4731,2023-02-28 07:07:00,1615.37,success,24.23
8538,4732,2024-01-04 07:55:00,929.72,success,13.95
8539,4732,2023-12-08 07:55:00,1975.99,success,29.64
8540,4732,2024-01-03 07:55:00,17.44,success,0.26
8541,4732,2024-02-23 07:55:00,353.24,success,5.3
8542,4732,2024-02-06 07:55:00,11.08,success,0.17
8543,4732,2023-12-09 07:55:00,418.52,success,6.28
8544,4734,2023-12-22 06:47:00,570.82,success,8.56
8545,4734,2024-03-05 06:47:00,795.7,success,11.94
8546,4734,2024-01-24 06:47:00,12.67,success,0.19
8547,4735,2023-12-07 23:01:00,1826.27,success,27.39
8548,4735,2023-12-07 23:01:00,1505.79,success,22.59
8549,4735,2023-11-30 23:01:00,15.31,failed,0.0
8550,4736,2024-11-25 23:58:00,981.33,success,14.72
8551,4736,2024-11-13 23:58:00,1300.2,success,19.5
8552,4736,2025-01-07 23:58:00,117.47,success,1.76
8553,4736,2024-12-20 23:58:00,807.75,success,12.12
8554,4736,2024-10-28 23:58:00,1288.61,success,19.33
8555,4736,2025-01-08 23:58:00,13.82,success,0.21
8556,4736,2024-12-04 23:58:00,13.47,success,0.2
8557,4739,2023-07-11 20:20:00,1570.76,success,23.56
8558,4739,2023-06-26 20:20:00,331.14,success,4.97
8559,4739,2023-06-11 20:20:00,1283.87,success,19.26
8560,4739,2023-06-24 20:20:00,7.04,success,0.11
8561,4739,2023-07-05 20:20:00,1002.58,success,15.04
8562,4739,2023-07-12 20:20:00,1031.91,success,15.48
8563,4739,2023-05-21 20:20:00,16.85,success,0.25
8564,4739,2023-07-01 20:20:00,19.17,success,0.29
8565,4742,2024-11-11 07:10:00,1411.74,success,21.18
8566,4742,2024-11-02 07:10:00,1671.78,success,25.08
8567,4742,2024-09-30 07:10:00,1810.41,failed,0.0
8568,4742,2024-09-29 07:10:00,485.2,success,7.28
8569,4742,2024-10-17 07:10:00,5.18,success,0.08
8570,4759,2024-10-05 12:27:00,12.29,failed,0.0
8571,4759,2024-09-23 12:27:00,16.62,success,0.25
8572,4759,2024-07-31 12:27:00,1798.62,success,26.98
8573,4760,2024-12-04 07:17:00,599.96,success,9.0
8574,4760,2024-12-21 07:17:00,5.56,success,0.08
8575,4760,2025-02-19 07:17:00,13.33,success,0.2
8576,4760,2025-01-28 07:17:00,488.11,success,7.32
8577,4760,2024-11-28 07:17:00,1229.95,success,18.45
8578,4763,2024-01-03 13:41:00,7.9,failed,0.0
8579,4763,2024-02-04 13:41:00,314.3,success,4.71
8580,4763,2024-01-21 13:41:00,1053.12,success,15.8
8581,4763,2023-12-07 13:41:00,8.06,success,0.12
8582,4763,2023-12-04 13:41:00,476.14,success,7.14
8583,4763,2023-12-14 13:41:00,1990.1,success,29.85
8584,4763,2023-12-04 13:41:00,334.51,success,5.02
8585,4765,2024-10-11 10:47:00,290.7,failed,0.0
8586,4765,2024-07-17 10:47:00,14.94,success,0.22
8587,4765,2024-10-10 10:47:00,1623.49,success,24.35
8588,4765,2024-08-26 10:47:00,139.77,failed,0.0
8589,4765,2024-08-31 10:47:00,1044.16,success,15.66
8590,4765,2024-09-09 10:47:00,11.98,success,0.18
8591,4765,2024-09-09 10:47:00,271.49,success,4.07
8592,4765,2024-09-27 10:47:00,8.59,success,0.13
8593,4766,2023-07-04 10:15:00,361.69,success,5.43
8594,4766,2023-06-03 10:15:00,1918.28,failed,0.0
8595,4770,2024-10-06 08:58:00,210.72,success,3.16
8596,4770,2024-10-08 08:58:00,1147.18,success,17.21
8597,4770,2024-10-05 08:58:00,122.55,success,1.84
8598,4771,2024-06-26 12:03:00,1988.39,success,29.83
8599,4771,2024-05-10 12:03:00,1485.9,success,22.29
8600,4772,2025-01-29 11:48:00,248.21,success,3.72
8601,4772,2025-04-02 11:48:00,1671.94,success,25.08
8602,4772,2025-01-23 11:48:00,16.01,success,0.24
8603,4773,2023-12-27 07:30:00,200.04,failed,0.0
8604,4773,2024-01-12 07:30:00,486.05,success,7.29
8605,4773,2024-01-03 07:30:00,716.84,success,10.75
8606,4773,2023-12-20 07:30:00,8.01,success,0.12
8607,4773,2024-01-08 07:30:00,9.64,success,0.14
8608,4773,2023-12-11 07:30:00,7.91,success,0.12
8609,4773,2023-12-17 07:30:00,17.23,success,0.26
8610,4775,2023-11-13 04:24:00,1351.42,success,20.27
8611,4775,2023-10-10 04:24:00,6.66,success,0.1
8612,4775,2023-11-18 04:24:00,13.45,success,0.2
8613,4775,2023-10-18 04:24:00,497.21,success,7.46
8614,4775,2023-11-02 04:24:00,662.8,success,9.94
8615,4779,2023-06-12 09:15:00,13.59,success,0.2
8616,4779,2023-05-07 09:15:00,743.47,success,11.15
8617,4779,2023-07-01 09:15:00,389.42,success,5.84
8618,4779,2023-06-23 09:15:00,154.72,success,2.32
8619,4779,2023-07-10 09:15:00,1115.28,success,16.73
8620,4779,2023-06-20 09:15:00,14.38,success,0.22
8621,4779,2023-04-20 09:15:00,968.78,success,14.53
8622,4779,2023-05-06 09:15:00,971.11,success,14.57
8623,4781,2025-01-26 20:51:00,357.22,success,5.36
8624,4781,2025-02-13 20:51:00,1515.66,success,22.73
8625,4784,2023-04-28 13:12:00,9.46,success,0.14
8626,4784,2023-07-07 13:12:00,1713.25,success,25.7
8627,4784,2023-05-17 13:12:00,477.87,success,7.17
8628,4784,2023-07-09 13:12:00,104.54,success,1.57
8629,4784,2023-05-19 13:12:00,153.42,success,2.3
8630,4786,2024-03-02 05:52:00,1759.28,success,26.39
8631,4786,2024-01-29 05:52:00,15.12,failed,0.0
8632,4786,2024-02-05 05:52:00,17.59,success,0.26
8633,4788,2023-07-30 23:59:00,1877.75,failed,0.0
8634,4788,2023-09-03 23:59:00,393.61,success,5.9
8635,4788,2023-07-28 23:59:00,298.83,failed,0.0
8636,4788,2023-07-24 23:59:00,633.54,success,9.5
8637,4788,2023-09-25 23:59:00,1469.43,failed,0.0
8638,4788,2023-09-30 23:59:00,12.77,success,0.19
8639,4788,2023-09-26 23:59:00,9.34,failed,0.0
8640,4788,2023-09-28 23:59:00,807.87,failed,0.0
8641,4791,2024-08-16 15:04:00,129.34,success,1.94
8642,4791,2024-09-03 15:04:00,1772.18,success,26.58
8643,4791,2024-07-21 15:04:00,383.19,success,5.75
8644,4791,2024-08-20 15:04:00,1858.14,success,27.87
8645,4791,2024-07-16 15:04:00,1474.25,success,22.11
8646,4791,2024-07-21 15:04:00,1789.04,success,26.84
8647,4793,2023-12-02 04:11:00,910.23,success,13.65
8648,4793,2023-11-14 04:11:00,366.72,success,5.5
8649,4793,2023-09-23 04:11:00,1188.53,success,17.83
8650,4796,2024-03-13 17:42:00,697.22,success,10.46
8651,4796,2024-03-23 17:42:00,656.96,success,9.85
8652,4796,2024-03-30 17:42:00,14.5,success,0.22
8653,4799,2024-09-11 15:15:00,9.18,success,0.14
8654,4799,2024-10-14 15:15:00,6.13,success,0.09
8655,4804,2023-08-29 05:20:00,1737.31,success,26.06
8656,4804,2023-07-12 05:20:00,192.99,success,2.89
8657,4804,2023-08-07 05:20:00,340.72,success,5.11
8658,4804,2023-07-29 05:20:00,1325.4,success,19.88
8659,4804,2023-07-20 05:20:00,253.69,success,3.81
8660,4804,2023-08-27 05:20:00,470.97,success,7.06
8661,4804,2023-08-15 05:20:00,19.56,success,0.29
8662,4806,2023-07-31 06:32:00,9.25,success,0.14
8663,4813,2024-05-25 23:56:00,379.35,success,5.69
8664,4813,2024-05-05 23:56:00,443.16,success,6.65
8665,4813,2024-03-11 23:56:00,14.41,success,0.22
8666,4813,2024-05-11 23:56:00,195.02,success,2.93
8667,4819,2024-07-08 20:18:00,6.7,success,0.1
8668,4819,2024-08-16 20:18:00,6.53,success,0.1
8669,4819,2024-07-29 20:18:00,8.43,success,0.13
8670,4819,2024-08-07 20:18:00,368.38,failed,0.0
8671,4819,2024-06-18 20:18:00,484.05,success,7.26
8672,4821,2023-02-17 05:42:00,177.16,failed,0.0
8673,4821,2023-02-04 05:42:00,15.66,failed,0.0
8674,4821,2023-04-06 05:42:00,9.79,success,0.15
8675,4827,2024-05-17 01:11:00,1150.87,success,17.26
8676,4827,2024-05-25 01:11:00,659.36,failed,0.0
8677,4828,2024-11-26 09:42:00,121.58,success,1.82
8678,4829,2023-03-17 20:16:00,303.58,failed,0.0
8679,4829,2023-03-05 20:16:00,786.3,success,11.79
8680,4829,2023-02-23 20:16:00,143.66,success,2.15
8681,4830,2024-03-13 13:06:00,6.51,success,0.1
8682,4830,2024-02-04 13:06:00,1711.44,success,25.67
8683,4830,2024-02-10 13:06:00,588.59,success,8.83
8684,4831,2023-07-09 02:38:00,1438.61,success,21.58
8685,4831,2023-06-12 02:38:00,1358.42,success,20.38
8686,4831,2023-06-06 02:38:00,14.66,failed,0.0
8687,4832,2025-01-17 12:05:00,1958.56,success,29.38
8688,4832,2025-01-07 12:05:00,1425.97,success,21.39
8689,4832,2025-01-27 12:05:00,1794.03,success,26.91
8690,4832,2025-01-28 12:05:00,1405.67,failed,0.0
8691,4832,2024-12-17 12:05:00,19.41,success,0.29
8692,4832,2025-01-22 12:05:00,158.99,success,2.38
8693,4832,2024-12-26 12:05:00,1369.12,failed,0.0
8694,4832,2024-12-14 12:05:00,1590.45,success,23.86
8695,4833,2023-06-29 23:11:00,13.59,success,0.2
8696,4833,2023-06-24 23:11:00,15.47,success,0.23
8697,4834,2023-03-23 08:58:00,758.38,success,11.38
8698,4834,2023-05-08 08:58:00,277.93,success,4.17
8699,4834,2023-05-15 08:58:00,381.26,success,5.72
8700,4834,2023-05-10 08:58:00,5.18,success,0.08
8701,4834,2023-02-21 08:58:00,1697.01,success,25.46
8702,4837,2024-04-17 10:58:00,11.38,success,0.17
8703,4837,2024-05-07 10:58:00,137.05,success,2.06
8704,4840,2024-02-25 10:26:00,413.72,success,6.21
8705,4840,2024-01-12 10:26:00,223.19,success,3.35
8706,4840,2024-02-03 10:26:00,1645.52,success,24.68
8707,4840,2023-12-25 10:26:00,1966.47,failed,0.0
8708,4840,2024-02-05 10:26:00,11.37,success,0.17
8709,4844,2023-01-27 13:39:00,1520.87,success,22.81
8710,4844,2023-02-24 13:39:00,583.89,success,8.76
8711,4844,2023-03-06 13:39:00,11.38,success,0.17
8712,4844,2023-04-14 13:39:00,637.27,success,9.56
8713,4844,2023-02-16 13:39:00,9.24,success,0.14
8714,4844,2023-02-10 13:39:00,1904.3,success,28.56
8715,4846,2024-12-03 09:40:00,13.37,success,0.2
8716,4847,2024-05-12 13:03:00,259.61,success,3.89
8717,4847,2024-07-03 13:03:00,1505.13,success,22.58
8718,4847,2024-07-11 13:03:00,6.27,success,0.09
8719,4847,2024-05-19 13:03:00,15.87,success,0.24
8720,4847,2024-07-20 13:03:00,1133.03,success,17.0
8721,4848,2023-05-13 00:08:00,6.2,failed,0.0
8722,4848,2023-04-27 00:08:00,16.71,success,0.25
8723,4848,2023-03-06 00:08:00,1777.7,success,26.67
8724,4848,2023-03-20 00:08:00,238.38,success,3.58
8725,4848,2023-04-02 00:08:00,12.63,success,0.19
8726,4848,2023-03-10 00:08:00,330.96,success,4.96
8727,4848,2023-02-20 00:08:00,1663.03,success,24.95
8728,4849,2023-09-24 08:49:00,1600.42,success,24.01
8729,4849,2023-11-08 08:49:00,17.89,success,0.27
8730,4849,2023-09-09 08:49:00,11.13,success,0.17
8731,4849,2023-10-28 08:49:00,13.37,success,0.2
8732,4849,2023-09-02 08:49:00,379.27,success,5.69
8733,4849,2023-10-17 08:49:00,9.94,success,0.15
8734,4849,2023-09-28 08:49:00,255.6,success,3.83
8735,4850,2024-12-13 21:58:00,927.77,success,13.92
8736,4850,2024-11-29 21:58:00,547.46,failed,0.0
8737,4850,2024-12-02 21:58:00,13.52,success,0.2
8738,4855,2024-09-11 08:59:00,188.06,success,2.82
8739,4855,2024-09-24 08:59:00,17.85,success,0.27
8740,4855,2024-09-10 08:59:00,8.55,success,0.13
8741,4855,2024-08-06 08:59:00,1450.41,success,21.76
8742,4857,2024-05-20 09:43:00,5.55,failed,0.0
8743,4857,2024-05-23 09:43:00,1269.15,success,19.04
8744,4857,2024-04-11 09:43:00,14.42,success,0.22
8745,4857,2024-05-01 09:43:00,72.41,success,1.09
8746,4857,2024-06-16 09:43:00,1439.8,success,21.6
8747,4857,2024-05-24 09:43:00,463.74,success,6.96
8748,4860,2024-07-23 02:15:00,531.52,success,7.97
8749,4860,2024-08-08 02:15:00,1466.4,success,22.0
8750,4862,2023-09-05 13:46:00,576.39,success,8.65
8751,4862,2023-08-31 13:46:00,1383.33,success,20.75
8752,4862,2023-08-29 13:46:00,518.76,success,7.78
8753,4862,2023-09-28 13:46:00,12.35,success,0.19
8754,4862,2023-10-12 13:46:00,816.15,success,12.24
8755,4862,2023-10-28 13:46:00,16.79,failed,0.0
8756,4862,2023-08-20 13:46:00,17.78,success,0.27
8757,4863,2023-05-25 19:22:00,222.15,failed,0.0
8758,4863,2023-07-03 19:22:00,1875.28,success,28.13
8759,4863,2023-07-07 19:22:00,7.27,success,0.11
8760,4863,2023-07-10 19:22:00,17.48,success,0.26
8761,4863,2023-07-30 19:22:00,1677.77,success,25.17
8762,4863,2023-05-22 19:22:00,681.85,success,10.23
8763,4864,2023-11-28 10:37:00,1632.56,success,24.49
8764,4864,2024-01-02 10:37:00,94.93,success,1.42
8765,4864,2023-12-20 10:37:00,12.52,success,0.19
8766,4864,2024-01-19 10:37:00,1891.3,failed,0.0
8767,4864,2024-02-10 10:37:00,245.53,failed,0.0
8768,4864,2024-01-04 10:37:00,9.3,success,0.14
8769,4864,2024-01-08 10:37:00,11.97,failed,0.0
8770,4865,2023-05-28 15:30:00,17.07,success,0.26
8771,4865,2023-05-25 15:30:00,358.26,success,5.37
8772,4865,2023-04-17 15:30:00,13.4,success,0.2
8773,4867,2024-07-28 15:58:00,1619.87,success,24.3
8774,4867,2024-06-04 15:58:00,1517.33,success,22.76
8775,4868,2024-10-24 00:09:00,5.31,failed,0.0
8776,4868,2024-11-01 00:09:00,967.81,success,14.52
8777,4868,2024-08-12 00:09:00,7.52,success,0.11
8778,4868,2024-10-06 00:09:00,1816.7,success,27.25
8779,4868,2024-10-19 00:09:00,6.23,success,0.09
8780,4870,2024-01-31 05:59:00,368.5,success,5.53
8781,4870,2024-04-07 05:59:00,18.8,success,0.28
8782,4870,2024-03-19 05:59:00,11.24,success,0.17
8783,4870,2024-04-25 05:59:00,15.89,success,0.24
8784,4870,2024-03-03 05:59:00,589.38,failed,0.0
8785,4870,2024-04-12 05:59:00,10.72,success,0.16
8786,4870,2024-04-09 05:59:00,126.75,success,1.9
8787,4872,2024-12-07 01:20:00,15.6,success,0.23
8788,4872,2025-01-27 01:20:00,356.33,success,5.34
8789,4872,2024-12-29 01:20:00,866.73,success,13.0
8790,4872,2024-11-18 01:20:00,9.5,failed,0.0
8791,4872,2024-12-11 01:20:00,12.64,success,0.19
8792,4872,2024-12-01 01:20:00,1401.04,success,21.02
8793,4872,2025-01-02 01:20:00,293.76,success,4.41
8794,4873,2024-05-23 05:14:00,1129.43,success,16.94
8795,4873,2024-05-10 05:14:00,316.17,success,4.74
8796,4874,2025-01-12 21:42:00,311.41,success,4.67
8797,4874,2025-01-14 21:42:00,326.11,failed,0.0
8798,4874,2024-11-25 21:42:00,720.71,success,10.81
8799,4874,2024-11-12 21:42:00,17.72,success,0.27
8800,4875,2023-07-01 08:35:00,1226.53,success,18.4
8801,4875,2023-05-17 08:35:00,1318.55,success,19.78
8802,4876,2023-10-02 17:49:00,1416.06,success,21.24
8803,4876,2023-09-30 17:49:00,1253.3,success,18.8
8804,4876,2023-09-26 17:49:00,536.61,success,8.05
8805,4876,2023-09-09 17:49:00,519.76,success,7.8
8806,4876,2023-10-22 17:49:00,1845.17,success,27.68
8807,4876,2023-09-26 17:49:00,7.59,failed,0.0
8808,4876,2023-08-30 17:49:00,10.65,success,0.16
8809,4877,2023-07-08 11:11:00,5.11,success,0.08
8810,4877,2023-08-12 11:11:00,9.9,failed,0.0
8811,4877,2023-07-24 11:11:00,833.73,success,12.51
8812,4877,2023-07-17 11:11:00,5.07,success,0.08
8813,4879,2023-09-19 00:42:00,1135.65,failed,0.0
8814,4880,2024-07-09 16:08:00,1347.2,success,20.21
8815,4880,2024-07-23 16:08:00,1766.9,success,26.5
8816,4880,2024-06-13 16:08:00,444.72,success,6.67
8817,4880,2024-06-26 16:08:00,19.49,success,0.29
8818,4880,2024-08-18 16:08:00,10.49,success,0.16
8819,4886,2023-10-03 14:53:00,388.47,success,5.83
8820,4886,2023-09-17 14:53:00,9.41,success,0.14
8821,4886,2023-09-11 14:53:00,366.29,success,5.49
8822,4892,2024-12-08 05:05:00,1609.42,success,24.14
8823,4892,2025-01-10 05:05:00,9.1,success,0.14
8824,4892,2024-12-11 05:05:00,430.18,success,6.45
8825,4893,2023-09-07 22:14:00,356.21,success,5.34
8826,4893,2023-09-22 22:14:00,14.55,failed,0.0
8827,4893,2023-09-05 22:14:00,5.5,success,0.08
8828,4893,2023-10-28 22:14:00,480.39,success,7.21
8829,4893,2023-11-15 22:14:00,1431.72,success,21.48
8830,4893,2023-11-05 22:14:00,341.85,success,5.13
8831,4893,2023-09-23 22:14:00,91.56,failed,0.0
8832,4895,2024-10-21 01:40:00,1869.99,success,28.05
8833,4895,2024-12-25 01:40:00,19.78,success,0.3
8834,4896,2024-01-24 20:33:00,428.77,success,6.43
8835,4896,2024-01-18 20:33:00,686.76,success,10.3
8836,4896,2024-03-04 20:33:00,279.57,success,4.19
8837,4896,2024-01-26 20:33:00,1679.31,success,25.19
8838,4897,2023-12-09 15:05:00,468.69,failed,0.0
8839,4897,2024-01-26 15:05:00,7.62,success,0.11
8840,4897,2023-12-24 15:05:00,9.61,success,0.14
8841,4898,2024-09-08 21:47:00,1487.45,failed,0.0
8842,4898,2024-10-18 21:47:00,6.5,success,0.1
8843,4898,2024-10-09 21:47:00,11.83,failed,0.0
8844,4898,2024-10-29 21:47:00,18.11,success,0.27
8845,4902,2023-09-11 14:24:00,6.0,success,0.09
8846,4902,2023-10-28 14:24:00,1645.93,success,24.69
8847,4903,2024-05-26 06:09:00,265.65,success,3.98
8848,4903,2024-04-20 06:09:00,14.4,success,0.22
8849,4903,2024-06-12 06:09:00,859.77,success,12.9
8850,4903,2024-03-30 06:09:00,5.3,success,0.08
8851,4905,2024-03-19 13:38:00,1605.66,success,24.08
8852,4905,2024-02-11 13:38:00,17.64,success,0.26
8853,4905,2024-04-19 13:38:00,498.18,success,7.47
8854,4905,2024-03-01 13:38:00,335.42,success,5.03
8855,4905,2024-04-03 13:38:00,368.14,success,5.52
8856,4905,2024-04-14 13:38:00,159.33,failed,0.0
8857,4906,2023-06-17 02:20:00,343.03,success,5.15
8858,4906,2023-07-24 02:20:00,7.24,success,0.11
8859,4906,2023-07-20 02:20:00,5.6,success,0.08
8860,4906,2023-07-10 02:20:00,368.86,failed,0.0
8861,4906,2023-07-28 02:20:00,609.15,success,9.14
8862,4906,2023-07-08 02:20:00,17.88,success,0.27
8863,4906,2023-05-25 02:20:00,10.34,success,0.16
8864,4907,2024-04-13 18:18:00,1595.18,success,23.93
8865,4907,2024-03-28 18:18:00,17.32,success,0.26
8866,4907,2024-06-13 18:18:00,14.04,success,0.21
8867,4907,2024-04-05 18:18:00,875.23,failed,0.0
8868,4907,2024-05-10 18:18:00,352.62,success,5.29
8869,4907,2024-06-20 18:18:00,19.25,success,0.29
8870,4907,2024-05-29 18:18:00,338.82,success,5.08
8871,4910,2023-12-19 14:42:00,1352.15,failed,0.0
8872,4910,2023-11-30 14:42:00,446.67,success,6.7
8873,4910,2024-02-05 14:42:00,6.95,success,0.1
8874,4913,2024-04-01 08:18:00,1151.06,success,17.27
8875,4913,2024-03-22 08:18:00,10.28,success,0.15
8876,4913,2024-03-03 08:18:00,76.67,success,1.15
8877,4915,2024-06-25 12:51:00,299.63,success,4.49
8878,4917,2024-05-31 14:22:00,18.16,success,0.27
8879,4917,2024-04-02 14:22:00,15.14,success,0.23
8880,4917,2024-06-07 14:22:00,15.25,failed,0.0
8881,4917,2024-06-04 14:22:00,644.96,success,9.67
8882,4917,2024-04-23 14:22:00,408.41,success,6.13
8883,4917,2024-04-14 14:22:00,1604.86,success,24.07
8884,4917,2024-03-29 14:22:00,12.05,success,0.18
8885,4927,2023-03-25 01:54:00,980.41,success,14.71
8886,4927,2023-05-30 01:54:00,1567.79,success,23.52
8887,4930,2024-03-25 17:41:00,1376.34,success,20.65
8888,4931,2024-03-13 18:08:00,692.5,success,10.39
8889,4931,2024-03-18 18:08:00,13.77,failed,0.0
8890,4931,2024-03-29 18:08:00,1022.02,success,15.33
8891,4931,2024-03-23 18:08:00,723.87,success,10.86
8892,4931,2024-04-11 18:08:00,16.12,failed,0.0
8893,4932,2025-01-05 08:00:00,6.64,success,0.1
8894,4932,2025-02-18 08:00:00,176.62,success,2.65
8895,4934,2023-07-14 20:30:00,7.2,failed,0.0
8896,4934,2023-06-21 20:30:00,917.44,success,13.76
8897,4934,2023-05-12 20:30:00,1512.1,success,22.68
8898,4935,2023-08-28 01:34:00,417.64,success,6.26
8899,4935,2023-09-16 01:34:00,135.22,failed,0.0
8900,4935,2023-08-25 01:34:00,138.85,success,2.08
8901,4938,2023-05-08 12:26:00,1113.11,success,16.7
8902,4938,2023-02-28 12:26:00,1937.41,failed,0.0
8903,4938,2023-05-17 12:26:00,12.27,success,0.18
8904,4941,2025-02-15 19:23:00,187.35,success,2.81
8905,4941,2025-02-22 19:23:00,399.27,success,5.99
8906,4941,2025-02-23 19:23:00,1050.74,success,15.76
8907,4943,2023-05-11 04:17:00,12.58,success,0.19
8908,4943,2023-08-07 04:17:00,1919.96,success,28.8
8909,4943,2023-06-07 04:17:00,396.09,success,5.94
8910,4948,2024-03-14 08:08:00,492.5,success,7.39
8911,4948,2024-04-16 08:08:00,1501.46,success,22.52
8912,4948,2024-03-16 08:08:00,1301.57,success,19.52
8913,4948,2024-02-19 08:08:00,11.28,success,0.17
8914,4948,2024-03-23 08:08:00,232.63,success,3.49
8915,4949,2023-09-23 07:54:00,323.43,success,4.85
8916,4949,2023-08-30 07:54:00,239.5,success,3.59
8917,4949,2023-07-29 07:54:00,1155.68,success,17.34
8918,4949,2023-10-05 07:54:00,15.3,success,0.23
8919,4949,2023-09-08 07:54:00,729.55,failed,0.0
8920,4951,2023-07-17 02:53:00,7.18,failed,0.0
8921,4951,2023-06-11 02:53:00,6.23,success,0.09
8922,4951,2023-06-17 02:53:00,1018.52,success,15.28
8923,4951,2023-05-12 02:53:00,405.18,failed,0.0
8924,4952,2023-08-15 12:43:00,15.58,success,0.23
8925,4952,2023-10-02 12:43:00,104.55,success,1.57
8926,4952,2023-07-31 12:43:00,13.19,success,0.2
8927,4952,2023-08-10 12:43:00,151.77,success,2.28
8928,4952,2023-10-08 12:43:00,8.09,success,0.12
8929,4952,2023-07-31 12:43:00,1467.54,success,22.01
8930,4955,2023-07-21 23:34:00,421.66,success,6.32
8931,4955,2023-05-19 23:34:00,17.62,success,0.26
8932,4955,2023-05-31 23:34:00,495.37,success,7.43
8933,4955,2023-07-12 23:34:00,13.22,success,0.2
8934,4955,2023-06-28 23:34:00,1296.81,success,19.45
8935,4955,2023-07-08 23:34:00,257.02,success,3.86
8936,4956,2024-09-17 17:07:00,731.9,success,10.98
8937,4958,2023-09-17 07:42:00,849.65,success,12.74
8938,4958,2023-09-28 07:42:00,1758.94,success,26.38
8939,4958,2023-09-05 07:42:00,1410.16,success,21.15
8940,4959,2025-01-17 12:00:00,592.07,success,8.88
8941,4959,2025-02-15 12:00:00,9.28,success,0.14
8942,4959,2025-01-28 12:00:00,244.38,success,3.67
8943,4959,2025-02-09 12:00:00,1255.03,success,18.83
8944,4959,2024-12-31 12:00:00,1328.43,success,19.93
8945,4959,2025-03-02 12:00:00,152.66,failed,0.0
8946,4962,2024-07-02 18:01:00,5.56,failed,0.0
8947,4962,2024-04-10 18:01:00,10.87,success,0.16
8948,4962,2024-06-21 18:01:00,1467.81,failed,0.0
8949,4962,2024-05-08 18:01:00,444.72,success,6.67
8950,4962,2024-07-04 18:01:00,7.4,success,0.11
8951,4962,2024-05-12 18:01:00,1411.8,success,21.18
8952,4964,2024-05-16 09:43:00,1050.12,success,15.75
8953,4964,2024-05-02 09:43:00,114.58,success,1.72
8954,4964,2024-06-09 09:43:00,446.08,success,6.69
8955,4965,2024-12-07 07:20:00,1604.72,success,24.07
8956,4965,2025-01-11 07:20:00,189.25,failed,0.0
8957,4965,2024-10-31 07:20:00,13.55,success,0.2
8958,4965,2024-10-20 07:20:00,272.56,success,4.09
8959,4965,2024-11-20 07:20:00,362.99,success,5.44
8960,4965,2024-12-21 07:20:00,1607.11,success,24.11
8961,4970,2024-08-20 13:50:00,1180.12,success,17.7
8962,4970,2024-09-06 13:50:00,145.78,success,2.19
8963,4970,2024-08-24 13:50:00,254.72,success,3.82
8964,4970,2024-07-07 13:50:00,6.71,success,0.1
8965,4970,2024-09-11 13:50:00,251.33,success,3.77
8966,4970,2024-07-12 13:50:00,364.05,success,5.46
8967,4970,2024-09-02 13:50:00,109.24,success,1.64
8968,4970,2024-08-04 13:50:00,15.06,success,0.23
8969,4973,2024-01-31 19:23:00,1067.35,success,16.01
8970,4973,2023-12-14 19:23:00,1157.07,failed,0.0
8971,4973,2024-01-02 19:23:00,1851.93,failed,0.0
8972,4973,2023-12-10 19:23:00,58.58,success,0.88
8973,4973,2024-01-21 19:23:00,1421.83,success,21.33
8974,4974,2024-04-06 10:45:00,166.29,success,2.49
8975,4974,2024-03-15 10:45:00,1447.43,failed,0.0
8976,4974,2024-03-12 10:45:00,695.72,failed,0.0
8977,4974,2024-03-21 10:45:00,7.15,success,0.11
8978,4975,2023-08-02 21:13:00,16.96,failed,0.0
8979,4975,2023-07-11 21:13:00,1444.66,success,21.67
8980,4975,2023-08-19 21:13:00,1159.28,success,17.39
8981,4975,2023-06-16 21:13:00,1624.87,success,24.37
8982,4975,2023-07-23 21:13:00,1805.66,success,27.08
8983,4975,2023-07-15 21:13:00,13.0,success,0.2
8984,4977,2024-11-23 14:52:00,11.07,success,0.17
8985,4978,2024-10-17 12:41:00,19.65,success,0.29
8986,4978,2024-11-16 12:41:00,316.66,success,4.75
8987,4978,2024-10-09 12:41:00,15.77,failed,0.0
8988,4984,2025-01-06 13:10:00,535.03,success,8.03
8989,4984,2024-11-09 13:10:00,11.56,success,0.17
8990,4984,2025-01-02 13:10:00,5.75,success,0.09
8991,4984,2024-12-15 13:10:00,332.9,success,4.99
8992,4984,2024-11-17 13:10:00,462.8,success,6.94
8993,4984,2025-01-22 13:10:00,262.94,success,3.94
8994,4985,2023-11-07 05:58:00,1180.45,success,17.71
8995,4985,2023-11-05 05:58:00,467.66,success,7.01
8996,4985,2023-10-28 05:58:00,495.51,failed,0.0
8997,4985,2023-11-08 05:58:00,309.78,success,4.65
8998,4985,2023-09-16 05:58:00,398.61,success,5.98
8999,4985,2023-10-25 05:58:00,370.49,success,5.56
9000,4985,2023-09-04 05:58:00,16.78,success,0.25
9001,4987,2023-05-14 10:13:00,128.23,success,1.92
9002,4987,2023-04-13 10:13:00,1517.69,success,22.77
9003,4987,2023-03-12 10:13:00,441.94,success,6.63
9004,4991,2024-04-14 23:11:00,389.31,failed,0.0
9005,4991,2024-05-24 23:11:00,84.21,success,1.26
9006,4991,2024-05-15 23:11:00,72.09,success,1.08
9007,4991,2024-03-23 23:11:00,1345.99,failed,0.0
9008,4991,2024-06-05 23:11:00,352.81,success,5.29
9009,4993,2023-07-11 02:12:00,767.06,failed,0.0
9010,4993,2023-06-28 02:12:00,407.93,success,6.12
9011,4993,2023-07-24 02:12:00,828.58,success,12.43
9012,4996,2024-06-28 14:17:00,103.24,success,1.55
9013,4996,2024-07-19 14:17:00,1419.61,success,21.29
9014,4996,2024-07-22 14:17:00,149.89,failed,0.0
9015,4997,2023-08-07 14:22:00,15.43,success,0.23
9016,4999,2024-10-12 19:12:00,732.88,success,10.99
9017,4999,2024-09-07 19:12:00,220.12,failed,0.0
9018,4999,2024-09-07 19:12:00,890.28,success,13.35
9019,4999,2024-12-03 19:12:00,515.96,success,7.74
9020,5000,2024-10-24 17:00:00,18.39,success,0.28
9021,5000,2024-11-22 17:00:00,17.74,success,0.27
9022,5000,2024-12-22 17:00:00,1930.49,success,28.96
9023,5000,2024-11-02 17:00:00,7.41,success,0.11
9024,5000,2024-09-28 17:00:00,1456.92,success,21.85
9025,5000,2024-12-17 17:00:00,1779.24,failed,0.0
9026,5000,2024-11-27 17:00:00,387.01,success,5.81
