user_id,signup_date,acquisition_channel,country,device_type,kyc_status,kyc_completed_at
1,2024-10-16 00:00:00,organic,UK,iOS,approved,2024-10-21 00:00:00
2,2024-08-03 00:00:00,affiliate,Ireland,Android,rejected,
3,2023-04-28 00:00:00,paid_ads,UK,iOS,approved,2023-05-02 00:00:00
4,2024-06-29 00:00:00,paid_ads,Ireland,iOS,approved,2024-07-04 00:00:00
5,2023-02-02 00:00:00,affiliate,Ireland,iOS,approved,2023-02-04 00:00:00
6,2023-08-07 00:00:00,affiliate,India,iOS,approved,2023-08-11 00:00:00
7,2024-10-11 00:00:00,affiliate,UK,iOS,pending,
8,2024-07-18 00:00:00,paid_ads,UK,iOS,pending,
9,2023-06-01 00:00:00,referral,Ireland,iOS,rejected,
10,2024-02-21 00:00:00,affiliate,UK,Android,approved,2024-02-23 00:00:00
11,2023-11-04 00:00:00,referral,UK,iOS,approved,2023-11-06 00:00:00
12,2023-08-29 00:00:00,paid_ads,Ireland,iOS,approved,2023-09-02 00:00:00
13,2024-05-12 00:00:00,organic,Ireland,Android,approved,2024-05-16 00:00:00
14,2023-03-19 00:00:00,paid_ads,India,iOS,approved,2023-03-24 00:00:00
15,2024-08-29 00:00:00,organic,India,Android,pending,
16,2024-06-27 00:00:00,referral,India,Android,approved,2024-06-30 00:00:00
17,2024-04-25 00:00:00,referral,Ireland,Android,pending,
18,2023-04-12 00:00:00,affiliate,Ireland,iOS,approved,2023-04-14 00:00:00
19,2024-04-24 00:00:00,paid_ads,UK,Android,approved,2024-04-25 00:00:00
20,2024-05-18 00:00:00,affiliate,UK,iOS,approved,2024-05-20 00:00:00
21,2023-07-13 00:00:00,affiliate,Ireland,iOS,pending,
22,2024-05-22 00:00:00,affiliate,Ireland,Android,approved,2024-05-26 00:00:00
23,2024-09-26 00:00:00,paid_ads,UK,Android,approved,2024-09-30 00:00:00
24,2023-10-21 00:00:00,paid_ads,Ireland,Android,approved,2023-10-24 00:00:00
25,2023-04-21 00:00:00,paid_ads,UK,Android,pending,
26,2023-04-29 00:00:00,organic,India,iOS,approved,2023-05-04 00:00:00
27,2024-01-06 00:00:00,referral,Ireland,iOS,pending,
28,2024-05-17 00:00:00,paid_ads,Ireland,Android,approved,2024-05-19 00:00:00
29,2024-01-17 00:00:00,paid_ads,UK,Android,approved,2024-01-18 00:00:00
30,2023-04-04 00:00:00,paid_ads,Ireland,iOS,approved,2023-04-07 00:00:00
31,2023-05-30 00:00:00,organic,Ireland,iOS,approved,2023-06-03 00:00:00
32,2024-04-18 00:00:00,paid_ads,India,Android,pending,
33,2023-06-03 00:00:00,referral,UK,iOS,rejected,
34,2024-07-06 00:00:00,paid_ads,India,iOS,pending,
35,2023-10-07 00:00:00,referral,UK,Android,rejected,
36,2024-09-29 00:00:00,referral,Ireland,Android,approved,2024-10-04 00:00:00
37,2024-10-20 00:00:00,organic,UK,iOS,approved,2024-10-22 00:00:00
38,2023-09-17 00:00:00,organic,UK,iOS,pending,
39,2024-05-23 00:00:00,paid_ads,Ireland,Android,approved,2024-05-27 00:00:00
40,2023-01-27 00:00:00,paid_ads,UK,iOS,approved,2023-01-30 00:00:00
41,2023-05-05 00:00:00,affiliate,UK,iOS,approved,2023-05-10 00:00:00
42,2024-05-24 00:00:00,affiliate,UK,Android,approved,2024-05-28 00:00:00
43,2023-11-17 00:00:00,organic,Ireland,Android,rejected,
44,2024-01-10 00:00:00,organic,Ireland,Android,approved,2024-01-14 00:00:00
45,2024-10-20 00:00:00,paid_ads,Ireland,iOS,pending,
46,2023-10-08 00:00:00,organic,UK,iOS,pending,
47,2023-08-08 00:00:00,organic,UK,Android,approved,2023-08-13 00:00:00
48,2023-10-20 00:00:00,paid_ads,India,iOS,approved,2023-10-21 00:00:00
49,2024-03-13 00:00:00,referral,Ireland,Android,approved,2024-03-16 00:00:00
50,2023-03-03 00:00:00,affiliate,Ireland,Android,approved,2023-03-05 00:00:00
51,2024-06-21 00:00:00,referral,Ireland,iOS,approved,2024-06-25 00:00:00
52,2024-04-22 00:00:00,organic,India,iOS,rejected,
53,2024-03-03 00:00:00,organic,Ireland,iOS,approved,2024-03-08 00:00:00
54,2024-12-25 00:00:00,organic,Ireland,iOS,approved,2024-12-30 00:00:00
55,2024-02-11 00:00:00,affiliate,Ireland,Android,approved,2024-02-13 00:00:00
56,2024-02-03 00:00:00,referral,Ireland,iOS,approved,2024-02-06 00:00:00
57,2024-02-12 00:00:00,affiliate,Ireland,Android,approved,2024-02-14 00:00:00
58,2024-03-01 00:00:00,affiliate,Ireland,Android,approved,2024-03-04 00:00:00
59,2023-09-07 00:00:00,referral,UK,iOS,approved,2023-09-11 00:00:00
60,2023-02-12 00:00:00,paid_ads,Ireland,iOS,pending,
61,2024-11-26 00:00:00,paid_ads,Ireland,Android,approved,2024-11-29 00:00:00
62,2023-08-23 00:00:00,referral,UK,iOS,pending,
63,2023-10-19 00:00:00,paid_ads,UK,Android,approved,2023-10-24 00:00:00
64,2023-10-21 00:00:00,paid_ads,UK,iOS,approved,2023-10-26 00:00:00
65,2023-09-23 00:00:00,organic,Ireland,Android,pending,
66,2024-11-02 00:00:00,referral,Ireland,iOS,approved,2024-11-03 00:00:00
67,2023-09-06 00:00:00,referral,UK,iOS,approved,2023-09-11 00:00:00
68,2024-04-14 00:00:00,affiliate,Ireland,iOS,pending,
69,2023-02-01 00:00:00,affiliate,India,Android,approved,2023-02-02 00:00:00
70,2024-03-30 00:00:00,paid_ads,Ireland,Android,pending,
71,2024-01-27 00:00:00,paid_ads,Ireland,iOS,approved,2024-01-29 00:00:00
72,2024-08-04 00:00:00,paid_ads,UK,iOS,rejected,
73,2023-01-01 00:00:00,referral,UK,Android,approved,2023-01-04 00:00:00
74,2023-12-25 00:00:00,organic,Ireland,iOS,approved,2023-12-27 00:00:00
75,2024-06-19 00:00:00,referral,UK,Android,rejected,
76,2024-06-16 00:00:00,referral,India,Android,approved,2024-06-20 00:00:00
77,2024-02-25 00:00:00,organic,UK,Android,approved,2024-02-29 00:00:00
78,2024-11-24 00:00:00,organic,UK,iOS,rejected,
79,2023-11-09 00:00:00,paid_ads,UK,iOS,rejected,
80,2024-02-11 00:00:00,paid_ads,Ireland,Android,rejected,
81,2023-09-25 00:00:00,paid_ads,India,Android,approved,2023-09-27 00:00:00
82,2024-08-20 00:00:00,paid_ads,UK,iOS,approved,2024-08-24 00:00:00
83,2023-06-23 00:00:00,organic,UK,Android,approved,2023-06-28 00:00:00
84,2023-04-29 00:00:00,organic,UK,iOS,pending,
85,2023-10-02 00:00:00,affiliate,Ireland,Android,approved,2023-10-06 00:00:00
86,2024-06-04 00:00:00,paid_ads,UK,iOS,pending,
87,2024-05-31 00:00:00,organic,UK,iOS,rejected,
88,2023-07-02 00:00:00,referral,UK,iOS,approved,2023-07-06 00:00:00
89,2024-03-29 00:00:00,paid_ads,India,Android,pending,
90,2024-10-02 00:00:00,paid_ads,UK,iOS,approved,2024-10-05 00:00:00
91,2024-10-26 00:00:00,organic,UK,iOS,pending,
92,2023-01-26 00:00:00,affiliate,India,iOS,pending,
93,2024-07-04 00:00:00,referral,UK,iOS,approved,2024-07-08 00:00:00
94,2023-10-24 00:00:00,paid_ads,Ireland,iOS,approved,2023-10-28 00:00:00
95,2023-11-09 00:00:00,organic,UK,Android,pending,
96,2024-04-06 00:00:00,referral,UK,Android,approved,2024-04-09 00:00:00
97,2024-06-14 00:00:00,affiliate,Ireland,iOS,approved,2024-06-17 00:00:00
98,2024-06-08 00:00:00,organic,UK,iOS,approved,2024-06-12 00:00:00
99,2023-10-10 00:00:00,affiliate,Ireland,iOS,approved,2023-10-12 00:00:00
100,2024-12-29 00:00:00,affiliate,Ireland,Android,approved,2024-12-30 00:00:00
101,2023-10-11 00:00:00,organic,India,iOS,approved,2023-10-13 00:00:00
102,2023-02-25 00:00:00,referral,Ireland,Android,approved,2023-02-27 00:00:00
103,2023-12-12 00:00:00,referral,UK,iOS,pending,
104,2024-02-09 00:00:00,organic,Ireland,Android,approved,2024-02-13 00:00:00
105,2024-04-23 00:00:00,affiliate,UK,iOS,pending,
106,2024-01-23 00:00:00,organic,Ireland,Android,rejected,
107,2023-06-05 00:00:00,organic,UK,iOS,approved,2023-06-09 00:00:00
108,2023-05-05 00:00:00,affiliate,UK,iOS,pending,
109,2023-08-02 00:00:00,referral,UK,iOS,approved,2023-08-03 00:00:00
110,2023-03-12 00:00:00,referral,Ireland,Android,approved,2023-03-17 00:00:00
111,2023-03-23 00:00:00,referral,UK,iOS,rejected,
112,2024-03-01 00:00:00,paid_ads,UK,Android,rejected,
113,2024-03-29 00:00:00,affiliate,India,Android,rejected,
114,2024-01-20 00:00:00,paid_ads,India,iOS,pending,
115,2023-11-06 00:00:00,organic,India,iOS,rejected,
116,2024-10-09 00:00:00,referral,Ireland,iOS,approved,2024-10-14 00:00:00
117,2023-04-26 00:00:00,paid_ads,Ireland,iOS,approved,2023-04-27 00:00:00
118,2023-08-25 00:00:00,affiliate,UK,Android,pending,
119,2024-02-07 00:00:00,paid_ads,Ireland,Android,approved,2024-02-12 00:00:00
120,2023-11-13 00:00:00,paid_ads,India,Android,pending,
121,2024-02-27 00:00:00,organic,UK,iOS,approved,2024-03-02 00:00:00
122,2024-04-01 00:00:00,organic,Ireland,Android,pending,
123,2024-05-20 00:00:00,organic,UK,iOS,approved,2024-05-25 00:00:00
124,2023-08-01 00:00:00,paid_ads,India,iOS,approved,2023-08-03 00:00:00
125,2024-10-23 00:00:00,organic,Ireland,iOS,rejected,
126,2023-11-20 00:00:00,paid_ads,Ireland,Android,rejected,
127,2023-06-29 00:00:00,organic,UK,Android,pending,
128,2023-11-14 00:00:00,paid_ads,Ireland,Android,rejected,
129,2024-12-04 00:00:00,paid_ads,India,iOS,pending,
130,2023-05-01 00:00:00,organic,Ireland,iOS,pending,
131,2023-10-05 00:00:00,organic,UK,iOS,approved,2023-10-10 00:00:00
132,2024-05-13 00:00:00,organic,UK,iOS,approved,2024-05-16 00:00:00
133,2024-01-04 00:00:00,paid_ads,Ireland,Android,approved,2024-01-05 00:00:00
134,2023-08-31 00:00:00,paid_ads,Ireland,Android,approved,2023-09-01 00:00:00
135,2024-08-16 00:00:00,referral,Ireland,iOS,approved,2024-08-21 00:00:00
136,2023-10-09 00:00:00,affiliate,Ireland,iOS,approved,2023-10-11 00:00:00
137,2024-09-05 00:00:00,paid_ads,UK,iOS,pending,
138,2023-03-19 00:00:00,paid_ads,India,iOS,rejected,
139,2023-01-20 00:00:00,affiliate,Ireland,Android,pending,
140,2024-05-17 00:00:00,referral,Ireland,Android,pending,
141,2023-11-07 00:00:00,referral,UK,Android,approved,2023-11-10 00:00:00
142,2024-09-25 00:00:00,organic,UK,iOS,approved,2024-09-28 00:00:00
143,2023-06-02 00:00:00,paid_ads,India,iOS,pending,
144,2023-08-24 00:00:00,paid_ads,Ireland,iOS,rejected,
145,2024-04-13 00:00:00,paid_ads,UK,Android,approved,2024-04-18 00:00:00
146,2023-06-15 00:00:00,paid_ads,India,Android,approved,2023-06-17 00:00:00
147,2023-10-28 00:00:00,referral,UK,Android,approved,2023-10-29 00:00:00
148,2023-10-20 00:00:00,organic,Ireland,Android,rejected,
149,2024-08-11 00:00:00,organic,Ireland,iOS,approved,2024-08-14 00:00:00
150,2024-12-23 00:00:00,organic,India,Android,pending,
151,2023-10-12 00:00:00,organic,Ireland,Android,rejected,
152,2024-01-17 00:00:00,organic,Ireland,iOS,approved,2024-01-19 00:00:00
153,2024-04-28 00:00:00,organic,UK,iOS,pending,
154,2023-02-24 00:00:00,organic,Ireland,Android,approved,2023-03-01 00:00:00
155,2024-09-08 00:00:00,organic,India,iOS,approved,2024-09-11 00:00:00
156,2023-10-13 00:00:00,paid_ads,UK,Android,rejected,
157,2023-05-18 00:00:00,organic,UK,Android,approved,2023-05-20 00:00:00
158,2024-08-04 00:00:00,referral,Ireland,iOS,approved,2024-08-07 00:00:00
159,2024-04-23 00:00:00,organic,UK,Android,rejected,
160,2023-11-04 00:00:00,paid_ads,Ireland,Android,pending,
161,2024-02-20 00:00:00,organic,Ireland,iOS,approved,2024-02-24 00:00:00
162,2024-08-21 00:00:00,paid_ads,India,Android,pending,
163,2023-09-18 00:00:00,affiliate,Ireland,iOS,approved,2023-09-23 00:00:00
164,2024-05-18 00:00:00,referral,Ireland,Android,pending,
165,2024-10-18 00:00:00,paid_ads,UK,Android,approved,2024-10-21 00:00:00
166,2023-06-02 00:00:00,organic,Ireland,Android,approved,2023-06-06 00:00:00
167,2023-04-08 00:00:00,paid_ads,Ireland,Android,approved,2023-04-13 00:00:00
168,2024-06-22 00:00:00,paid_ads,Ireland,Android,approved,2024-06-23 00:00:00
169,2023-06-08 00:00:00,affiliate,UK,Android,approved,2023-06-09 00:00:00
170,2023-03-31 00:00:00,organic,Ireland,iOS,pending,
171,2024-03-01 00:00:00,paid_ads,UK,Android,approved,2024-03-05 00:00:00
172,2024-12-02 00:00:00,referral,UK,Android,approved,2024-12-05 00:00:00
173,2024-09-10 00:00:00,paid_ads,UK,Android,approved,2024-09-11 00:00:00
174,2023-01-07 00:00:00,organic,India,iOS,approved,2023-01-10 00:00:00
175,2024-06-16 00:00:00,affiliate,Ireland,Android,rejected,
176,2024-10-26 00:00:00,referral,Ireland,iOS,approved,2024-10-28 00:00:00
177,2024-06-09 00:00:00,affiliate,Ireland,iOS,approved,2024-06-14 00:00:00
178,2024-09-13 00:00:00,referral,UK,iOS,pending,
179,2024-07-08 00:00:00,organic,Ireland,iOS,approved,2024-07-12 00:00:00
180,2023-05-24 00:00:00,paid_ads,India,Android,approved,2023-05-27 00:00:00
181,2024-08-01 00:00:00,organic,UK,Android,pending,
182,2023-07-21 00:00:00,organic,Ireland,Android,approved,2023-07-22 00:00:00
183,2024-11-14 00:00:00,referral,UK,iOS,rejected,
184,2024-01-20 00:00:00,organic,Ireland,Android,approved,2024-01-21 00:00:00
185,2023-08-29 00:00:00,referral,Ireland,Android,rejected,
186,2024-04-23 00:00:00,referral,Ireland,iOS,approved,2024-04-27 00:00:00
187,2024-02-18 00:00:00,paid_ads,UK,iOS,approved,2024-02-19 00:00:00
188,2023-10-18 00:00:00,organic,Ireland,iOS,approved,2023-10-19 00:00:00
189,2023-10-26 00:00:00,paid_ads,Ireland,Android,rejected,
190,2023-11-30 00:00:00,referral,Ireland,iOS,approved,2023-12-04 00:00:00
191,2024-04-14 00:00:00,organic,UK,iOS,approved,2024-04-16 00:00:00
192,2023-11-22 00:00:00,affiliate,UK,iOS,rejected,
193,2023-08-23 00:00:00,paid_ads,Ireland,iOS,pending,
194,2023-07-29 00:00:00,organic,Ireland,Android,pending,
195,2023-03-15 00:00:00,referral,UK,iOS,pending,
196,2024-08-25 00:00:00,organic,India,Android,pending,
197,2024-11-09 00:00:00,paid_ads,Ireland,Android,rejected,
198,2024-02-12 00:00:00,paid_ads,Ireland,iOS,approved,2024-02-16 00:00:00
199,2023-02-16 00:00:00,affiliate,UK,Android,approved,2023-02-21 00:00:00
200,2023-04-29 00:00:00,paid_ads,Ireland,iOS,rejected,
201,2023-05-31 00:00:00,paid_ads,Ireland,Android,rejected,
202,2023-08-09 00:00:00,referral,UK,iOS,pending,
203,2023-01-23 00:00:00,referral,Ireland,Android,rejected,
204,2024-07-15 00:00:00,referral,Ireland,Android,rejected,
205,2023-06-01 00:00:00,referral,India,Android,approved,2023-06-04 00:00:00
206,2024-08-21 00:00:00,referral,India,Android,approved,2024-08-22 00:00:00
207,2024-06-15 00:00:00,affiliate,Ireland,iOS,approved,2024-06-18 00:00:00
208,2023-07-05 00:00:00,referral,UK,Android,approved,2023-07-09 00:00:00
209,2024-10-11 00:00:00,organic,UK,Android,approved,2024-10-14 00:00:00
210,2023-01-08 00:00:00,organic,UK,iOS,approved,2023-01-12 00:00:00
211,2024-06-21 00:00:00,referral,UK,iOS,approved,2024-06-26 00:00:00
212,2024-12-29 00:00:00,organic,India,Android,rejected,
213,2023-06-20 00:00:00,paid_ads,UK,iOS,approved,2023-06-22 00:00:00
214,2023-05-17 00:00:00,organic,UK,Android,pending,
215,2024-07-04 00:00:00,paid_ads,India,Android,rejected,
216,2023-06-30 00:00:00,organic,UK,Android,approved,2023-07-02 00:00:00
217,2024-09-09 00:00:00,organic,Ireland,iOS,pending,
218,2023-01-22 00:00:00,paid_ads,Ireland,iOS,pending,
219,2023-04-26 00:00:00,referral,India,iOS,pending,
220,2024-09-11 00:00:00,organic,Ireland,iOS,approved,2024-09-14 00:00:00
221,2024-12-13 00:00:00,affiliate,Ireland,Android,approved,2024-12-18 00:00:00
222,2023-11-03 00:00:00,referral,UK,iOS,approved,2023-11-04 00:00:00
223,2024-12-27 00:00:00,organic,India,iOS,approved,2024-12-29 00:00:00
224,2024-05-30 00:00:00,organic,India,iOS,approved,2024-06-04 00:00:00
225,2023-06-14 00:00:00,affiliate,UK,Android,approved,2023-06-17 00:00:00
226,2023-03-31 00:00:00,referral,UK,iOS,approved,2023-04-05 00:00:00
227,2024-03-16 00:00:00,affiliate,Ireland,iOS,rejected,
228,2023-01-11 00:00:00,paid_ads,India,iOS,approved,2023-01-13 00:00:00
229,2024-08-15 00:00:00,organic,Ireland,Android,approved,2024-08-17 00:00:00
230,2024-02-04 00:00:00,affiliate,Ireland,Android,approved,2024-02-05 00:00:00
231,2024-01-23 00:00:00,paid_ads,UK,iOS,pending,
232,2024-01-06 00:00:00,affiliate,Ireland,iOS,approved,2024-01-10 00:00:00
233,2024-05-22 00:00:00,referral,India,Android,approved,2024-05-25 00:00:00
234,2023-07-21 00:00:00,organic,UK,iOS,approved,2023-07-25 00:00:00
235,2023-06-01 00:00:00,paid_ads,India,Android,approved,2023-06-02 00:00:00
236,2024-04-08 00:00:00,affiliate,UK,Android,approved,2024-04-10 00:00:00
237,2023-10-22 00:00:00,paid_ads,Ireland,iOS,approved,2023-10-25 00:00:00
238,2023-04-23 00:00:00,organic,Ireland,Android,approved,2023-04-28 00:00:00
239,2024-11-06 00:00:00,affiliate,Ireland,iOS,approved,2024-11-10 00:00:00
240,2024-03-03 00:00:00,affiliate,Ireland,iOS,approved,2024-03-08 00:00:00
241,2023-10-24 00:00:00,paid_ads,UK,iOS,pending,
242,2024-08-15 00:00:00,organic,UK,iOS,approved,2024-08-18 00:00:00
243,2023-07-25 00:00:00,organic,Ireland,Android,approved,2023-07-27 00:00:00
244,2024-06-21 00:00:00,referral,Ireland,Android,approved,2024-06-24 00:00:00
245,2023-03-14 00:00:00,paid_ads,Ireland,iOS,approved,2023-03-15 00:00:00
246,2024-09-19 00:00:00,affiliate,India,iOS,approved,2024-09-20 00:00:00
247,2024-01-01 00:00:00,affiliate,India,iOS,approved,2024-01-06 00:00:00
248,2024-04-19 00:00:00,referral,UK,Android,rejected,
249,2024-07-23 00:00:00,organic,Ireland,Android,approved,2024-07-26 00:00:00
250,2023-02-15 00:00:00,paid_ads,Ireland,iOS,approved,2023-02-17 00:00:00
251,2023-08-09 00:00:00,referral,UK,Android,approved,2023-08-10 00:00:00
252,2024-07-24 00:00:00,organic,Ireland,iOS,pending,
253,2024-03-22 00:00:00,organic,UK,iOS,pending,
254,2023-05-27 00:00:00,organic,India,Android,approved,2023-05-30 00:00:00
255,2023-06-22 00:00:00,organic,India,Android,pending,
256,2023-04-30 00:00:00,affiliate,India,Android,approved,2023-05-02 00:00:00
257,2023-02-16 00:00:00,referral,Ireland,Android,approved,2023-02-17 00:00:00
258,2023-04-22 00:00:00,paid_ads,Ireland,Android,pending,
259,2024-06-19 00:00:00,paid_ads,UK,iOS,approved,2024-06-22 00:00:00
260,2023-03-21 00:00:00,referral,UK,iOS,approved,2023-03-25 00:00:00
261,2023-05-19 00:00:00,organic,UK,iOS,approved,2023-05-23 00:00:00
262,2023-08-08 00:00:00,affiliate,India,Android,rejected,
263,2023-07-15 00:00:00,referral,Ireland,Android,approved,2023-07-20 00:00:00
264,2023-01-04 00:00:00,referral,UK,iOS,pending,
265,2024-06-19 00:00:00,referral,UK,Android,rejected,
266,2023-11-27 00:00:00,referral,Ireland,Android,approved,2023-11-30 00:00:00
267,2023-05-23 00:00:00,organic,Ireland,Android,pending,
268,2023-06-26 00:00:00,referral,Ireland,iOS,approved,2023-06-28 00:00:00
269,2024-03-07 00:00:00,organic,Ireland,iOS,rejected,
270,2023-02-21 00:00:00,affiliate,UK,iOS,approved,2023-02-22 00:00:00
271,2023-07-05 00:00:00,paid_ads,Ireland,iOS,approved,2023-07-07 00:00:00
272,2023-09-19 00:00:00,referral,UK,Android,approved,2023-09-22 00:00:00
273,2024-04-05 00:00:00,organic,India,iOS,rejected,
274,2024-04-15 00:00:00,organic,UK,Android,pending,
275,2024-06-30 00:00:00,paid_ads,Ireland,Android,pending,
276,2024-12-17 00:00:00,organic,Ireland,iOS,approved,2024-12-18 00:00:00
277,2024-06-20 00:00:00,affiliate,UK,iOS,approved,2024-06-23 00:00:00
278,2023-11-08 00:00:00,organic,India,iOS,pending,
279,2024-09-16 00:00:00,organic,UK,iOS,approved,2024-09-18 00:00:00
280,2024-11-07 00:00:00,organic,UK,iOS,pending,
281,2024-10-11 00:00:00,organic,Ireland,iOS,approved,2024-10-13 00:00:00
282,2024-03-18 00:00:00,affiliate,Ireland,iOS,approved,2024-03-19 00:00:00
283,2024-08-13 00:00:00,organic,UK,iOS,approved,2024-08-18 00:00:00
284,2024-02-14 00:00:00,affiliate,Ireland,iOS,approved,2024-02-17 00:00:00
285,2024-11-15 00:00:00,organic,India,iOS,approved,2024-11-18 00:00:00
286,2024-10-05 00:00:00,affiliate,India,iOS,pending,
287,2023-12-12 00:00:00,affiliate,Ireland,iOS,rejected,
288,2024-07-10 00:00:00,organic,Ireland,iOS,approved,2024-07-13 00:00:00
289,2024-09-04 00:00:00,referral,UK,iOS,approved,2024-09-08 00:00:00
290,2024-03-07 00:00:00,paid_ads,UK,iOS,approved,2024-03-11 00:00:00
291,2024-07-14 00:00:00,paid_ads,UK,Android,approved,2024-07-18 00:00:00
292,2024-05-24 00:00:00,paid_ads,UK,iOS,pending,
293,2024-10-19 00:00:00,paid_ads,UK,iOS,pending,
294,2023-01-27 00:00:00,referral,India,Android,approved,2023-01-29 00:00:00
295,2024-07-05 00:00:00,paid_ads,Ireland,Android,rejected,
296,2023-08-18 00:00:00,referral,UK,iOS,approved,2023-08-22 00:00:00
297,2024-11-28 00:00:00,paid_ads,India,Android,pending,
298,2023-07-07 00:00:00,organic,Ireland,Android,pending,
299,2024-04-07 00:00:00,paid_ads,UK,iOS,pending,
300,2024-08-10 00:00:00,organic,Ireland,Android,approved,2024-08-14 00:00:00
301,2023-04-30 00:00:00,paid_ads,Ireland,iOS,rejected,
302,2024-05-17 00:00:00,organic,Ireland,Android,approved,2024-05-20 00:00:00
303,2023-07-02 00:00:00,referral,UK,iOS,approved,2023-07-04 00:00:00
304,2024-05-24 00:00:00,organic,UK,iOS,approved,2024-05-25 00:00:00
305,2024-04-10 00:00:00,referral,Ireland,iOS,approved,2024-04-14 00:00:00
306,2024-03-03 00:00:00,referral,UK,Android,approved,2024-03-07 00:00:00
307,2024-09-30 00:00:00,affiliate,UK,Android,approved,2024-10-03 00:00:00
308,2024-11-18 00:00:00,paid_ads,India,Android,pending,
309,2024-11-15 00:00:00,organic,UK,iOS,rejected,
310,2024-11-03 00:00:00,referral,Ireland,Android,pending,
311,2024-09-24 00:00:00,organic,UK,Android,pending,
312,2023-04-04 00:00:00,organic,UK,iOS,approved,2023-04-07 00:00:00
313,2024-05-26 00:00:00,referral,UK,iOS,approved,2024-05-28 00:00:00
314,2023-06-03 00:00:00,organic,Ireland,iOS,rejected,
315,2023-05-05 00:00:00,paid_ads,UK,iOS,pending,
316,2023-03-25 00:00:00,referral,UK,Android,rejected,
317,2023-10-10 00:00:00,paid_ads,Ireland,Android,approved,2023-10-11 00:00:00
318,2024-01-01 00:00:00,referral,Ireland,Android,approved,2024-01-06 00:00:00
319,2024-08-06 00:00:00,paid_ads,Ireland,Android,approved,2024-08-09 00:00:00
320,2024-08-16 00:00:00,paid_ads,Ireland,iOS,approved,2024-08-18 00:00:00
321,2023-10-15 00:00:00,paid_ads,UK,iOS,pending,
322,2024-01-17 00:00:00,referral,Ireland,iOS,rejected,
323,2023-05-21 00:00:00,referral,Ireland,iOS,pending,
324,2024-08-10 00:00:00,organic,India,iOS,approved,2024-08-14 00:00:00
325,2023-12-09 00:00:00,referral,Ireland,Android,rejected,
326,2023-09-17 00:00:00,referral,Ireland,Android,approved,2023-09-22 00:00:00
327,2023-12-12 00:00:00,organic,India,iOS,rejected,
328,2023-03-20 00:00:00,organic,UK,iOS,pending,
329,2024-03-24 00:00:00,referral,UK,iOS,rejected,
330,2024-11-11 00:00:00,organic,UK,iOS,approved,2024-11-13 00:00:00
331,2023-05-29 00:00:00,affiliate,Ireland,iOS,pending,
332,2024-03-18 00:00:00,organic,Ireland,iOS,approved,2024-03-21 00:00:00
333,2024-02-06 00:00:00,referral,Ireland,Android,approved,2024-02-11 00:00:00
334,2023-10-11 00:00:00,referral,Ireland,iOS,pending,
335,2023-02-25 00:00:00,organic,Ireland,iOS,approved,2023-02-26 00:00:00
336,2023-06-19 00:00:00,affiliate,India,iOS,approved,2023-06-23 00:00:00
337,2023-07-10 00:00:00,organic,Ireland,iOS,approved,2023-07-11 00:00:00
338,2024-04-05 00:00:00,affiliate,UK,Android,approved,2024-04-07 00:00:00
339,2023-05-30 00:00:00,affiliate,India,iOS,approved,2023-06-03 00:00:00
340,2023-06-19 00:00:00,affiliate,UK,iOS,rejected,
341,2024-02-27 00:00:00,paid_ads,Ireland,iOS,approved,2024-03-02 00:00:00
342,2024-04-08 00:00:00,referral,UK,iOS,approved,2024-04-10 00:00:00
343,2023-09-16 00:00:00,referral,India,iOS,rejected,
344,2023-07-08 00:00:00,organic,UK,Android,approved,2023-07-11 00:00:00
345,2024-11-10 00:00:00,organic,India,iOS,approved,2024-11-11 00:00:00
346,2023-06-23 00:00:00,paid_ads,UK,iOS,pending,
347,2023-03-20 00:00:00,affiliate,India,Android,approved,2023-03-23 00:00:00
348,2024-05-05 00:00:00,affiliate,UK,iOS,approved,2024-05-09 00:00:00
349,2024-10-26 00:00:00,referral,UK,iOS,approved,2024-10-28 00:00:00
350,2023-08-26 00:00:00,organic,Ireland,Android,pending,
351,2023-02-13 00:00:00,referral,Ireland,iOS,approved,2023-02-18 00:00:00
352,2024-02-25 00:00:00,referral,UK,iOS,pending,
353,2023-03-03 00:00:00,paid_ads,UK,iOS,approved,2023-03-06 00:00:00
354,2024-11-05 00:00:00,referral,Ireland,iOS,pending,
355,2024-09-08 00:00:00,paid_ads,Ireland,iOS,rejected,
356,2023-01-17 00:00:00,paid_ads,Ireland,Android,pending,
357,2024-05-16 00:00:00,paid_ads,Ireland,iOS,approved,2024-05-21 00:00:00
358,2023-04-29 00:00:00,paid_ads,Ireland,iOS,approved,2023-04-30 00:00:00
359,2023-07-02 00:00:00,organic,UK,Android,pending,
360,2024-05-31 00:00:00,paid_ads,UK,iOS,rejected,
361,2023-08-30 00:00:00,referral,UK,iOS,pending,
362,2024-01-20 00:00:00,paid_ads,UK,iOS,approved,2024-01-22 00:00:00
363,2024-01-13 00:00:00,organic,UK,iOS,pending,
364,2023-07-29 00:00:00,affiliate,Ireland,Android,rejected,
365,2023-08-02 00:00:00,paid_ads,India,iOS,pending,
366,2024-09-13 00:00:00,paid_ads,Ireland,iOS,approved,2024-09-14 00:00:00
367,2024-02-22 00:00:00,organic,Ireland,iOS,approved,2024-02-25 00:00:00
368,2024-09-04 00:00:00,paid_ads,UK,Android,approved,2024-09-08 00:00:00
369,2023-07-19 00:00:00,affiliate,India,iOS,rejected,
370,2024-12-17 00:00:00,organic,UK,iOS,approved,2024-12-21 00:00:00
371,2024-01-06 00:00:00,paid_ads,India,iOS,approved,2024-01-07 00:00:00
372,2024-01-27 00:00:00,paid_ads,Ireland,Android,pending,
373,2023-05-04 00:00:00,organic,Ireland,iOS,approved,2023-05-07 00:00:00
374,2023-12-09 00:00:00,paid_ads,India,iOS,pending,
375,2023-11-26 00:00:00,organic,Ireland,iOS,approved,2023-12-01 00:00:00
376,2024-02-17 00:00:00,paid_ads,Ireland,iOS,approved,2024-02-18 00:00:00
377,2024-06-09 00:00:00,affiliate,Ireland,iOS,rejected,
378,2023-06-22 00:00:00,affiliate,Ireland,iOS,approved,2023-06-23 00:00:00
379,2023-01-16 00:00:00,paid_ads,UK,iOS,approved,2023-01-21 00:00:00
380,2024-07-09 00:00:00,referral,UK,Android,pending,
381,2023-03-21 00:00:00,affiliate,Ireland,Android,pending,
382,2023-06-07 00:00:00,paid_ads,Ireland,iOS,pending,
383,2024-08-12 00:00:00,paid_ads,UK,Android,pending,
384,2023-09-27 00:00:00,affiliate,India,Android,approved,2023-10-01 00:00:00
385,2023-06-03 00:00:00,paid_ads,UK,iOS,rejected,
386,2024-06-20 00:00:00,referral,Ireland,Android,approved,2024-06-23 00:00:00
387,2023-03-12 00:00:00,organic,Ireland,iOS,approved,2023-03-16 00:00:00
388,2023-06-03 00:00:00,paid_ads,Ireland,Android,rejected,
389,2023-04-19 00:00:00,paid_ads,Ireland,iOS,approved,2023-04-20 00:00:00
390,2023-01-21 00:00:00,paid_ads,Ireland,iOS,rejected,
391,2024-11-13 00:00:00,affiliate,UK,iOS,approved,2024-11-17 00:00:00
392,2024-08-23 00:00:00,paid_ads,UK,iOS,approved,2024-08-28 00:00:00
393,2024-06-17 00:00:00,organic,UK,iOS,approved,2024-06-22 00:00:00
394,2024-05-23 00:00:00,paid_ads,UK,iOS,pending,
395,2024-11-17 00:00:00,referral,Ireland,Android,pending,
396,2024-12-30 00:00:00,organic,Ireland,iOS,pending,
397,2024-06-24 00:00:00,paid_ads,Ireland,Android,approved,2024-06-26 00:00:00
398,2024-03-23 00:00:00,paid_ads,Ireland,Android,rejected,
399,2023-01-26 00:00:00,paid_ads,UK,iOS,approved,2023-01-27 00:00:00
400,2023-07-23 00:00:00,referral,Ireland,iOS,approved,2023-07-26 00:00:00
401,2024-10-02 00:00:00,paid_ads,Ireland,Android,pending,
402,2024-05-31 00:00:00,organic,UK,iOS,pending,
403,2023-04-01 00:00:00,paid_ads,Ireland,iOS,pending,
404,2024-09-18 00:00:00,referral,Ireland,iOS,approved,2024-09-20 00:00:00
405,2023-09-26 00:00:00,organic,Ireland,iOS,approved,2023-09-29 00:00:00
406,2024-09-05 00:00:00,organic,UK,iOS,approved,2024-09-08 00:00:00
407,2023-11-23 00:00:00,affiliate,Ireland,iOS,approved,2023-11-25 00:00:00
408,2024-12-11 00:00:00,paid_ads,Ireland,iOS,approved,2024-12-12 00:00:00
409,2024-01-06 00:00:00,paid_ads,India,iOS,rejected,
410,2023-06-23 00:00:00,paid_ads,India,iOS,approved,2023-06-24 00:00:00
411,2024-02-06 00:00:00,affiliate,Ireland,Android,approved,2024-02-11 00:00:00
412,2023-02-05 00:00:00,organic,UK,Android,pending,
413,2024-12-26 00:00:00,organic,India,Android,approved,2024-12-30 00:00:00
414,2023-05-01 00:00:00,referral,UK,Android,approved,2023-05-04 00:00:00
415,2023-05-16 00:00:00,organic,UK,Android,pending,
416,2023-07-07 00:00:00,organic,Ireland,iOS,pending,
417,2024-10-31 00:00:00,organic,UK,Android,approved,2024-11-03 00:00:00
418,2024-12-02 00:00:00,organic,UK,iOS,rejected,
419,2024-03-15 00:00:00,referral,UK,iOS,approved,2024-03-18 00:00:00
420,2024-11-13 00:00:00,affiliate,Ireland,iOS,rejected,
421,2024-11-29 00:00:00,referral,UK,iOS,approved,2024-12-04 00:00:00
422,2023-02-14 00:00:00,affiliate,UK,Android,rejected,
423,2023-01-13 00:00:00,organic,India,iOS,approved,2023-01-14 00:00:00
424,2024-08-14 00:00:00,organic,Ireland,Android,rejected,
425,2023-09-05 00:00:00,affiliate,UK,Android,pending,
426,2024-10-20 00:00:00,affiliate,Ireland,Android,approved,2024-10-25 00:00:00
427,2024-05-15 00:00:00,paid_ads,UK,Android,rejected,
428,2024-08-18 00:00:00,referral,Ireland,iOS,pending,
429,2024-01-03 00:00:00,affiliate,Ireland,Android,approved,2024-01-04 00:00:00
430,2023-03-17 00:00:00,referral,Ireland,Android,pending,
431,2024-02-06 00:00:00,organic,UK,Android,approved,2024-02-10 00:00:00
432,2024-12-13 00:00:00,referral,UK,iOS,approved,2024-12-14 00:00:00
433,2023-10-16 00:00:00,affiliate,India,iOS,approved,2023-10-21 00:00:00
434,2023-10-20 00:00:00,organic,UK,iOS,approved,2023-10-22 00:00:00
435,2024-06-27 00:00:00,paid_ads,India,iOS,approved,2024-07-02 00:00:00
436,2024-11-09 00:00:00,paid_ads,Ireland,iOS,approved,2024-11-14 00:00:00
437,2024-01-18 00:00:00,affiliate,Ireland,Android,approved,2024-01-20 00:00:00
438,2023-07-11 00:00:00,referral,UK,Android,pending,
439,2024-05-19 00:00:00,paid_ads,India,iOS,approved,2024-05-22 00:00:00
440,2024-10-12 00:00:00,paid_ads,UK,Android,pending,
441,2023-11-18 00:00:00,paid_ads,UK,iOS,approved,2023-11-20 00:00:00
442,2024-04-18 00:00:00,referral,UK,iOS,approved,2024-04-20 00:00:00
443,2024-10-14 00:00:00,referral,Ireland,iOS,approved,2024-10-17 00:00:00
444,2024-01-25 00:00:00,organic,Ireland,Android,approved,2024-01-27 00:00:00
445,2024-08-06 00:00:00,paid_ads,UK,iOS,approved,2024-08-08 00:00:00
446,2023-01-29 00:00:00,organic,UK,iOS,approved,2023-02-02 00:00:00
447,2024-03-08 00:00:00,referral,Ireland,Android,approved,2024-03-10 00:00:00
448,2024-04-12 00:00:00,referral,India,iOS,approved,2024-04-17 00:00:00
449,2023-07-10 00:00:00,organic,Ireland,Android,approved,2023-07-15 00:00:00
450,2023-07-16 00:00:00,affiliate,UK,iOS,approved,2023-07-19 00:00:00
451,2024-01-22 00:00:00,paid_ads,UK,iOS,approved,2024-01-26 00:00:00
452,2023-03-24 00:00:00,affiliate,Ireland,iOS,pending,
453,2024-02-25 00:00:00,organic,Ireland,iOS,approved,2024-02-29 00:00:00
454,2023-06-27 00:00:00,paid_ads,Ireland,iOS,rejected,
455,2024-11-20 00:00:00,organic,UK,iOS,rejected,
456,2024-02-02 00:00:00,paid_ads,Ireland,Android,pending,
457,2023-04-26 00:00:00,organic,UK,iOS,rejected,
458,2024-09-19 00:00:00,organic,UK,iOS,approved,2024-09-20 00:00:00
459,2023-01-01 00:00:00,affiliate,Ireland,Android,approved,2023-01-03 00:00:00
460,2024-08-18 00:00:00,organic,UK,Android,rejected,
461,2024-08-30 00:00:00,referral,India,Android,approved,2024-09-03 00:00:00
462,2023-10-07 00:00:00,paid_ads,UK,iOS,approved,2023-10-09 00:00:00
463,2023-02-12 00:00:00,referral,Ireland,Android,approved,2023-02-16 00:00:00
464,2024-08-29 00:00:00,affiliate,UK,iOS,rejected,
465,2024-02-07 00:00:00,referral,UK,Android,rejected,
466,2023-07-05 00:00:00,organic,Ireland,iOS,pending,
467,2023-11-07 00:00:00,referral,UK,iOS,approved,2023-11-10 00:00:00
468,2024-10-17 00:00:00,organic,India,iOS,approved,2024-10-22 00:00:00
469,2023-02-08 00:00:00,referral,UK,Android,pending,
470,2023-03-06 00:00:00,referral,Ireland,Android,pending,
471,2023-12-16 00:00:00,organic,UK,Android,approved,2023-12-17 00:00:00
472,2024-04-18 00:00:00,paid_ads,UK,Android,rejected,
473,2023-03-25 00:00:00,referral,India,Android,rejected,
474,2024-07-03 00:00:00,organic,Ireland,iOS,pending,
475,2023-06-20 00:00:00,paid_ads,Ireland,Android,approved,2023-06-24 00:00:00
476,2024-09-05 00:00:00,referral,Ireland,iOS,approved,2024-09-06 00:00:00
477,2024-02-27 00:00:00,organic,India,Android,rejected,
478,2023-04-15 00:00:00,organic,Ireland,iOS,pending,
479,2024-08-27 00:00:00,referral,UK,iOS,approved,2024-08-31 00:00:00
480,2023-01-15 00:00:00,organic,India,Android,approved,2023-01-16 00:00:00
481,2023-05-29 00:00:00,paid_ads,UK,iOS,pending,
482,2024-08-20 00:00:00,organic,UK,iOS,rejected,
483,2023-12-28 00:00:00,referral,Ireland,iOS,approved,2024-01-02 00:00:00
484,2024-06-25 00:00:00,affiliate,UK,Android,approved,2024-06-27 00:00:00
485,2023-01-22 00:00:00,organic,UK,iOS,approved,2023-01-26 00:00:00
486,2024-01-14 00:00:00,paid_ads,Ireland,iOS,pending,
487,2023-10-12 00:00:00,referral,Ireland,iOS,pending,
488,2023-10-01 00:00:00,affiliate,UK,Android,approved,2023-10-02 00:00:00
489,2023-12-06 00:00:00,organic,Ireland,iOS,approved,2023-12-09 00:00:00
490,2024-01-19 00:00:00,organic,UK,iOS,rejected,
491,2024-07-01 00:00:00,organic,India,Android,approved,2024-07-05 00:00:00
492,2024-01-23 00:00:00,referral,India,iOS,approved,2024-01-26 00:00:00
493,2023-07-27 00:00:00,organic,India,iOS,approved,2023-08-01 00:00:00
494,2024-02-02 00:00:00,affiliate,Ireland,Android,approved,2024-02-03 00:00:00
495,2024-08-25 00:00:00,paid_ads,Ireland,iOS,approved,2024-08-29 00:00:00
496,2024-01-27 00:00:00,paid_ads,India,iOS,approved,2024-01-31 00:00:00
497,2023-10-27 00:00:00,referral,Ireland,iOS,rejected,
498,2024-07-17 00:00:00,affiliate,UK,iOS,approved,2024-07-22 00:00:00
499,2023-05-06 00:00:00,referral,Ireland,iOS,pending,
500,2023-12-16 00:00:00,referral,Ireland,Android,approved,2023-12-21 00:00:00
501,2024-05-07 00:00:00,paid_ads,Ireland,iOS,pending,
502,2023-05-20 00:00:00,organic,UK,iOS,approved,2023-05-21 00:00:00
503,2023-09-05 00:00:00,paid_ads,UK,iOS,approved,2023-09-09 00:00:00
504,2024-05-22 00:00:00,paid_ads,Ireland,iOS,pending,
505,2024-04-01 00:00:00,affiliate,Ireland,iOS,approved,2024-04-06 00:00:00
506,2023-11-08 00:00:00,referral,Ireland,iOS,approved,2023-11-11 00:00:00
507,2023-01-23 00:00:00,organic,UK,Android,pending,
508,2023-11-03 00:00:00,affiliate,Ireland,iOS,approved,2023-11-04 00:00:00
509,2023-04-11 00:00:00,paid_ads,Ireland,iOS,approved,2023-04-14 00:00:00
510,2024-04-04 00:00:00,paid_ads,Ireland,iOS,approved,2024-04-09 00:00:00
511,2023-05-15 00:00:00,organic,Ireland,iOS,approved,2023-05-18 00:00:00
512,2023-09-30 00:00:00,referral,Ireland,Android,approved,2023-10-02 00:00:00
513,2023-12-29 00:00:00,organic,UK,iOS,approved,2023-12-30 00:00:00
514,2023-03-13 00:00:00,referral,India,iOS,approved,2023-03-14 00:00:00
515,2023-03-06 00:00:00,paid_ads,India,iOS,approved,2023-03-09 00:00:00
516,2024-02-10 00:00:00,referral,Ireland,iOS,pending,
517,2024-03-06 00:00:00,referral,India,Android,approved,2024-03-11 00:00:00
518,2024-10-25 00:00:00,affiliate,Ireland,Android,rejected,
519,2023-07-28 00:00:00,paid_ads,Ireland,iOS,rejected,
520,2023-03-31 00:00:00,paid_ads,Ireland,iOS,approved,2023-04-01 00:00:00
521,2024-03-25 00:00:00,organic,Ireland,Android,rejected,
522,2024-01-31 00:00:00,paid_ads,India,iOS,approved,2024-02-05 00:00:00
523,2023-06-09 00:00:00,affiliate,UK,iOS,rejected,
524,2024-05-25 00:00:00,organic,Ireland,Android,approved,2024-05-27 00:00:00
525,2023-04-08 00:00:00,referral,UK,Android,pending,
526,2024-10-30 00:00:00,affiliate,UK,Android,approved,2024-10-31 00:00:00
527,2023-01-03 00:00:00,referral,Ireland,iOS,approved,2023-01-07 00:00:00
528,2024-05-08 00:00:00,paid_ads,Ireland,iOS,approved,2024-05-12 00:00:00
529,2024-12-05 00:00:00,paid_ads,UK,iOS,approved,2024-12-07 00:00:00
530,2023-04-03 00:00:00,affiliate,Ireland,Android,approved,2023-04-05 00:00:00
531,2023-02-18 00:00:00,referral,India,iOS,approved,2023-02-22 00:00:00
532,2023-10-06 00:00:00,referral,UK,Android,pending,
533,2024-01-08 00:00:00,organic,Ireland,Android,approved,2024-01-09 00:00:00
534,2023-02-12 00:00:00,organic,UK,iOS,rejected,
535,2024-02-22 00:00:00,referral,Ireland,Android,approved,2024-02-24 00:00:00
536,2024-02-19 00:00:00,paid_ads,Ireland,iOS,approved,2024-02-22 00:00:00
537,2023-11-25 00:00:00,affiliate,Ireland,iOS,pending,
538,2023-09-01 00:00:00,referral,Ireland,Android,approved,2023-09-04 00:00:00
539,2024-06-30 00:00:00,paid_ads,Ireland,Android,approved,2024-07-05 00:00:00
540,2024-02-02 00:00:00,referral,Ireland,iOS,approved,2024-02-05 00:00:00
541,2023-11-23 00:00:00,paid_ads,UK,iOS,approved,2023-11-28 00:00:00
542,2023-04-23 00:00:00,organic,Ireland,iOS,approved,2023-04-24 00:00:00
543,2024-09-12 00:00:00,referral,UK,Android,rejected,
544,2024-01-05 00:00:00,paid_ads,Ireland,Android,approved,2024-01-09 00:00:00
545,2024-11-18 00:00:00,affiliate,Ireland,iOS,approved,2024-11-21 00:00:00
546,2024-02-02 00:00:00,paid_ads,India,Android,pending,
547,2023-08-25 00:00:00,organic,India,iOS,pending,
548,2024-02-28 00:00:00,affiliate,UK,Android,pending,
549,2023-06-24 00:00:00,paid_ads,UK,Android,approved,2023-06-25 00:00:00
550,2023-08-21 00:00:00,organic,Ireland,iOS,pending,
551,2023-08-01 00:00:00,organic,UK,Android,approved,2023-08-02 00:00:00
552,2024-04-05 00:00:00,organic,UK,iOS,rejected,
553,2024-10-11 00:00:00,referral,India,iOS,approved,2024-10-13 00:00:00
554,2024-05-14 00:00:00,referral,UK,iOS,pending,
555,2023-12-25 00:00:00,organic,Ireland,iOS,pending,
556,2023-08-02 00:00:00,paid_ads,UK,iOS,rejected,
557,2023-04-08 00:00:00,referral,Ireland,iOS,approved,2023-04-09 00:00:00
558,2024-01-17 00:00:00,affiliate,Ireland,Android,approved,2024-01-19 00:00:00
559,2024-10-19 00:00:00,organic,Ireland,iOS,rejected,
560,2023-12-08 00:00:00,organic,Ireland,iOS,rejected,
561,2024-07-30 00:00:00,paid_ads,Ireland,Android,approved,2024-08-01 00:00:00
562,2023-08-06 00:00:00,affiliate,Ireland,iOS,approved,2023-08-11 00:00:00
563,2024-07-13 00:00:00,paid_ads,Ireland,iOS,pending,
564,2023-05-14 00:00:00,referral,UK,iOS,pending,
565,2023-01-20 00:00:00,paid_ads,Ireland,Android,approved,2023-01-21 00:00:00
566,2023-08-09 00:00:00,referral,UK,iOS,pending,
567,2024-07-17 00:00:00,organic,Ireland,Android,pending,
568,2024-07-12 00:00:00,paid_ads,Ireland,Android,rejected,
569,2024-12-28 00:00:00,paid_ads,UK,Android,approved,2024-12-30 00:00:00
570,2024-03-14 00:00:00,organic,Ireland,Android,pending,
571,2023-02-19 00:00:00,organic,Ireland,Android,approved,2023-02-24 00:00:00
572,2024-12-18 00:00:00,referral,UK,iOS,rejected,
573,2023-11-01 00:00:00,organic,Ireland,iOS,approved,2023-11-06 00:00:00
574,2024-12-30 00:00:00,affiliate,Ireland,iOS,pending,
575,2024-08-29 00:00:00,paid_ads,UK,iOS,approved,2024-08-30 00:00:00
576,2024-10-12 00:00:00,organic,Ireland,iOS,approved,2024-10-17 00:00:00
577,2023-10-14 00:00:00,organic,India,Android,pending,
578,2024-08-13 00:00:00,organic,Ireland,iOS,approved,2024-08-14 00:00:00
579,2023-05-09 00:00:00,organic,UK,Android,pending,
580,2024-02-05 00:00:00,referral,UK,Android,approved,2024-02-09 00:00:00
581,2023-09-12 00:00:00,referral,India,Android,approved,2023-09-17 00:00:00
582,2024-04-14 00:00:00,organic,Ireland,Android,approved,2024-04-19 00:00:00
583,2024-09-11 00:00:00,referral,UK,Android,approved,2024-09-14 00:00:00
584,2023-01-01 00:00:00,organic,India,iOS,approved,2023-01-06 00:00:00
585,2024-03-08 00:00:00,organic,UK,iOS,pending,
586,2023-01-29 00:00:00,referral,India,iOS,approved,2023-02-03 00:00:00
587,2023-05-09 00:00:00,affiliate,India,Android,approved,2023-05-11 00:00:00
588,2023-12-24 00:00:00,paid_ads,UK,Android,pending,
589,2024-11-28 00:00:00,referral,India,iOS,approved,2024-12-03 00:00:00
590,2024-12-19 00:00:00,organic,Ireland,Android,pending,
591,2023-09-25 00:00:00,paid_ads,India,Android,rejected,
592,2024-12-31 00:00:00,organic,UK,iOS,approved,2025-01-04 00:00:00
593,2023-11-14 00:00:00,affiliate,UK,iOS,pending,
594,2024-03-03 00:00:00,referral,Ireland,iOS,pending,
595,2024-02-22 00:00:00,paid_ads,Ireland,iOS,approved,2024-02-26 00:00:00
596,2023-07-11 00:00:00,paid_ads,UK,Android,pending,
597,2024-05-22 00:00:00,referral,Ireland,Android,pending,
598,2024-02-01 00:00:00,referral,UK,iOS,approved,2024-02-06 00:00:00
599,2024-10-16 00:00:00,organic,India,Android,rejected,
600,2024-12-07 00:00:00,organic,UK,iOS,approved,2024-12-12 00:00:00
601,2024-02-15 00:00:00,referral,UK,iOS,approved,2024-02-20 00:00:00
602,2023-08-03 00:00:00,referral,India,iOS,approved,2023-08-05 00:00:00
603,2024-03-03 00:00:00,organic,Ireland,Android,approved,2024-03-07 00:00:00
604,2023-03-17 00:00:00,referral,UK,iOS,approved,2023-03-22 00:00:00
605,2024-03-29 00:00:00,organic,UK,Android,approved,2024-03-31 00:00:00
606,2024-01-25 00:00:00,paid_ads,UK,iOS,approved,2024-01-29 00:00:00
607,2024-09-13 00:00:00,referral,Ireland,iOS,approved,2024-09-14 00:00:00
608,2023-12-29 00:00:00,referral,Ireland,iOS,rejected,
609,2024-06-21 00:00:00,referral,Ireland,Android,approved,2024-06-24 00:00:00
610,2024-02-15 00:00:00,paid_ads,India,iOS,approved,2024-02-20 00:00:00
611,2023-04-15 00:00:00,affiliate,India,iOS,approved,2023-04-18 00:00:00
612,2024-10-06 00:00:00,paid_ads,India,Android,approved,2024-10-10 00:00:00
613,2024-02-26 00:00:00,paid_ads,Ireland,Android,approved,2024-02-27 00:00:00
614,2023-03-19 00:00:00,paid_ads,India,iOS,approved,2023-03-22 00:00:00
615,2024-07-08 00:00:00,paid_ads,Ireland,Android,rejected,
616,2023-07-12 00:00:00,organic,Ireland,Android,approved,2023-07-14 00:00:00
617,2023-10-22 00:00:00,organic,Ireland,Android,approved,2023-10-24 00:00:00
618,2023-07-05 00:00:00,organic,UK,Android,rejected,
619,2023-09-13 00:00:00,referral,Ireland,iOS,pending,
620,2024-05-30 00:00:00,affiliate,Ireland,Android,approved,2024-06-04 00:00:00
621,2024-03-07 00:00:00,organic,UK,Android,pending,
622,2024-04-21 00:00:00,referral,UK,iOS,pending,
623,2023-07-24 00:00:00,organic,Ireland,Android,approved,2023-07-26 00:00:00
624,2023-01-14 00:00:00,affiliate,Ireland,iOS,pending,
625,2024-08-21 00:00:00,affiliate,UK,Android,approved,2024-08-26 00:00:00
626,2023-03-26 00:00:00,referral,UK,Android,pending,
627,2023-03-20 00:00:00,referral,Ireland,iOS,approved,2023-03-24 00:00:00
628,2023-03-01 00:00:00,paid_ads,UK,Android,pending,
629,2023-02-12 00:00:00,paid_ads,India,Android,approved,2023-02-16 00:00:00
630,2024-03-18 00:00:00,organic,India,iOS,pending,
631,2024-09-24 00:00:00,affiliate,India,iOS,rejected,
632,2023-06-13 00:00:00,paid_ads,Ireland,Android,approved,2023-06-18 00:00:00
633,2023-03-27 00:00:00,paid_ads,India,Android,approved,2023-03-30 00:00:00
634,2023-07-18 00:00:00,paid_ads,Ireland,iOS,pending,
635,2023-09-20 00:00:00,affiliate,UK,Android,pending,
636,2024-11-04 00:00:00,paid_ads,UK,Android,approved,2024-11-09 00:00:00
637,2023-08-18 00:00:00,organic,Ireland,Android,approved,2023-08-22 00:00:00
638,2023-07-31 00:00:00,referral,UK,Android,approved,2023-08-05 00:00:00
639,2023-10-01 00:00:00,organic,Ireland,iOS,rejected,
640,2024-12-05 00:00:00,organic,Ireland,iOS,approved,2024-12-06 00:00:00
641,2024-09-19 00:00:00,organic,UK,iOS,pending,
642,2024-07-31 00:00:00,organic,Ireland,iOS,pending,
643,2024-04-18 00:00:00,referral,Ireland,iOS,pending,
644,2023-06-27 00:00:00,referral,Ireland,Android,approved,2023-06-29 00:00:00
645,2023-09-26 00:00:00,paid_ads,Ireland,iOS,approved,2023-09-29 00:00:00
646,2023-03-18 00:00:00,organic,Ireland,iOS,pending,
647,2024-08-04 00:00:00,referral,UK,Android,pending,
648,2023-08-22 00:00:00,paid_ads,UK,iOS,rejected,
649,2023-06-20 00:00:00,organic,UK,iOS,rejected,
650,2024-07-13 00:00:00,paid_ads,India,Android,rejected,
651,2024-12-03 00:00:00,paid_ads,Ireland,Android,approved,2024-12-08 00:00:00
652,2024-11-01 00:00:00,referral,Ireland,Android,approved,2024-11-06 00:00:00
653,2023-07-16 00:00:00,paid_ads,UK,iOS,approved,2023-07-19 00:00:00
654,2024-07-07 00:00:00,paid_ads,UK,Android,approved,2024-07-11 00:00:00
655,2024-10-12 00:00:00,paid_ads,Ireland,iOS,pending,
656,2024-08-23 00:00:00,referral,India,iOS,rejected,
657,2024-08-20 00:00:00,affiliate,Ireland,Android,rejected,
658,2023-11-11 00:00:00,affiliate,Ireland,Android,approved,2023-11-13 00:00:00
659,2024-01-22 00:00:00,paid_ads,India,Android,approved,2024-01-27 00:00:00
660,2023-09-17 00:00:00,referral,India,iOS,approved,2023-09-20 00:00:00
661,2023-05-14 00:00:00,organic,Ireland,iOS,pending,
662,2023-06-03 00:00:00,affiliate,Ireland,iOS,pending,
663,2023-12-31 00:00:00,organic,UK,Android,approved,2024-01-01 00:00:00
664,2024-05-03 00:00:00,paid_ads,UK,Android,approved,2024-05-06 00:00:00
665,2023-08-30 00:00:00,paid_ads,UK,Android,approved,2023-09-02 00:00:00
666,2023-08-11 00:00:00,affiliate,UK,Android,pending,
667,2024-08-11 00:00:00,organic,India,iOS,approved,2024-08-12 00:00:00
668,2023-11-28 00:00:00,affiliate,Ireland,iOS,pending,
669,2023-02-25 00:00:00,paid_ads,India,iOS,pending,
670,2023-12-16 00:00:00,referral,Ireland,Android,pending,
671,2024-02-06 00:00:00,referral,Ireland,Android,approved,2024-02-09 00:00:00
672,2024-04-01 00:00:00,referral,Ireland,iOS,pending,
673,2024-07-24 00:00:00,referral,Ireland,iOS,approved,2024-07-26 00:00:00
674,2023-09-24 00:00:00,referral,Ireland,iOS,approved,2023-09-28 00:00:00
675,2024-08-27 00:00:00,affiliate,UK,Android,approved,2024-09-01 00:00:00
676,2023-10-12 00:00:00,organic,India,Android,approved,2023-10-15 00:00:00
677,2023-09-26 00:00:00,organic,UK,Android,approved,2023-09-27 00:00:00
678,2023-03-26 00:00:00,referral,UK,Android,rejected,
679,2023-09-23 00:00:00,paid_ads,Ireland,iOS,pending,
680,2023-11-04 00:00:00,referral,Ireland,iOS,pending,
681,2023-05-05 00:00:00,paid_ads,Ireland,Android,approved,2023-05-08 00:00:00
682,2023-11-14 00:00:00,referral,Ireland,iOS,approved,2023-11-15 00:00:00
683,2023-04-20 00:00:00,paid_ads,Ireland,Android,approved,2023-04-24 00:00:00
684,2024-06-15 00:00:00,paid_ads,UK,iOS,pending,
685,2024-03-09 00:00:00,referral,Ireland,iOS,approved,2024-03-14 00:00:00
686,2024-01-31 00:00:00,paid_ads,India,Android,approved,2024-02-01 00:00:00
687,2024-02-02 00:00:00,paid_ads,UK,iOS,pending,
688,2024-09-02 00:00:00,referral,Ireland,iOS,pending,
689,2023-04-12 00:00:00,paid_ads,India,iOS,rejected,
690,2023-02-26 00:00:00,organic,Ireland,iOS,approved,2023-02-28 00:00:00
691,2023-09-07 00:00:00,organic,UK,Android,pending,
692,2024-08-04 00:00:00,referral,India,Android,rejected,
693,2023-02-27 00:00:00,paid_ads,India,Android,approved,2023-03-03 00:00:00
694,2023-02-13 00:00:00,referral,India,iOS,pending,
695,2023-06-25 00:00:00,paid_ads,Ireland,iOS,approved,2023-06-26 00:00:00
696,2024-12-15 00:00:00,referral,India,Android,approved,2024-12-18 00:00:00
697,2023-10-13 00:00:00,affiliate,Ireland,iOS,approved,2023-10-18 00:00:00
698,2024-12-24 00:00:00,paid_ads,UK,Android,rejected,
699,2024-02-26 00:00:00,affiliate,Ireland,iOS,approved,2024-02-27 00:00:00
700,2024-08-31 00:00:00,organic,Ireland,Android,approved,2024-09-01 00:00:00
701,2024-11-19 00:00:00,referral,Ireland,Android,approved,2024-11-24 00:00:00
702,2023-05-22 00:00:00,affiliate,UK,iOS,approved,2023-05-25 00:00:00
703,2024-10-12 00:00:00,organic,UK,Android,approved,2024-10-13 00:00:00
704,2024-09-05 00:00:00,referral,Ireland,iOS,approved,2024-09-07 00:00:00
705,2024-04-09 00:00:00,affiliate,Ireland,iOS,approved,2024-04-14 00:00:00
706,2023-06-05 00:00:00,paid_ads,Ireland,iOS,pending,
707,2023-01-13 00:00:00,affiliate,Ireland,Android,rejected,
708,2023-08-05 00:00:00,referral,Ireland,Android,approved,2023-08-07 00:00:00
709,2023-04-01 00:00:00,paid_ads,UK,Android,approved,2023-04-04 00:00:00
710,2024-09-16 00:00:00,paid_ads,India,iOS,approved,2024-09-18 00:00:00
711,2024-03-14 00:00:00,paid_ads,UK,Android,rejected,
712,2023-05-02 00:00:00,affiliate,Ireland,iOS,approved,2023-05-04 00:00:00
713,2024-05-18 00:00:00,organic,Ireland,Android,approved,2024-05-21 00:00:00
714,2024-03-13 00:00:00,affiliate,UK,Android,approved,2024-03-17 00:00:00
715,2023-08-27 00:00:00,referral,India,Android,approved,2023-08-30 00:00:00
716,2024-08-18 00:00:00,paid_ads,Ireland,Android,approved,2024-08-23 00:00:00
717,2023-04-05 00:00:00,organic,India,iOS,approved,2023-04-06 00:00:00
718,2024-08-19 00:00:00,organic,UK,iOS,pending,
719,2023-04-01 00:00:00,organic,India,iOS,approved,2023-04-02 00:00:00
720,2024-01-05 00:00:00,organic,Ireland,Android,pending,
721,2023-03-29 00:00:00,organic,UK,Android,pending,
722,2023-07-30 00:00:00,paid_ads,Ireland,Android,rejected,
723,2024-09-14 00:00:00,organic,India,Android,pending,
724,2023-01-28 00:00:00,paid_ads,India,iOS,approved,2023-01-30 00:00:00
725,2023-09-07 00:00:00,referral,UK,iOS,approved,2023-09-12 00:00:00
726,2023-11-15 00:00:00,referral,Ireland,Android,approved,2023-11-17 00:00:00
727,2024-02-25 00:00:00,paid_ads,Ireland,iOS,approved,2024-03-01 00:00:00
728,2024-12-13 00:00:00,paid_ads,Ireland,iOS,approved,2024-12-14 00:00:00
729,2024-12-16 00:00:00,affiliate,Ireland,Android,rejected,
730,2024-07-08 00:00:00,organic,Ireland,iOS,approved,2024-07-11 00:00:00
731,2024-08-13 00:00:00,organic,India,iOS,approved,2024-08-16 00:00:00
732,2023-01-02 00:00:00,paid_ads,Ireland,Android,pending,
733,2023-12-15 00:00:00,referral,Ireland,iOS,approved,2023-12-16 00:00:00
734,2023-02-06 00:00:00,organic,Ireland,iOS,approved,2023-02-07 00:00:00
735,2024-02-13 00:00:00,paid_ads,India,iOS,pending,
736,2024-01-30 00:00:00,referral,India,Android,approved,2024-02-02 00:00:00
737,2023-01-01 00:00:00,organic,Ireland,iOS,pending,
738,2024-02-15 00:00:00,organic,UK,iOS,pending,
739,2024-06-09 00:00:00,referral,Ireland,iOS,pending,
740,2023-08-15 00:00:00,paid_ads,India,iOS,pending,
741,2023-11-08 00:00:00,affiliate,Ireland,Android,pending,
742,2024-03-17 00:00:00,paid_ads,UK,Android,approved,2024-03-18 00:00:00
743,2024-04-05 00:00:00,referral,UK,Android,approved,2024-04-09 00:00:00
744,2023-02-16 00:00:00,organic,India,iOS,approved,2023-02-19 00:00:00
745,2023-06-01 00:00:00,paid_ads,Ireland,iOS,rejected,
746,2023-08-14 00:00:00,organic,Ireland,Android,approved,2023-08-16 00:00:00
747,2023-05-15 00:00:00,paid_ads,UK,Android,pending,
748,2024-10-20 00:00:00,organic,Ireland,iOS,pending,
749,2024-06-01 00:00:00,paid_ads,India,Android,rejected,
750,2023-02-20 00:00:00,paid_ads,UK,iOS,pending,
751,2023-02-11 00:00:00,referral,Ireland,Android,approved,2023-02-16 00:00:00
752,2024-06-19 00:00:00,paid_ads,Ireland,iOS,approved,2024-06-22 00:00:00
753,2023-06-04 00:00:00,affiliate,Ireland,iOS,pending,
754,2023-12-22 00:00:00,affiliate,Ireland,Android,approved,2023-12-27 00:00:00
755,2024-10-12 00:00:00,paid_ads,Ireland,iOS,approved,2024-10-14 00:00:00
756,2024-04-19 00:00:00,referral,UK,Android,approved,2024-04-21 00:00:00
757,2023-06-20 00:00:00,paid_ads,Ireland,iOS,approved,2023-06-23 00:00:00
758,2023-01-30 00:00:00,affiliate,UK,iOS,approved,2023-01-31 00:00:00
759,2024-08-09 00:00:00,affiliate,Ireland,Android,pending,
760,2023-07-03 00:00:00,referral,UK,iOS,approved,2023-07-07 00:00:00
761,2024-05-07 00:00:00,organic,UK,iOS,rejected,
762,2023-04-09 00:00:00,paid_ads,UK,iOS,approved,2023-04-13 00:00:00
763,2023-02-05 00:00:00,affiliate,UK,Android,rejected,
764,2024-01-09 00:00:00,organic,UK,Android,rejected,
765,2023-02-26 00:00:00,affiliate,India,iOS,pending,
766,2023-07-21 00:00:00,paid_ads,UK,iOS,approved,2023-07-22 00:00:00
767,2024-04-10 00:00:00,referral,UK,Android,approved,2024-04-13 00:00:00
768,2023-01-25 00:00:00,organic,Ireland,Android,rejected,
769,2023-06-19 00:00:00,affiliate,Ireland,Android,pending,
770,2024-06-28 00:00:00,organic,Ireland,Android,rejected,
771,2024-12-10 00:00:00,organic,Ireland,Android,pending,
772,2023-07-29 00:00:00,paid_ads,UK,Android,rejected,
773,2023-09-07 00:00:00,organic,UK,Android,rejected,
774,2024-12-31 00:00:00,paid_ads,UK,iOS,approved,2025-01-04 00:00:00
775,2023-10-23 00:00:00,paid_ads,India,iOS,approved,2023-10-24 00:00:00
776,2024-11-05 00:00:00,paid_ads,Ireland,iOS,approved,2024-11-06 00:00:00
777,2024-09-29 00:00:00,affiliate,India,iOS,approved,2024-09-30 00:00:00
778,2024-12-25 00:00:00,organic,UK,iOS,approved,2024-12-26 00:00:00
779,2023-01-09 00:00:00,referral,Ireland,Android,approved,2023-01-13 00:00:00
780,2024-09-16 00:00:00,organic,UK,Android,approved,2024-09-19 00:00:00
781,2023-05-15 00:00:00,affiliate,UK,iOS,approved,2023-05-20 00:00:00
782,2024-11-04 00:00:00,organic,Ireland,iOS,approved,2024-11-09 00:00:00
783,2023-05-24 00:00:00,organic,UK,iOS,rejected,
784,2023-12-14 00:00:00,referral,Ireland,iOS,approved,2023-12-16 00:00:00
785,2024-12-28 00:00:00,referral,UK,Android,approved,2024-12-30 00:00:00
786,2024-10-21 00:00:00,referral,UK,Android,approved,2024-10-25 00:00:00
787,2024-09-06 00:00:00,affiliate,Ireland,iOS,approved,2024-09-09 00:00:00
788,2023-09-02 00:00:00,paid_ads,Ireland,iOS,approved,2023-09-04 00:00:00
789,2024-11-22 00:00:00,organic,UK,iOS,approved,2024-11-24 00:00:00
790,2024-04-16 00:00:00,affiliate,India,iOS,approved,2024-04-19 00:00:00
791,2024-10-04 00:00:00,paid_ads,Ireland,Android,approved,2024-10-09 00:00:00
792,2024-02-13 00:00:00,organic,UK,Android,approved,2024-02-14 00:00:00
793,2023-02-22 00:00:00,paid_ads,UK,iOS,approved,2023-02-27 00:00:00
794,2024-11-07 00:00:00,paid_ads,UK,Android,pending,
795,2023-05-18 00:00:00,organic,Ireland,iOS,pending,
796,2024-05-19 00:00:00,affiliate,Ireland,Android,pending,
797,2024-11-13 00:00:00,affiliate,UK,iOS,rejected,
798,2024-04-12 00:00:00,paid_ads,Ireland,iOS,approved,2024-04-13 00:00:00
799,2024-07-18 00:00:00,affiliate,India,Android,approved,2024-07-22 00:00:00
800,2023-08-02 00:00:00,paid_ads,Ireland,Android,pending,
801,2024-05-13 00:00:00,paid_ads,UK,iOS,pending,
802,2024-09-29 00:00:00,paid_ads,UK,iOS,pending,
803,2024-03-27 00:00:00,paid_ads,India,iOS,approved,2024-03-29 00:00:00
804,2024-08-18 00:00:00,affiliate,UK,iOS,pending,
805,2023-10-14 00:00:00,organic,Ireland,iOS,approved,2023-10-17 00:00:00
806,2024-12-03 00:00:00,organic,India,Android,approved,2024-12-04 00:00:00
807,2023-11-18 00:00:00,paid_ads,India,iOS,rejected,
808,2023-12-21 00:00:00,referral,UK,Android,approved,2023-12-24 00:00:00
809,2023-02-02 00:00:00,paid_ads,UK,iOS,pending,
810,2024-05-10 00:00:00,organic,Ireland,Android,approved,2024-05-13 00:00:00
811,2023-10-23 00:00:00,organic,Ireland,Android,pending,
812,2024-05-01 00:00:00,organic,Ireland,iOS,approved,2024-05-03 00:00:00
813,2024-10-14 00:00:00,organic,UK,Android,approved,2024-10-18 00:00:00
814,2024-01-13 00:00:00,organic,Ireland,Android,rejected,
815,2024-06-07 00:00:00,organic,Ireland,Android,pending,
816,2024-11-12 00:00:00,referral,UK,Android,approved,2024-11-14 00:00:00
817,2023-08-01 00:00:00,referral,UK,Android,pending,
818,2023-09-18 00:00:00,organic,Ireland,iOS,pending,
819,2024-09-21 00:00:00,affiliate,India,iOS,approved,2024-09-22 00:00:00
820,2024-12-10 00:00:00,paid_ads,Ireland,Android,rejected,
821,2023-12-11 00:00:00,affiliate,Ireland,Android,rejected,
822,2023-04-22 00:00:00,referral,India,Android,rejected,
823,2023-08-02 00:00:00,referral,UK,iOS,approved,2023-08-05 00:00:00
824,2023-05-22 00:00:00,referral,UK,Android,approved,2023-05-25 00:00:00
825,2023-10-17 00:00:00,affiliate,UK,iOS,rejected,
826,2024-10-02 00:00:00,referral,UK,iOS,approved,2024-10-05 00:00:00
827,2023-05-18 00:00:00,organic,UK,Android,approved,2023-05-21 00:00:00
828,2023-07-26 00:00:00,affiliate,India,iOS,rejected,
829,2023-03-30 00:00:00,organic,UK,Android,approved,2023-04-03 00:00:00
830,2023-07-05 00:00:00,referral,Ireland,iOS,approved,2023-07-06 00:00:00
831,2023-10-12 00:00:00,paid_ads,Ireland,iOS,rejected,
832,2024-11-07 00:00:00,paid_ads,India,Android,rejected,
833,2023-06-26 00:00:00,organic,Ireland,iOS,pending,
834,2023-10-31 00:00:00,referral,UK,Android,rejected,
835,2023-12-17 00:00:00,paid_ads,Ireland,iOS,approved,2023-12-19 00:00:00
836,2023-05-17 00:00:00,paid_ads,Ireland,Android,approved,2023-05-19 00:00:00
837,2024-09-06 00:00:00,paid_ads,UK,iOS,rejected,
838,2024-08-29 00:00:00,organic,India,Android,approved,2024-09-03 00:00:00
839,2024-09-27 00:00:00,referral,UK,Android,approved,2024-10-02 00:00:00
840,2024-04-21 00:00:00,organic,Ireland,iOS,pending,
841,2024-11-16 00:00:00,paid_ads,Ireland,iOS,pending,
842,2023-11-14 00:00:00,paid_ads,Ireland,iOS,rejected,
843,2023-05-15 00:00:00,paid_ads,UK,iOS,approved,2023-05-20 00:00:00
844,2023-01-15 00:00:00,organic,Ireland,iOS,approved,2023-01-17 00:00:00
845,2023-09-29 00:00:00,referral,UK,Android,approved,2023-10-03 00:00:00
846,2023-07-08 00:00:00,referral,UK,Android,pending,
847,2024-06-09 00:00:00,referral,UK,iOS,approved,2024-06-14 00:00:00
848,2024-10-08 00:00:00,affiliate,UK,iOS,pending,
849,2023-09-04 00:00:00,paid_ads,Ireland,iOS,pending,
850,2024-08-30 00:00:00,paid_ads,Ireland,iOS,approved,2024-09-04 00:00:00
851,2023-03-19 00:00:00,referral,Ireland,Android,approved,2023-03-23 00:00:00
852,2023-10-17 00:00:00,affiliate,Ireland,Android,approved,2023-10-18 00:00:00
853,2024-05-01 00:00:00,paid_ads,UK,iOS,approved,2024-05-04 00:00:00
854,2024-08-14 00:00:00,organic,Ireland,Android,pending,
855,2023-03-14 00:00:00,paid_ads,Ireland,iOS,approved,2023-03-18 00:00:00
856,2024-12-18 00:00:00,referral,UK,iOS,approved,2024-12-23 00:00:00
857,2024-10-07 00:00:00,organic,India,iOS,approved,2024-10-08 00:00:00
858,2024-11-07 00:00:00,referral,Ireland,Android,approved,2024-11-10 00:00:00
859,2024-02-19 00:00:00,affiliate,India,iOS,approved,2024-02-23 00:00:00
860,2024-06-07 00:00:00,affiliate,UK,iOS,approved,2024-06-08 00:00:00
861,2024-06-15 00:00:00,paid_ads,India,Android,approved,2024-06-19 00:00:00
862,2024-07-01 00:00:00,paid_ads,Ireland,iOS,approved,2024-07-02 00:00:00
863,2023-12-11 00:00:00,organic,Ireland,iOS,rejected,
864,2023-09-16 00:00:00,paid_ads,UK,Android,rejected,
865,2023-06-23 00:00:00,affiliate,India,Android,approved,2023-06-26 00:00:00
866,2024-03-03 00:00:00,organic,Ireland,iOS,approved,2024-03-08 00:00:00
867,2023-07-26 00:00:00,referral,UK,iOS,pending,
868,2023-05-19 00:00:00,organic,Ireland,Android,pending,
869,2024-03-08 00:00:00,organic,Ireland,Android,rejected,
870,2024-07-13 00:00:00,organic,Ireland,Android,rejected,
871,2023-03-16 00:00:00,affiliate,Ireland,Android,rejected,
872,2024-05-29 00:00:00,paid_ads,UK,Android,approved,2024-06-01 00:00:00
873,2023-09-02 00:00:00,referral,Ireland,iOS,approved,2023-09-03 00:00:00
874,2023-11-16 00:00:00,paid_ads,UK,Android,approved,2023-11-21 00:00:00
875,2023-07-04 00:00:00,paid_ads,India,Android,approved,2023-07-05 00:00:00
876,2024-04-26 00:00:00,organic,UK,iOS,approved,2024-04-29 00:00:00
877,2023-06-17 00:00:00,referral,Ireland,iOS,approved,2023-06-19 00:00:00
878,2023-02-20 00:00:00,paid_ads,UK,Android,pending,
879,2024-11-06 00:00:00,organic,UK,Android,approved,2024-11-09 00:00:00
880,2024-07-29 00:00:00,affiliate,UK,iOS,approved,2024-08-01 00:00:00
881,2024-03-24 00:00:00,organic,UK,iOS,pending,
882,2024-03-29 00:00:00,organic,Ireland,Android,pending,
883,2023-09-04 00:00:00,paid_ads,Ireland,iOS,pending,
884,2024-03-08 00:00:00,paid_ads,Ireland,iOS,rejected,
885,2023-10-28 00:00:00,referral,India,Android,approved,2023-10-29 00:00:00
886,2024-04-24 00:00:00,referral,Ireland,Android,approved,2024-04-29 00:00:00
887,2024-11-09 00:00:00,affiliate,Ireland,iOS,pending,
888,2023-12-31 00:00:00,paid_ads,Ireland,Android,pending,
889,2024-12-25 00:00:00,organic,UK,Android,approved,2024-12-26 00:00:00
890,2024-06-28 00:00:00,organic,UK,iOS,pending,
891,2023-07-31 00:00:00,paid_ads,UK,iOS,pending,
892,2024-10-17 00:00:00,organic,Ireland,iOS,pending,
893,2023-08-09 00:00:00,paid_ads,Ireland,Android,rejected,
894,2023-12-22 00:00:00,referral,Ireland,Android,approved,2023-12-26 00:00:00
895,2023-02-05 00:00:00,organic,Ireland,Android,approved,2023-02-07 00:00:00
896,2024-10-14 00:00:00,organic,Ireland,Android,pending,
897,2023-06-22 00:00:00,organic,UK,Android,rejected,
898,2023-03-09 00:00:00,organic,India,Android,approved,2023-03-14 00:00:00
899,2024-05-03 00:00:00,paid_ads,India,iOS,approved,2024-05-05 00:00:00
900,2023-02-28 00:00:00,paid_ads,Ireland,Android,pending,
901,2024-04-22 00:00:00,referral,Ireland,Android,approved,2024-04-26 00:00:00
902,2024-04-15 00:00:00,referral,Ireland,Android,approved,2024-04-19 00:00:00
903,2024-04-19 00:00:00,organic,UK,Android,rejected,
904,2024-04-09 00:00:00,paid_ads,UK,iOS,pending,
905,2024-07-04 00:00:00,affiliate,Ireland,Android,approved,2024-07-05 00:00:00
906,2024-10-01 00:00:00,affiliate,Ireland,iOS,approved,2024-10-06 00:00:00
907,2023-11-26 00:00:00,affiliate,Ireland,Android,pending,
908,2023-08-18 00:00:00,paid_ads,Ireland,Android,approved,2023-08-19 00:00:00
909,2023-07-09 00:00:00,referral,Ireland,iOS,rejected,
910,2023-11-29 00:00:00,organic,UK,iOS,approved,2023-12-03 00:00:00
911,2024-11-12 00:00:00,referral,UK,iOS,pending,
912,2024-11-20 00:00:00,paid_ads,India,Android,approved,2024-11-22 00:00:00
913,2024-03-09 00:00:00,paid_ads,Ireland,Android,approved,2024-03-12 00:00:00
914,2024-08-02 00:00:00,referral,Ireland,Android,rejected,
915,2024-07-31 00:00:00,affiliate,Ireland,Android,pending,
916,2023-05-02 00:00:00,referral,Ireland,iOS,approved,2023-05-05 00:00:00
917,2024-07-05 00:00:00,organic,India,iOS,approved,2024-07-10 00:00:00
918,2024-08-28 00:00:00,organic,UK,iOS,rejected,
919,2024-08-24 00:00:00,paid_ads,Ireland,Android,approved,2024-08-28 00:00:00
920,2023-03-25 00:00:00,affiliate,UK,Android,rejected,
921,2024-08-20 00:00:00,referral,India,iOS,rejected,
922,2024-10-08 00:00:00,organic,India,iOS,approved,2024-10-09 00:00:00
923,2023-03-13 00:00:00,organic,UK,Android,approved,2023-03-17 00:00:00
924,2023-06-05 00:00:00,paid_ads,India,Android,pending,
925,2023-08-18 00:00:00,paid_ads,Ireland,iOS,rejected,
926,2024-12-30 00:00:00,paid_ads,Ireland,iOS,pending,
927,2024-12-05 00:00:00,paid_ads,UK,Android,approved,2024-12-08 00:00:00
928,2023-09-26 00:00:00,referral,Ireland,iOS,rejected,
929,2024-08-27 00:00:00,referral,Ireland,iOS,rejected,
930,2024-05-11 00:00:00,affiliate,Ireland,Android,pending,
931,2024-06-16 00:00:00,organic,UK,Android,approved,2024-06-19 00:00:00
932,2024-05-06 00:00:00,paid_ads,India,iOS,pending,
933,2023-12-20 00:00:00,organic,Ireland,iOS,approved,2023-12-22 00:00:00
934,2023-08-26 00:00:00,referral,Ireland,Android,approved,2023-08-31 00:00:00
935,2023-07-05 00:00:00,referral,Ireland,iOS,approved,2023-07-07 00:00:00
936,2023-01-13 00:00:00,referral,Ireland,iOS,approved,2023-01-16 00:00:00
937,2023-01-28 00:00:00,paid_ads,Ireland,iOS,approved,2023-01-30 00:00:00
938,2024-05-05 00:00:00,organic,India,iOS,approved,2024-05-10 00:00:00
939,2024-10-06 00:00:00,organic,UK,iOS,pending,
940,2023-04-30 00:00:00,referral,Ireland,Android,approved,2023-05-01 00:00:00
941,2023-10-31 00:00:00,affiliate,UK,iOS,rejected,
942,2023-06-19 00:00:00,paid_ads,Ireland,iOS,approved,2023-06-23 00:00:00
943,2024-06-30 00:00:00,affiliate,Ireland,Android,approved,2024-07-03 00:00:00
944,2024-04-19 00:00:00,paid_ads,Ireland,iOS,pending,
945,2023-01-03 00:00:00,paid_ads,UK,Android,approved,2023-01-06 00:00:00
946,2023-12-27 00:00:00,organic,Ireland,Android,approved,2023-12-31 00:00:00
947,2023-04-20 00:00:00,referral,UK,iOS,pending,
948,2024-05-10 00:00:00,referral,Ireland,iOS,approved,2024-05-13 00:00:00
949,2023-03-07 00:00:00,organic,India,iOS,rejected,
950,2024-05-19 00:00:00,organic,India,Android,approved,2024-05-24 00:00:00
951,2023-03-21 00:00:00,paid_ads,UK,Android,approved,2023-03-23 00:00:00
952,2024-02-02 00:00:00,paid_ads,Ireland,iOS,pending,
953,2023-01-08 00:00:00,organic,Ireland,iOS,approved,2023-01-11 00:00:00
954,2024-01-13 00:00:00,organic,UK,iOS,approved,2024-01-14 00:00:00
955,2023-09-28 00:00:00,organic,India,iOS,approved,2023-10-01 00:00:00
956,2023-07-30 00:00:00,organic,UK,iOS,pending,
957,2024-06-24 00:00:00,organic,Ireland,Android,rejected,
958,2023-12-13 00:00:00,paid_ads,Ireland,Android,approved,2023-12-14 00:00:00
959,2024-08-09 00:00:00,paid_ads,Ireland,iOS,approved,2024-08-10 00:00:00
960,2023-07-30 00:00:00,paid_ads,UK,Android,approved,2023-07-31 00:00:00
961,2023-03-25 00:00:00,organic,Ireland,iOS,pending,
962,2023-02-21 00:00:00,affiliate,UK,Android,rejected,
963,2024-10-13 00:00:00,organic,UK,iOS,approved,2024-10-16 00:00:00
964,2023-04-14 00:00:00,paid_ads,UK,iOS,approved,2023-04-16 00:00:00
965,2023-08-29 00:00:00,organic,Ireland,Android,approved,2023-09-02 00:00:00
966,2023-12-10 00:00:00,paid_ads,Ireland,Android,pending,
967,2023-02-05 00:00:00,paid_ads,UK,Android,pending,
968,2024-02-29 00:00:00,referral,India,Android,approved,2024-03-03 00:00:00
969,2023-04-25 00:00:00,organic,India,Android,approved,2023-04-28 00:00:00
970,2023-04-14 00:00:00,paid_ads,UK,Android,approved,2023-04-16 00:00:00
971,2023-10-12 00:00:00,referral,Ireland,iOS,pending,
972,2023-03-10 00:00:00,affiliate,India,Android,pending,
973,2023-06-10 00:00:00,paid_ads,UK,Android,pending,
974,2023-11-13 00:00:00,referral,India,Android,approved,2023-11-18 00:00:00
975,2024-04-01 00:00:00,referral,UK,Android,approved,2024-04-05 00:00:00
976,2023-07-11 00:00:00,paid_ads,Ireland,Android,approved,2023-07-16 00:00:00
977,2024-09-19 00:00:00,organic,UK,iOS,pending,
978,2024-09-05 00:00:00,affiliate,Ireland,Android,approved,2024-09-06 00:00:00
979,2023-11-04 00:00:00,referral,UK,iOS,approved,2023-11-07 00:00:00
980,2024-03-29 00:00:00,referral,India,Android,rejected,
981,2023-04-15 00:00:00,paid_ads,Ireland,Android,pending,
982,2023-01-29 00:00:00,paid_ads,India,iOS,rejected,
983,2024-11-07 00:00:00,affiliate,Ireland,iOS,pending,
984,2023-02-03 00:00:00,affiliate,Ireland,iOS,approved,2023-02-04 00:00:00
985,2023-11-03 00:00:00,affiliate,Ireland,iOS,pending,
986,2023-02-14 00:00:00,organic,India,iOS,approved,2023-02-16 00:00:00
987,2023-03-21 00:00:00,affiliate,Ireland,iOS,approved,2023-03-23 00:00:00
988,2023-05-01 00:00:00,organic,Ireland,Android,approved,2023-05-03 00:00:00
989,2023-10-21 00:00:00,paid_ads,UK,Android,pending,
990,2023-01-15 00:00:00,affiliate,UK,iOS,approved,2023-01-16 00:00:00
991,2024-10-05 00:00:00,referral,Ireland,iOS,pending,
992,2023-02-22 00:00:00,paid_ads,India,Android,pending,
993,2023-04-27 00:00:00,affiliate,Ireland,Android,pending,
994,2024-07-03 00:00:00,referral,Ireland,iOS,approved,2024-07-05 00:00:00
995,2024-02-03 00:00:00,paid_ads,India,iOS,approved,2024-02-05 00:00:00
996,2024-11-20 00:00:00,paid_ads,Ireland,iOS,pending,
997,2024-05-03 00:00:00,paid_ads,UK,Android,approved,2024-05-06 00:00:00
998,2024-11-02 00:00:00,paid_ads,Ireland,iOS,pending,
999,2023-09-28 00:00:00,paid_ads,Ireland,iOS,rejected,
1000,2023-10-06 00:00:00,affiliate,UK,iOS,rejected,
1001,2024-06-22 00:00:00,referral,Ireland,Android,approved,2024-06-25 00:00:00
1002,2024-03-08 00:00:00,referral,Ireland,iOS,pending,
1003,2023-08-27 00:00:00,paid_ads,UK,iOS,pending,
1004,2023-05-22 00:00:00,organic,UK,iOS,approved,2023-05-24 00:00:00
1005,2024-02-04 00:00:00,paid_ads,Ireland,Android,approved,2024-02-05 00:00:00
1006,2024-08-06 00:00:00,affiliate,Ireland,iOS,approved,2024-08-10 00:00:00
1007,2023-06-30 00:00:00,organic,UK,iOS,approved,2023-07-05 00:00:00
1008,2023-10-08 00:00:00,paid_ads,Ireland,Android,rejected,
1009,2023-10-17 00:00:00,affiliate,Ireland,Android,rejected,
1010,2023-10-08 00:00:00,affiliate,UK,Android,pending,
1011,2024-05-29 00:00:00,organic,Ireland,iOS,pending,
1012,2023-09-25 00:00:00,organic,UK,iOS,pending,
1013,2023-03-15 00:00:00,organic,Ireland,iOS,pending,
1014,2023-03-01 00:00:00,referral,Ireland,iOS,approved,2023-03-02 00:00:00
1015,2023-11-12 00:00:00,paid_ads,UK,iOS,pending,
1016,2023-08-21 00:00:00,referral,UK,Android,approved,2023-08-26 00:00:00
1017,2023-10-04 00:00:00,referral,UK,Android,approved,2023-10-06 00:00:00
1018,2023-06-09 00:00:00,referral,UK,iOS,approved,2023-06-14 00:00:00
1019,2023-12-09 00:00:00,organic,India,iOS,rejected,
1020,2024-12-27 00:00:00,referral,UK,Android,approved,2025-01-01 00:00:00
1021,2024-02-20 00:00:00,referral,UK,Android,pending,
1022,2024-07-05 00:00:00,organic,Ireland,Android,pending,
1023,2024-01-26 00:00:00,paid_ads,India,iOS,pending,
1024,2023-12-03 00:00:00,organic,UK,Android,pending,
1025,2023-01-22 00:00:00,paid_ads,India,iOS,approved,2023-01-27 00:00:00
1026,2023-10-12 00:00:00,organic,Ireland,Android,approved,2023-10-13 00:00:00
1027,2023-09-28 00:00:00,organic,Ireland,iOS,approved,2023-09-29 00:00:00
1028,2024-04-19 00:00:00,paid_ads,Ireland,iOS,approved,2024-04-21 00:00:00
1029,2023-12-07 00:00:00,organic,Ireland,Android,pending,
1030,2023-10-15 00:00:00,paid_ads,India,Android,approved,2023-10-20 00:00:00
1031,2024-08-19 00:00:00,referral,UK,iOS,approved,2024-08-22 00:00:00
1032,2023-07-29 00:00:00,paid_ads,Ireland,Android,approved,2023-08-01 00:00:00
1033,2023-04-05 00:00:00,affiliate,UK,Android,approved,2023-04-06 00:00:00
1034,2023-04-04 00:00:00,paid_ads,Ireland,iOS,pending,
1035,2024-12-13 00:00:00,paid_ads,India,iOS,rejected,
1036,2023-05-03 00:00:00,referral,Ireland,Android,rejected,
1037,2023-06-03 00:00:00,organic,Ireland,iOS,approved,2023-06-08 00:00:00
1038,2023-10-25 00:00:00,referral,UK,Android,approved,2023-10-30 00:00:00
1039,2023-08-21 00:00:00,organic,Ireland,iOS,rejected,
1040,2023-09-18 00:00:00,organic,Ireland,iOS,approved,2023-09-19 00:00:00
1041,2024-09-17 00:00:00,paid_ads,UK,Android,pending,
1042,2023-04-20 00:00:00,organic,UK,Android,approved,2023-04-21 00:00:00
1043,2024-03-10 00:00:00,paid_ads,UK,iOS,approved,2024-03-14 00:00:00
1044,2024-03-03 00:00:00,affiliate,UK,Android,approved,2024-03-07 00:00:00
1045,2024-06-21 00:00:00,paid_ads,Ireland,Android,approved,2024-06-25 00:00:00
1046,2024-11-05 00:00:00,paid_ads,Ireland,iOS,pending,
1047,2023-09-12 00:00:00,paid_ads,Ireland,iOS,approved,2023-09-14 00:00:00
1048,2024-02-03 00:00:00,referral,Ireland,Android,approved,2024-02-04 00:00:00
1049,2024-01-06 00:00:00,paid_ads,UK,iOS,approved,2024-01-07 00:00:00
1050,2024-06-17 00:00:00,referral,UK,Android,pending,
1051,2023-10-18 00:00:00,organic,UK,iOS,approved,2023-10-22 00:00:00
1052,2023-09-04 00:00:00,affiliate,UK,Android,pending,
1053,2024-07-24 00:00:00,referral,India,iOS,rejected,
1054,2024-09-12 00:00:00,referral,UK,Android,approved,2024-09-14 00:00:00
1055,2024-02-02 00:00:00,referral,Ireland,iOS,approved,2024-02-07 00:00:00
1056,2023-01-20 00:00:00,paid_ads,UK,iOS,approved,2023-01-24 00:00:00
1057,2024-02-24 00:00:00,organic,UK,Android,approved,2024-02-27 00:00:00
1058,2024-01-30 00:00:00,referral,Ireland,iOS,approved,2024-02-04 00:00:00
1059,2023-05-06 00:00:00,affiliate,UK,iOS,approved,2023-05-08 00:00:00
1060,2024-10-13 00:00:00,paid_ads,India,iOS,approved,2024-10-17 00:00:00
1061,2023-07-04 00:00:00,referral,UK,Android,rejected,
1062,2024-07-01 00:00:00,organic,Ireland,Android,approved,2024-07-03 00:00:00
1063,2024-03-29 00:00:00,referral,Ireland,Android,approved,2024-04-03 00:00:00
1064,2023-10-03 00:00:00,organic,UK,Android,approved,2023-10-08 00:00:00
1065,2023-04-19 00:00:00,affiliate,India,Android,approved,2023-04-20 00:00:00
1066,2023-11-24 00:00:00,paid_ads,UK,Android,pending,
1067,2024-02-16 00:00:00,referral,Ireland,iOS,approved,2024-02-18 00:00:00
1068,2024-12-12 00:00:00,organic,Ireland,iOS,approved,2024-12-14 00:00:00
1069,2023-07-16 00:00:00,paid_ads,Ireland,iOS,approved,2023-07-20 00:00:00
1070,2023-01-18 00:00:00,referral,UK,Android,approved,2023-01-22 00:00:00
1071,2024-07-27 00:00:00,affiliate,Ireland,iOS,approved,2024-07-28 00:00:00
1072,2024-08-15 00:00:00,paid_ads,Ireland,iOS,approved,2024-08-17 00:00:00
1073,2024-06-22 00:00:00,organic,Ireland,Android,rejected,
1074,2024-02-03 00:00:00,referral,UK,iOS,approved,2024-02-07 00:00:00
1075,2024-07-10 00:00:00,organic,India,Android,approved,2024-07-11 00:00:00
1076,2024-04-23 00:00:00,referral,UK,iOS,approved,2024-04-24 00:00:00
1077,2023-09-26 00:00:00,referral,Ireland,iOS,pending,
1078,2023-06-10 00:00:00,paid_ads,Ireland,Android,pending,
1079,2023-05-04 00:00:00,referral,Ireland,iOS,approved,2023-05-08 00:00:00
1080,2024-07-24 00:00:00,paid_ads,Ireland,iOS,approved,2024-07-28 00:00:00
1081,2024-05-11 00:00:00,organic,Ireland,Android,rejected,
1082,2024-12-08 00:00:00,paid_ads,Ireland,Android,pending,
1083,2024-06-06 00:00:00,referral,Ireland,iOS,approved,2024-06-10 00:00:00
1084,2023-11-20 00:00:00,referral,Ireland,iOS,approved,2023-11-23 00:00:00
1085,2023-05-13 00:00:00,referral,Ireland,Android,approved,2023-05-17 00:00:00
1086,2023-08-03 00:00:00,paid_ads,UK,iOS,approved,2023-08-04 00:00:00
1087,2024-02-20 00:00:00,paid_ads,Ireland,Android,approved,2024-02-23 00:00:00
1088,2023-05-31 00:00:00,paid_ads,India,iOS,approved,2023-06-02 00:00:00
1089,2024-09-02 00:00:00,affiliate,UK,Android,approved,2024-09-05 00:00:00
1090,2024-06-18 00:00:00,paid_ads,UK,iOS,rejected,
1091,2024-07-20 00:00:00,paid_ads,UK,Android,rejected,
1092,2024-10-07 00:00:00,paid_ads,Ireland,Android,approved,2024-10-10 00:00:00
1093,2023-03-21 00:00:00,paid_ads,Ireland,Android,rejected,
1094,2024-01-16 00:00:00,referral,UK,Android,approved,2024-01-20 00:00:00
1095,2023-05-06 00:00:00,organic,India,iOS,pending,
1096,2023-09-27 00:00:00,organic,Ireland,Android,approved,2023-09-30 00:00:00
1097,2023-11-10 00:00:00,paid_ads,Ireland,Android,pending,
1098,2023-06-02 00:00:00,referral,Ireland,iOS,rejected,
1099,2024-03-18 00:00:00,referral,India,iOS,approved,2024-03-20 00:00:00
1100,2023-03-11 00:00:00,paid_ads,Ireland,iOS,approved,2023-03-13 00:00:00
1101,2023-02-23 00:00:00,paid_ads,Ireland,Android,approved,2023-02-28 00:00:00
1102,2023-02-08 00:00:00,organic,Ireland,Android,approved,2023-02-12 00:00:00
1103,2024-06-19 00:00:00,affiliate,Ireland,iOS,rejected,
1104,2023-05-21 00:00:00,paid_ads,Ireland,iOS,pending,
1105,2023-03-14 00:00:00,organic,UK,Android,approved,2023-03-17 00:00:00
1106,2024-03-14 00:00:00,referral,India,iOS,approved,2024-03-17 00:00:00
1107,2023-04-28 00:00:00,affiliate,UK,Android,approved,2023-04-30 00:00:00
1108,2024-07-16 00:00:00,referral,Ireland,Android,pending,
1109,2024-10-04 00:00:00,paid_ads,India,Android,rejected,
1110,2023-08-09 00:00:00,affiliate,UK,Android,approved,2023-08-10 00:00:00
1111,2024-11-14 00:00:00,paid_ads,India,iOS,rejected,
1112,2024-05-06 00:00:00,organic,Ireland,Android,approved,2024-05-08 00:00:00
1113,2023-04-30 00:00:00,organic,Ireland,Android,rejected,
1114,2023-05-24 00:00:00,paid_ads,Ireland,Android,approved,2023-05-26 00:00:00
1115,2024-03-06 00:00:00,referral,Ireland,Android,rejected,
1116,2023-08-29 00:00:00,referral,Ireland,Android,approved,2023-08-31 00:00:00
1117,2023-02-02 00:00:00,paid_ads,India,Android,rejected,
1118,2023-12-07 00:00:00,paid_ads,India,iOS,pending,
1119,2024-08-24 00:00:00,affiliate,Ireland,Android,approved,2024-08-28 00:00:00
1120,2023-09-06 00:00:00,paid_ads,UK,iOS,pending,
1121,2024-11-12 00:00:00,organic,India,iOS,approved,2024-11-15 00:00:00
1122,2024-12-09 00:00:00,paid_ads,India,iOS,pending,
1123,2024-01-26 00:00:00,referral,Ireland,Android,pending,
1124,2023-06-23 00:00:00,organic,UK,Android,approved,2023-06-24 00:00:00
1125,2024-08-03 00:00:00,referral,UK,iOS,approved,2024-08-07 00:00:00
1126,2024-03-22 00:00:00,paid_ads,Ireland,iOS,rejected,
1127,2023-08-17 00:00:00,organic,UK,iOS,approved,2023-08-20 00:00:00
1128,2024-05-21 00:00:00,organic,UK,Android,approved,2024-05-25 00:00:00
1129,2024-03-28 00:00:00,paid_ads,Ireland,iOS,pending,
1130,2024-10-22 00:00:00,organic,India,iOS,approved,2024-10-27 00:00:00
1131,2023-07-07 00:00:00,paid_ads,UK,iOS,approved,2023-07-10 00:00:00
1132,2024-01-21 00:00:00,referral,UK,Android,pending,
1133,2023-08-26 00:00:00,referral,Ireland,iOS,approved,2023-08-27 00:00:00
1134,2024-12-02 00:00:00,organic,UK,iOS,approved,2024-12-07 00:00:00
1135,2024-04-14 00:00:00,affiliate,Ireland,iOS,pending,
1136,2024-04-10 00:00:00,organic,India,iOS,pending,
1137,2023-06-13 00:00:00,paid_ads,India,Android,rejected,
1138,2023-10-17 00:00:00,organic,Ireland,Android,approved,2023-10-21 00:00:00
1139,2023-06-29 00:00:00,paid_ads,UK,Android,approved,2023-07-04 00:00:00
1140,2024-09-23 00:00:00,paid_ads,UK,iOS,pending,
1141,2024-06-02 00:00:00,paid_ads,Ireland,iOS,approved,2024-06-07 00:00:00
1142,2023-04-09 00:00:00,referral,India,iOS,pending,
1143,2024-03-08 00:00:00,organic,Ireland,Android,approved,2024-03-11 00:00:00
1144,2023-11-10 00:00:00,paid_ads,UK,Android,pending,
1145,2024-12-26 00:00:00,affiliate,Ireland,iOS,pending,
1146,2023-07-16 00:00:00,affiliate,Ireland,Android,pending,
1147,2024-08-28 00:00:00,affiliate,UK,Android,approved,2024-08-30 00:00:00
1148,2023-08-05 00:00:00,organic,UK,iOS,pending,
1149,2023-05-25 00:00:00,paid_ads,Ireland,iOS,approved,2023-05-30 00:00:00
1150,2023-11-06 00:00:00,referral,UK,iOS,rejected,
1151,2024-03-03 00:00:00,paid_ads,India,iOS,approved,2024-03-04 00:00:00
1152,2024-06-03 00:00:00,paid_ads,Ireland,iOS,approved,2024-06-07 00:00:00
1153,2024-12-22 00:00:00,organic,Ireland,iOS,approved,2024-12-23 00:00:00
1154,2024-12-11 00:00:00,paid_ads,Ireland,Android,approved,2024-12-14 00:00:00
1155,2023-01-28 00:00:00,referral,India,iOS,pending,
1156,2024-11-17 00:00:00,paid_ads,Ireland,Android,approved,2024-11-20 00:00:00
1157,2023-11-12 00:00:00,paid_ads,Ireland,Android,approved,2023-11-15 00:00:00
1158,2023-12-25 00:00:00,referral,Ireland,Android,approved,2023-12-30 00:00:00
1159,2024-01-10 00:00:00,affiliate,Ireland,iOS,approved,2024-01-13 00:00:00
1160,2024-10-06 00:00:00,paid_ads,Ireland,Android,approved,2024-10-08 00:00:00
1161,2023-08-17 00:00:00,affiliate,India,iOS,approved,2023-08-22 00:00:00
1162,2023-09-02 00:00:00,organic,India,Android,approved,2023-09-03 00:00:00
1163,2024-06-16 00:00:00,organic,India,Android,pending,
1164,2023-02-19 00:00:00,paid_ads,UK,Android,rejected,
1165,2024-01-09 00:00:00,referral,Ireland,iOS,approved,2024-01-14 00:00:00
1166,2023-04-07 00:00:00,organic,Ireland,iOS,pending,
1167,2024-09-23 00:00:00,paid_ads,India,Android,pending,
1168,2023-05-25 00:00:00,paid_ads,Ireland,Android,pending,
1169,2023-12-09 00:00:00,affiliate,UK,Android,approved,2023-12-12 00:00:00
1170,2024-07-08 00:00:00,affiliate,India,Android,approved,2024-07-10 00:00:00
1171,2023-11-09 00:00:00,referral,India,iOS,approved,2023-11-12 00:00:00
1172,2023-03-26 00:00:00,referral,UK,iOS,approved,2023-03-28 00:00:00
1173,2024-01-10 00:00:00,referral,India,Android,pending,
1174,2024-08-15 00:00:00,referral,UK,iOS,approved,2024-08-20 00:00:00
1175,2024-04-27 00:00:00,paid_ads,India,iOS,approved,2024-04-28 00:00:00
1176,2024-02-03 00:00:00,organic,India,iOS,approved,2024-02-05 00:00:00
1177,2024-12-21 00:00:00,paid_ads,UK,iOS,approved,2024-12-24 00:00:00
1178,2023-07-07 00:00:00,organic,Ireland,iOS,approved,2023-07-11 00:00:00
1179,2024-06-24 00:00:00,referral,India,Android,rejected,
1180,2024-01-12 00:00:00,affiliate,UK,iOS,rejected,
1181,2023-08-16 00:00:00,organic,UK,Android,approved,2023-08-17 00:00:00
1182,2024-04-03 00:00:00,referral,Ireland,iOS,pending,
1183,2024-03-29 00:00:00,referral,Ireland,Android,approved,2024-03-31 00:00:00
1184,2023-02-12 00:00:00,referral,India,iOS,rejected,
1185,2024-04-19 00:00:00,referral,UK,iOS,pending,
1186,2023-06-10 00:00:00,affiliate,Ireland,iOS,pending,
1187,2024-09-24 00:00:00,paid_ads,Ireland,Android,approved,2024-09-27 00:00:00
1188,2024-04-21 00:00:00,referral,UK,Android,rejected,
1189,2024-07-30 00:00:00,organic,India,iOS,pending,
1190,2023-12-07 00:00:00,paid_ads,Ireland,iOS,approved,2023-12-09 00:00:00
1191,2023-12-29 00:00:00,organic,Ireland,iOS,approved,2024-01-02 00:00:00
1192,2023-11-17 00:00:00,affiliate,India,iOS,approved,2023-11-19 00:00:00
1193,2024-11-15 00:00:00,paid_ads,Ireland,Android,approved,2024-11-19 00:00:00
1194,2024-05-10 00:00:00,organic,Ireland,iOS,approved,2024-05-11 00:00:00
1195,2023-10-09 00:00:00,organic,Ireland,Android,approved,2023-10-10 00:00:00
1196,2023-12-21 00:00:00,affiliate,UK,iOS,rejected,
1197,2024-03-12 00:00:00,organic,Ireland,iOS,approved,2024-03-14 00:00:00
1198,2024-02-18 00:00:00,affiliate,Ireland,Android,approved,2024-02-19 00:00:00
1199,2024-05-15 00:00:00,organic,India,Android,approved,2024-05-18 00:00:00
1200,2023-12-10 00:00:00,paid_ads,UK,iOS,rejected,
1201,2024-12-20 00:00:00,referral,India,iOS,approved,2024-12-25 00:00:00
1202,2024-12-06 00:00:00,organic,Ireland,iOS,pending,
1203,2024-07-09 00:00:00,referral,Ireland,Android,approved,2024-07-13 00:00:00
1204,2024-06-08 00:00:00,paid_ads,UK,iOS,pending,
1205,2023-11-16 00:00:00,organic,UK,Android,rejected,
1206,2024-05-06 00:00:00,paid_ads,UK,Android,rejected,
1207,2024-11-09 00:00:00,affiliate,India,Android,pending,
1208,2024-05-10 00:00:00,organic,Ireland,Android,approved,2024-05-15 00:00:00
1209,2024-03-06 00:00:00,affiliate,India,iOS,rejected,
1210,2023-11-08 00:00:00,paid_ads,UK,Android,approved,2023-11-10 00:00:00
1211,2024-01-11 00:00:00,referral,India,Android,approved,2024-01-14 00:00:00
1212,2024-10-21 00:00:00,referral,Ireland,Android,rejected,
1213,2024-09-09 00:00:00,organic,India,Android,pending,
1214,2024-06-26 00:00:00,organic,UK,Android,rejected,
1215,2024-10-08 00:00:00,referral,UK,Android,approved,2024-10-12 00:00:00
1216,2024-12-15 00:00:00,affiliate,UK,Android,approved,2024-12-18 00:00:00
1217,2023-04-30 00:00:00,affiliate,UK,Android,pending,
1218,2024-09-06 00:00:00,organic,India,iOS,approved,2024-09-09 00:00:00
1219,2024-09-19 00:00:00,affiliate,Ireland,Android,approved,2024-09-21 00:00:00
1220,2023-01-19 00:00:00,paid_ads,Ireland,iOS,pending,
1221,2023-08-22 00:00:00,organic,Ireland,Android,approved,2023-08-26 00:00:00
1222,2023-07-05 00:00:00,referral,Ireland,iOS,approved,2023-07-10 00:00:00
1223,2023-04-28 00:00:00,referral,UK,Android,approved,2023-05-01 00:00:00
1224,2024-07-03 00:00:00,paid_ads,Ireland,Android,approved,2024-07-07 00:00:00
1225,2023-06-14 00:00:00,referral,Ireland,iOS,rejected,
1226,2024-01-25 00:00:00,organic,UK,Android,rejected,
1227,2023-01-29 00:00:00,affiliate,Ireland,iOS,approved,2023-02-02 00:00:00
1228,2024-03-18 00:00:00,organic,UK,iOS,rejected,
1229,2024-10-27 00:00:00,paid_ads,Ireland,Android,approved,2024-10-29 00:00:00
1230,2024-12-08 00:00:00,paid_ads,Ireland,Android,rejected,
1231,2023-07-20 00:00:00,paid_ads,Ireland,Android,rejected,
1232,2024-01-31 00:00:00,affiliate,Ireland,iOS,approved,2024-02-03 00:00:00
1233,2023-06-27 00:00:00,referral,Ireland,iOS,approved,2023-06-29 00:00:00
1234,2024-05-17 00:00:00,referral,Ireland,iOS,approved,2024-05-18 00:00:00
1235,2023-06-05 00:00:00,affiliate,Ireland,iOS,rejected,
1236,2023-09-23 00:00:00,organic,India,Android,approved,2023-09-25 00:00:00
1237,2024-05-08 00:00:00,paid_ads,Ireland,Android,pending,
1238,2024-07-29 00:00:00,affiliate,India,iOS,approved,2024-07-30 00:00:00
1239,2024-09-25 00:00:00,paid_ads,Ireland,Android,approved,2024-09-26 00:00:00
1240,2024-08-24 00:00:00,paid_ads,UK,Android,rejected,
1241,2024-03-01 00:00:00,organic,UK,Android,pending,
1242,2024-10-30 00:00:00,affiliate,UK,iOS,rejected,
1243,2024-09-19 00:00:00,paid_ads,UK,Android,rejected,
1244,2023-01-22 00:00:00,affiliate,UK,Android,rejected,
1245,2024-10-06 00:00:00,affiliate,Ireland,Android,approved,2024-10-07 00:00:00
1246,2024-07-11 00:00:00,organic,India,Android,approved,2024-07-15 00:00:00
1247,2023-08-28 00:00:00,affiliate,UK,Android,pending,
1248,2024-09-26 00:00:00,paid_ads,UK,iOS,approved,2024-09-30 00:00:00
1249,2024-10-03 00:00:00,organic,UK,iOS,pending,
1250,2023-10-14 00:00:00,paid_ads,Ireland,Android,pending,
1251,2023-06-12 00:00:00,organic,India,iOS,approved,2023-06-14 00:00:00
1252,2024-07-23 00:00:00,organic,UK,Android,pending,
1253,2024-12-22 00:00:00,organic,Ireland,iOS,pending,
1254,2024-11-13 00:00:00,organic,UK,iOS,approved,2024-11-17 00:00:00
1255,2023-03-06 00:00:00,referral,UK,iOS,pending,
1256,2024-07-22 00:00:00,paid_ads,India,iOS,pending,
1257,2023-07-16 00:00:00,paid_ads,UK,iOS,approved,2023-07-20 00:00:00
1258,2024-10-05 00:00:00,referral,Ireland,iOS,approved,2024-10-09 00:00:00
1259,2024-11-03 00:00:00,paid_ads,India,iOS,rejected,
1260,2024-02-29 00:00:00,organic,UK,iOS,pending,
1261,2024-07-10 00:00:00,paid_ads,UK,Android,approved,2024-07-14 00:00:00
1262,2023-11-16 00:00:00,referral,Ireland,Android,pending,
1263,2024-05-27 00:00:00,organic,India,Android,approved,2024-05-28 00:00:00
1264,2024-10-19 00:00:00,referral,Ireland,Android,pending,
1265,2023-07-17 00:00:00,paid_ads,Ireland,Android,pending,
1266,2023-10-11 00:00:00,organic,UK,iOS,approved,2023-10-16 00:00:00
1267,2024-11-11 00:00:00,paid_ads,Ireland,iOS,approved,2024-11-12 00:00:00
1268,2023-08-31 00:00:00,paid_ads,UK,iOS,pending,
1269,2023-09-27 00:00:00,affiliate,India,iOS,approved,2023-10-02 00:00:00
1270,2023-12-09 00:00:00,referral,UK,Android,approved,2023-12-11 00:00:00
1271,2023-03-26 00:00:00,organic,UK,iOS,pending,
1272,2024-09-21 00:00:00,organic,Ireland,iOS,pending,
1273,2023-11-14 00:00:00,referral,India,iOS,approved,2023-11-16 00:00:00
1274,2024-06-16 00:00:00,organic,UK,Android,approved,2024-06-19 00:00:00
1275,2024-12-12 00:00:00,paid_ads,Ireland,Android,approved,2024-12-14 00:00:00
1276,2024-01-03 00:00:00,referral,UK,iOS,approved,2024-01-07 00:00:00
1277,2023-04-13 00:00:00,paid_ads,India,iOS,approved,2023-04-16 00:00:00
1278,2023-03-04 00:00:00,affiliate,UK,iOS,pending,
1279,2024-10-12 00:00:00,paid_ads,Ireland,iOS,approved,2024-10-16 00:00:00
1280,2023-04-29 00:00:00,referral,Ireland,iOS,approved,2023-05-03 00:00:00
1281,2024-04-09 00:00:00,organic,UK,Android,pending,
1282,2023-12-21 00:00:00,organic,UK,Android,approved,2023-12-23 00:00:00
1283,2024-07-17 00:00:00,paid_ads,India,Android,pending,
1284,2023-11-26 00:00:00,organic,Ireland,iOS,approved,2023-11-28 00:00:00
1285,2023-03-09 00:00:00,referral,UK,iOS,approved,2023-03-10 00:00:00
1286,2024-08-17 00:00:00,organic,UK,Android,approved,2024-08-21 00:00:00
1287,2023-09-12 00:00:00,paid_ads,Ireland,Android,approved,2023-09-15 00:00:00
1288,2024-12-01 00:00:00,organic,UK,Android,approved,2024-12-06 00:00:00
1289,2024-09-04 00:00:00,organic,India,iOS,approved,2024-09-09 00:00:00
1290,2023-12-21 00:00:00,affiliate,UK,Android,approved,2023-12-22 00:00:00
1291,2024-02-29 00:00:00,referral,Ireland,iOS,approved,2024-03-04 00:00:00
1292,2024-06-17 00:00:00,paid_ads,India,iOS,approved,2024-06-20 00:00:00
1293,2023-01-22 00:00:00,paid_ads,UK,Android,approved,2023-01-24 00:00:00
1294,2024-05-17 00:00:00,paid_ads,Ireland,Android,pending,
1295,2023-06-01 00:00:00,organic,Ireland,iOS,rejected,
1296,2024-10-23 00:00:00,affiliate,Ireland,iOS,rejected,
1297,2024-12-16 00:00:00,organic,UK,Android,rejected,
1298,2024-03-20 00:00:00,referral,India,iOS,approved,2024-03-22 00:00:00
1299,2024-08-17 00:00:00,referral,UK,iOS,approved,2024-08-22 00:00:00
1300,2023-09-29 00:00:00,affiliate,UK,Android,approved,2023-10-04 00:00:00
1301,2023-10-07 00:00:00,organic,Ireland,Android,approved,2023-10-12 00:00:00
1302,2023-05-08 00:00:00,organic,UK,Android,pending,
1303,2024-03-09 00:00:00,organic,India,iOS,approved,2024-03-10 00:00:00
1304,2024-01-19 00:00:00,organic,Ireland,iOS,rejected,
1305,2023-03-09 00:00:00,organic,Ireland,iOS,approved,2023-03-14 00:00:00
1306,2023-01-18 00:00:00,paid_ads,Ireland,Android,rejected,
1307,2024-02-29 00:00:00,organic,India,Android,pending,
1308,2024-08-24 00:00:00,referral,Ireland,iOS,approved,2024-08-26 00:00:00
1309,2023-12-17 00:00:00,paid_ads,India,Android,rejected,
1310,2024-12-07 00:00:00,affiliate,UK,iOS,pending,
1311,2023-07-09 00:00:00,organic,Ireland,iOS,pending,
1312,2024-12-11 00:00:00,referral,Ireland,Android,approved,2024-12-13 00:00:00
1313,2023-02-19 00:00:00,paid_ads,Ireland,Android,approved,2023-02-23 00:00:00
1314,2023-05-01 00:00:00,paid_ads,UK,Android,approved,2023-05-05 00:00:00
1315,2023-04-25 00:00:00,paid_ads,Ireland,Android,approved,2023-04-29 00:00:00
1316,2023-01-12 00:00:00,referral,Ireland,iOS,approved,2023-01-16 00:00:00
1317,2024-02-23 00:00:00,referral,Ireland,Android,approved,2024-02-27 00:00:00
1318,2023-07-23 00:00:00,referral,Ireland,iOS,approved,2023-07-27 00:00:00
1319,2024-09-08 00:00:00,affiliate,UK,Android,pending,
1320,2023-10-31 00:00:00,paid_ads,Ireland,iOS,approved,2023-11-03 00:00:00
1321,2024-06-14 00:00:00,referral,India,Android,approved,2024-06-18 00:00:00
1322,2023-09-26 00:00:00,affiliate,UK,iOS,rejected,
1323,2024-01-07 00:00:00,referral,UK,iOS,approved,2024-01-09 00:00:00
1324,2024-10-10 00:00:00,paid_ads,Ireland,Android,pending,
1325,2023-06-26 00:00:00,paid_ads,UK,iOS,pending,
1326,2023-07-16 00:00:00,organic,UK,Android,rejected,
1327,2023-09-21 00:00:00,referral,Ireland,iOS,approved,2023-09-26 00:00:00
1328,2023-11-21 00:00:00,referral,Ireland,iOS,pending,
1329,2023-10-26 00:00:00,paid_ads,Ireland,iOS,rejected,
1330,2024-09-20 00:00:00,referral,Ireland,Android,approved,2024-09-21 00:00:00
1331,2024-05-18 00:00:00,referral,India,Android,approved,2024-05-20 00:00:00
1332,2024-12-12 00:00:00,organic,UK,Android,pending,
1333,2024-07-06 00:00:00,referral,India,iOS,approved,2024-07-09 00:00:00
1334,2023-11-05 00:00:00,affiliate,India,iOS,pending,
1335,2024-10-02 00:00:00,paid_ads,UK,iOS,pending,
1336,2023-09-22 00:00:00,paid_ads,India,iOS,rejected,
1337,2024-04-05 00:00:00,paid_ads,UK,iOS,pending,
1338,2023-07-15 00:00:00,referral,Ireland,Android,approved,2023-07-17 00:00:00
1339,2023-06-07 00:00:00,organic,India,iOS,rejected,
1340,2024-06-09 00:00:00,referral,India,iOS,approved,2024-06-12 00:00:00
1341,2024-09-18 00:00:00,referral,Ireland,Android,approved,2024-09-23 00:00:00
1342,2023-08-23 00:00:00,referral,UK,iOS,approved,2023-08-25 00:00:00
1343,2024-07-20 00:00:00,referral,UK,Android,approved,2024-07-24 00:00:00
1344,2024-07-05 00:00:00,organic,UK,Android,approved,2024-07-08 00:00:00
1345,2024-04-30 00:00:00,affiliate,Ireland,iOS,rejected,
1346,2023-08-16 00:00:00,organic,Ireland,Android,approved,2023-08-18 00:00:00
1347,2024-06-22 00:00:00,organic,UK,Android,pending,
1348,2023-03-24 00:00:00,organic,UK,Android,approved,2023-03-27 00:00:00
1349,2024-01-27 00:00:00,referral,UK,iOS,rejected,
1350,2023-06-15 00:00:00,affiliate,Ireland,iOS,approved,2023-06-17 00:00:00
1351,2024-01-08 00:00:00,paid_ads,UK,iOS,pending,
1352,2023-12-02 00:00:00,referral,Ireland,iOS,approved,2023-12-06 00:00:00
1353,2024-08-23 00:00:00,affiliate,Ireland,Android,approved,2024-08-24 00:00:00
1354,2023-05-10 00:00:00,paid_ads,India,Android,pending,
1355,2024-02-20 00:00:00,affiliate,UK,Android,approved,2024-02-23 00:00:00
1356,2023-11-03 00:00:00,referral,UK,Android,approved,2023-11-06 00:00:00
1357,2024-03-27 00:00:00,paid_ads,India,Android,rejected,
1358,2024-07-24 00:00:00,organic,Ireland,Android,rejected,
1359,2024-10-28 00:00:00,paid_ads,India,iOS,approved,2024-10-30 00:00:00
1360,2024-09-12 00:00:00,paid_ads,UK,Android,pending,
1361,2023-06-15 00:00:00,paid_ads,UK,iOS,pending,
1362,2024-07-10 00:00:00,referral,Ireland,iOS,approved,2024-07-13 00:00:00
1363,2023-04-08 00:00:00,affiliate,India,iOS,rejected,
1364,2023-04-22 00:00:00,referral,UK,iOS,pending,
1365,2024-01-08 00:00:00,paid_ads,Ireland,iOS,approved,2024-01-10 00:00:00
1366,2023-04-14 00:00:00,paid_ads,UK,iOS,approved,2023-04-17 00:00:00
1367,2024-08-19 00:00:00,paid_ads,UK,Android,rejected,
1368,2023-08-12 00:00:00,paid_ads,Ireland,iOS,approved,2023-08-15 00:00:00
1369,2024-07-09 00:00:00,paid_ads,Ireland,Android,rejected,
1370,2023-02-24 00:00:00,organic,UK,iOS,rejected,
1371,2024-11-09 00:00:00,organic,UK,iOS,rejected,
1372,2024-05-26 00:00:00,organic,Ireland,iOS,approved,2024-05-29 00:00:00
1373,2023-07-13 00:00:00,affiliate,UK,iOS,approved,2023-07-17 00:00:00
1374,2023-02-10 00:00:00,organic,Ireland,iOS,approved,2023-02-12 00:00:00
1375,2024-05-21 00:00:00,paid_ads,UK,iOS,approved,2024-05-23 00:00:00
1376,2023-05-26 00:00:00,paid_ads,India,Android,pending,
1377,2023-10-03 00:00:00,organic,Ireland,iOS,approved,2023-10-06 00:00:00
1378,2024-07-30 00:00:00,affiliate,Ireland,Android,rejected,
1379,2023-01-26 00:00:00,paid_ads,Ireland,Android,approved,2023-01-29 00:00:00
1380,2024-11-13 00:00:00,paid_ads,India,iOS,approved,2024-11-16 00:00:00
1381,2024-04-05 00:00:00,paid_ads,Ireland,Android,rejected,
1382,2024-08-31 00:00:00,organic,Ireland,Android,pending,
1383,2023-06-12 00:00:00,organic,Ireland,Android,approved,2023-06-15 00:00:00
1384,2024-02-01 00:00:00,paid_ads,India,Android,pending,
1385,2023-06-04 00:00:00,organic,Ireland,iOS,pending,
1386,2024-08-03 00:00:00,paid_ads,UK,iOS,approved,2024-08-06 00:00:00
1387,2023-09-16 00:00:00,referral,UK,Android,approved,2023-09-18 00:00:00
1388,2024-07-27 00:00:00,affiliate,Ireland,Android,approved,2024-07-28 00:00:00
1389,2024-08-30 00:00:00,organic,UK,Android,approved,2024-09-02 00:00:00
1390,2024-07-06 00:00:00,affiliate,Ireland,iOS,approved,2024-07-09 00:00:00
1391,2023-07-10 00:00:00,paid_ads,Ireland,Android,rejected,
1392,2024-07-22 00:00:00,paid_ads,Ireland,iOS,approved,2024-07-25 00:00:00
1393,2023-12-28 00:00:00,paid_ads,UK,Android,approved,2024-01-01 00:00:00
1394,2024-07-19 00:00:00,paid_ads,Ireland,Android,approved,2024-07-21 00:00:00
1395,2024-11-27 00:00:00,affiliate,UK,Android,pending,
1396,2024-02-02 00:00:00,paid_ads,India,Android,rejected,
1397,2023-04-14 00:00:00,organic,Ireland,iOS,approved,2023-04-15 00:00:00
1398,2024-09-22 00:00:00,paid_ads,Ireland,Android,pending,
1399,2024-04-28 00:00:00,organic,Ireland,Android,approved,2024-04-30 00:00:00
1400,2023-06-07 00:00:00,organic,UK,Android,approved,2023-06-10 00:00:00
1401,2023-01-17 00:00:00,referral,UK,iOS,approved,2023-01-19 00:00:00
1402,2023-07-05 00:00:00,organic,UK,iOS,pending,
1403,2023-12-10 00:00:00,paid_ads,India,Android,rejected,
1404,2024-06-24 00:00:00,referral,UK,Android,rejected,
1405,2023-04-18 00:00:00,affiliate,UK,Android,approved,2023-04-22 00:00:00
1406,2023-04-08 00:00:00,paid_ads,UK,Android,approved,2023-04-12 00:00:00
1407,2024-08-15 00:00:00,paid_ads,Ireland,iOS,rejected,
1408,2024-04-25 00:00:00,affiliate,Ireland,Android,approved,2024-04-27 00:00:00
1409,2023-03-01 00:00:00,organic,Ireland,iOS,approved,2023-03-05 00:00:00
1410,2024-12-07 00:00:00,organic,India,Android,rejected,
1411,2023-05-05 00:00:00,organic,UK,iOS,approved,2023-05-06 00:00:00
1412,2024-08-02 00:00:00,paid_ads,Ireland,Android,rejected,
1413,2023-02-28 00:00:00,organic,Ireland,iOS,approved,2023-03-04 00:00:00
1414,2023-02-27 00:00:00,organic,Ireland,iOS,pending,
1415,2024-02-02 00:00:00,paid_ads,India,iOS,approved,2024-02-05 00:00:00
1416,2024-07-11 00:00:00,organic,India,iOS,rejected,
1417,2024-12-10 00:00:00,referral,Ireland,Android,approved,2024-12-13 00:00:00
1418,2024-03-05 00:00:00,affiliate,India,iOS,approved,2024-03-07 00:00:00
1419,2023-09-19 00:00:00,paid_ads,Ireland,Android,approved,2023-09-23 00:00:00
1420,2024-07-16 00:00:00,referral,India,iOS,approved,2024-07-20 00:00:00
1421,2023-11-06 00:00:00,organic,UK,Android,rejected,
1422,2024-09-06 00:00:00,referral,Ireland,iOS,pending,
1423,2024-01-29 00:00:00,organic,UK,iOS,approved,2024-02-03 00:00:00
1424,2023-01-29 00:00:00,paid_ads,Ireland,Android,rejected,
1425,2024-07-28 00:00:00,organic,India,iOS,approved,2024-07-30 00:00:00
1426,2023-08-17 00:00:00,referral,UK,iOS,approved,2023-08-21 00:00:00
1427,2023-09-11 00:00:00,affiliate,UK,Android,approved,2023-09-12 00:00:00
1428,2024-11-17 00:00:00,referral,India,Android,approved,2024-11-21 00:00:00
1429,2024-05-22 00:00:00,affiliate,Ireland,Android,approved,2024-05-26 00:00:00
1430,2024-02-02 00:00:00,organic,Ireland,Android,approved,2024-02-05 00:00:00
1431,2024-03-11 00:00:00,referral,Ireland,iOS,approved,2024-03-13 00:00:00
1432,2023-04-27 00:00:00,paid_ads,UK,Android,pending,
1433,2023-03-02 00:00:00,paid_ads,UK,Android,pending,
1434,2023-01-21 00:00:00,organic,Ireland,iOS,pending,
1435,2024-01-22 00:00:00,organic,India,iOS,approved,2024-01-26 00:00:00
1436,2023-06-30 00:00:00,referral,UK,Android,rejected,
1437,2024-05-29 00:00:00,organic,UK,Android,approved,2024-06-02 00:00:00
1438,2024-10-23 00:00:00,organic,Ireland,iOS,approved,2024-10-26 00:00:00
1439,2023-06-14 00:00:00,organic,Ireland,Android,approved,2023-06-16 00:00:00
1440,2023-04-12 00:00:00,paid_ads,Ireland,iOS,approved,2023-04-16 00:00:00
1441,2023-01-22 00:00:00,organic,Ireland,Android,approved,2023-01-23 00:00:00
1442,2023-04-07 00:00:00,affiliate,UK,Android,rejected,
1443,2024-03-19 00:00:00,referral,UK,iOS,pending,
1444,2023-02-15 00:00:00,organic,India,iOS,pending,
1445,2024-01-24 00:00:00,paid_ads,India,Android,approved,2024-01-26 00:00:00
1446,2024-01-16 00:00:00,organic,Ireland,iOS,pending,
1447,2023-05-16 00:00:00,referral,Ireland,iOS,rejected,
1448,2023-11-02 00:00:00,organic,Ireland,iOS,approved,2023-11-06 00:00:00
1449,2024-05-30 00:00:00,paid_ads,India,Android,approved,2024-06-01 00:00:00
1450,2023-02-03 00:00:00,referral,UK,iOS,pending,
1451,2024-06-07 00:00:00,organic,Ireland,iOS,approved,2024-06-10 00:00:00
1452,2024-09-22 00:00:00,referral,UK,Android,approved,2024-09-23 00:00:00
1453,2024-02-26 00:00:00,referral,UK,iOS,pending,
1454,2024-12-03 00:00:00,referral,Ireland,Android,approved,2024-12-06 00:00:00
1455,2023-06-28 00:00:00,organic,UK,Android,approved,2023-06-30 00:00:00
1456,2024-08-18 00:00:00,paid_ads,Ireland,Android,approved,2024-08-22 00:00:00
1457,2023-06-20 00:00:00,paid_ads,UK,iOS,rejected,
1458,2023-05-27 00:00:00,organic,India,Android,pending,
1459,2023-02-12 00:00:00,affiliate,UK,iOS,pending,
1460,2023-11-02 00:00:00,affiliate,India,iOS,rejected,
1461,2023-02-24 00:00:00,referral,Ireland,iOS,approved,2023-03-01 00:00:00
1462,2023-01-05 00:00:00,paid_ads,UK,Android,approved,2023-01-10 00:00:00
1463,2023-03-21 00:00:00,affiliate,India,Android,pending,
1464,2023-08-14 00:00:00,paid_ads,Ireland,iOS,pending,
1465,2024-01-30 00:00:00,organic,Ireland,Android,approved,2024-02-03 00:00:00
1466,2024-11-12 00:00:00,paid_ads,Ireland,iOS,rejected,
1467,2024-01-13 00:00:00,paid_ads,Ireland,iOS,approved,2024-01-17 00:00:00
1468,2024-02-23 00:00:00,paid_ads,India,iOS,approved,2024-02-24 00:00:00
1469,2024-01-22 00:00:00,affiliate,Ireland,iOS,pending,
1470,2023-12-25 00:00:00,referral,UK,iOS,approved,2023-12-27 00:00:00
1471,2024-10-01 00:00:00,paid_ads,Ireland,iOS,approved,2024-10-04 00:00:00
1472,2024-12-21 00:00:00,organic,UK,Android,approved,2024-12-26 00:00:00
1473,2023-10-29 00:00:00,referral,India,iOS,pending,
1474,2023-08-21 00:00:00,referral,Ireland,iOS,approved,2023-08-26 00:00:00
1475,2024-10-15 00:00:00,affiliate,India,Android,rejected,
1476,2024-12-27 00:00:00,organic,India,Android,approved,2024-12-28 00:00:00
1477,2024-12-20 00:00:00,organic,Ireland,iOS,approved,2024-12-22 00:00:00
1478,2024-03-16 00:00:00,organic,UK,iOS,pending,
1479,2024-04-29 00:00:00,organic,UK,iOS,pending,
1480,2023-05-07 00:00:00,referral,UK,Android,approved,2023-05-10 00:00:00
1481,2024-01-28 00:00:00,referral,UK,Android,approved,2024-01-29 00:00:00
1482,2024-06-12 00:00:00,affiliate,India,Android,approved,2024-06-14 00:00:00
1483,2024-04-30 00:00:00,organic,India,iOS,approved,2024-05-01 00:00:00
1484,2023-03-22 00:00:00,paid_ads,Ireland,iOS,approved,2023-03-23 00:00:00
1485,2023-01-30 00:00:00,referral,Ireland,iOS,rejected,
1486,2024-06-02 00:00:00,referral,Ireland,iOS,approved,2024-06-04 00:00:00
1487,2024-03-10 00:00:00,paid_ads,UK,Android,approved,2024-03-11 00:00:00
1488,2023-01-27 00:00:00,paid_ads,UK,iOS,approved,2023-01-29 00:00:00
1489,2024-01-16 00:00:00,paid_ads,Ireland,iOS,approved,2024-01-20 00:00:00
1490,2024-08-09 00:00:00,referral,UK,iOS,approved,2024-08-11 00:00:00
1491,2023-01-07 00:00:00,organic,Ireland,Android,approved,2023-01-09 00:00:00
1492,2023-06-23 00:00:00,referral,India,Android,rejected,
1493,2023-05-08 00:00:00,affiliate,UK,iOS,approved,2023-05-10 00:00:00
1494,2024-10-07 00:00:00,paid_ads,UK,Android,pending,
1495,2024-07-28 00:00:00,organic,India,iOS,approved,2024-08-02 00:00:00
1496,2024-01-26 00:00:00,organic,Ireland,Android,pending,
1497,2023-06-06 00:00:00,affiliate,UK,Android,approved,2023-06-10 00:00:00
1498,2023-09-10 00:00:00,paid_ads,UK,iOS,approved,2023-09-12 00:00:00
1499,2023-03-09 00:00:00,referral,UK,iOS,approved,2023-03-14 00:00:00
1500,2023-07-31 00:00:00,organic,India,Android,rejected,
1501,2023-09-21 00:00:00,organic,Ireland,Android,pending,
1502,2024-06-16 00:00:00,paid_ads,UK,iOS,rejected,
1503,2023-04-23 00:00:00,paid_ads,UK,Android,approved,2023-04-27 00:00:00
1504,2024-04-02 00:00:00,organic,Ireland,Android,pending,
1505,2023-12-14 00:00:00,affiliate,UK,iOS,approved,2023-12-16 00:00:00
1506,2023-12-03 00:00:00,organic,Ireland,iOS,rejected,
1507,2023-06-29 00:00:00,affiliate,Ireland,Android,approved,2023-06-30 00:00:00
1508,2023-08-25 00:00:00,organic,India,Android,pending,
1509,2023-02-26 00:00:00,organic,UK,iOS,rejected,
1510,2023-06-26 00:00:00,organic,UK,Android,pending,
1511,2024-08-17 00:00:00,referral,UK,Android,approved,2024-08-22 00:00:00
1512,2024-10-07 00:00:00,paid_ads,India,iOS,approved,2024-10-11 00:00:00
1513,2023-10-17 00:00:00,affiliate,India,iOS,approved,2023-10-21 00:00:00
1514,2024-01-09 00:00:00,organic,India,Android,rejected,
1515,2023-05-24 00:00:00,paid_ads,Ireland,iOS,approved,2023-05-29 00:00:00
1516,2024-10-24 00:00:00,referral,UK,Android,approved,2024-10-28 00:00:00
1517,2024-11-26 00:00:00,paid_ads,Ireland,Android,pending,
1518,2023-12-04 00:00:00,paid_ads,UK,Android,approved,2023-12-08 00:00:00
1519,2024-05-04 00:00:00,referral,UK,iOS,pending,
1520,2023-01-27 00:00:00,organic,Ireland,Android,pending,
1521,2024-11-27 00:00:00,paid_ads,Ireland,iOS,pending,
1522,2023-03-14 00:00:00,affiliate,Ireland,iOS,approved,2023-03-15 00:00:00
1523,2024-03-02 00:00:00,paid_ads,Ireland,iOS,rejected,
1524,2023-11-19 00:00:00,paid_ads,UK,iOS,pending,
1525,2024-09-06 00:00:00,paid_ads,Ireland,Android,rejected,
1526,2023-09-13 00:00:00,referral,UK,iOS,approved,2023-09-14 00:00:00
1527,2023-09-09 00:00:00,referral,Ireland,Android,approved,2023-09-10 00:00:00
1528,2023-01-15 00:00:00,organic,UK,iOS,rejected,
1529,2023-02-15 00:00:00,referral,Ireland,Android,pending,
1530,2024-03-11 00:00:00,paid_ads,India,iOS,approved,2024-03-13 00:00:00
1531,2024-10-05 00:00:00,paid_ads,India,Android,approved,2024-10-10 00:00:00
1532,2023-09-21 00:00:00,paid_ads,Ireland,Android,pending,
1533,2024-11-17 00:00:00,paid_ads,Ireland,iOS,approved,2024-11-19 00:00:00
1534,2023-03-14 00:00:00,organic,UK,Android,rejected,
1535,2023-08-19 00:00:00,referral,UK,Android,approved,2023-08-21 00:00:00
1536,2023-07-24 00:00:00,paid_ads,Ireland,iOS,rejected,
1537,2023-03-03 00:00:00,paid_ads,Ireland,iOS,approved,2023-03-06 00:00:00
1538,2023-05-03 00:00:00,referral,India,iOS,approved,2023-05-06 00:00:00
1539,2024-05-13 00:00:00,paid_ads,Ireland,Android,approved,2024-05-16 00:00:00
1540,2024-10-01 00:00:00,organic,Ireland,iOS,approved,2024-10-02 00:00:00
1541,2024-03-14 00:00:00,organic,India,Android,pending,
1542,2024-12-06 00:00:00,organic,Ireland,iOS,approved,2024-12-08 00:00:00
1543,2023-01-18 00:00:00,referral,UK,iOS,rejected,
1544,2024-02-06 00:00:00,paid_ads,UK,iOS,rejected,
1545,2023-09-07 00:00:00,organic,India,iOS,approved,2023-09-10 00:00:00
1546,2024-03-01 00:00:00,paid_ads,Ireland,Android,rejected,
1547,2023-07-11 00:00:00,paid_ads,UK,iOS,rejected,
1548,2024-06-07 00:00:00,paid_ads,Ireland,iOS,approved,2024-06-09 00:00:00
1549,2024-03-01 00:00:00,referral,Ireland,iOS,approved,2024-03-04 00:00:00
1550,2023-05-11 00:00:00,affiliate,Ireland,iOS,approved,2023-05-14 00:00:00
1551,2024-07-04 00:00:00,referral,India,Android,approved,2024-07-05 00:00:00
1552,2024-12-21 00:00:00,paid_ads,Ireland,iOS,approved,2024-12-24 00:00:00
1553,2023-03-11 00:00:00,paid_ads,UK,Android,pending,
1554,2023-10-06 00:00:00,referral,Ireland,iOS,pending,
1555,2023-02-27 00:00:00,organic,UK,iOS,pending,
1556,2023-11-22 00:00:00,organic,Ireland,iOS,rejected,
1557,2024-11-26 00:00:00,paid_ads,UK,Android,approved,2024-11-30 00:00:00
1558,2024-08-28 00:00:00,paid_ads,UK,iOS,approved,2024-09-01 00:00:00
1559,2024-06-18 00:00:00,referral,India,iOS,approved,2024-06-23 00:00:00
1560,2024-11-26 00:00:00,organic,India,iOS,approved,2024-11-27 00:00:00
1561,2024-03-22 00:00:00,referral,Ireland,iOS,approved,2024-03-27 00:00:00
1562,2023-09-17 00:00:00,referral,India,Android,approved,2023-09-19 00:00:00
1563,2023-02-07 00:00:00,paid_ads,Ireland,iOS,approved,2023-02-10 00:00:00
1564,2024-04-30 00:00:00,affiliate,UK,iOS,pending,
1565,2023-11-09 00:00:00,paid_ads,UK,iOS,approved,2023-11-14 00:00:00
1566,2023-02-06 00:00:00,paid_ads,India,Android,approved,2023-02-10 00:00:00
1567,2023-09-17 00:00:00,referral,Ireland,Android,approved,2023-09-19 00:00:00
1568,2024-10-07 00:00:00,referral,India,Android,approved,2024-10-12 00:00:00
1569,2023-11-10 00:00:00,affiliate,UK,Android,approved,2023-11-13 00:00:00
1570,2024-09-05 00:00:00,referral,UK,Android,approved,2024-09-07 00:00:00
1571,2024-08-18 00:00:00,paid_ads,India,Android,pending,
1572,2023-08-08 00:00:00,affiliate,Ireland,Android,approved,2023-08-13 00:00:00
1573,2024-12-15 00:00:00,affiliate,Ireland,Android,approved,2024-12-19 00:00:00
1574,2024-04-10 00:00:00,paid_ads,Ireland,Android,pending,
1575,2024-05-01 00:00:00,organic,UK,iOS,pending,
1576,2023-05-14 00:00:00,affiliate,India,Android,approved,2023-05-17 00:00:00
1577,2024-12-23 00:00:00,affiliate,Ireland,Android,approved,2024-12-27 00:00:00
1578,2024-02-13 00:00:00,organic,Ireland,Android,approved,2024-02-16 00:00:00
1579,2024-12-16 00:00:00,paid_ads,Ireland,Android,approved,2024-12-19 00:00:00
1580,2024-12-17 00:00:00,referral,Ireland,iOS,approved,2024-12-21 00:00:00
1581,2024-10-18 00:00:00,organic,UK,iOS,approved,2024-10-19 00:00:00
1582,2024-08-18 00:00:00,paid_ads,UK,Android,pending,
1583,2023-10-04 00:00:00,organic,Ireland,iOS,pending,
1584,2024-05-12 00:00:00,organic,UK,Android,approved,2024-05-14 00:00:00
1585,2023-06-25 00:00:00,affiliate,Ireland,Android,pending,
1586,2023-12-25 00:00:00,paid_ads,UK,iOS,pending,
1587,2024-05-19 00:00:00,organic,Ireland,iOS,approved,2024-05-24 00:00:00
1588,2023-12-19 00:00:00,paid_ads,Ireland,iOS,approved,2023-12-20 00:00:00
1589,2023-12-30 00:00:00,affiliate,Ireland,Android,pending,
1590,2023-06-25 00:00:00,referral,Ireland,iOS,pending,
1591,2023-03-16 00:00:00,organic,India,Android,approved,2023-03-17 00:00:00
1592,2024-04-07 00:00:00,organic,India,Android,approved,2024-04-11 00:00:00
1593,2024-05-12 00:00:00,paid_ads,Ireland,Android,rejected,
1594,2024-06-09 00:00:00,affiliate,UK,iOS,approved,2024-06-12 00:00:00
1595,2023-04-03 00:00:00,paid_ads,UK,Android,approved,2023-04-07 00:00:00
1596,2023-03-20 00:00:00,paid_ads,India,Android,approved,2023-03-23 00:00:00
1597,2023-05-27 00:00:00,paid_ads,Ireland,iOS,pending,
1598,2024-11-29 00:00:00,paid_ads,Ireland,Android,approved,2024-12-02 00:00:00
1599,2023-07-20 00:00:00,referral,Ireland,iOS,approved,2023-07-24 00:00:00
1600,2024-12-22 00:00:00,affiliate,Ireland,Android,pending,
1601,2023-08-16 00:00:00,paid_ads,Ireland,iOS,approved,2023-08-17 00:00:00
1602,2023-01-04 00:00:00,paid_ads,UK,iOS,approved,2023-01-05 00:00:00
1603,2024-06-07 00:00:00,organic,India,Android,approved,2024-06-12 00:00:00
1604,2024-05-31 00:00:00,organic,UK,iOS,pending,
1605,2024-05-15 00:00:00,organic,Ireland,iOS,approved,2024-05-17 00:00:00
1606,2023-12-01 00:00:00,paid_ads,India,Android,approved,2023-12-04 00:00:00
1607,2023-01-26 00:00:00,referral,India,iOS,rejected,
1608,2023-03-20 00:00:00,paid_ads,Ireland,Android,rejected,
1609,2023-09-08 00:00:00,paid_ads,Ireland,iOS,approved,2023-09-13 00:00:00
1610,2024-08-05 00:00:00,referral,UK,iOS,approved,2024-08-10 00:00:00
1611,2023-05-16 00:00:00,paid_ads,UK,iOS,approved,2023-05-18 00:00:00
1612,2023-11-01 00:00:00,paid_ads,UK,Android,approved,2023-11-03 00:00:00
1613,2024-10-13 00:00:00,referral,UK,iOS,pending,
1614,2023-04-18 00:00:00,organic,India,Android,approved,2023-04-23 00:00:00
1615,2024-06-20 00:00:00,referral,UK,iOS,approved,2024-06-24 00:00:00
1616,2024-01-14 00:00:00,paid_ads,Ireland,iOS,approved,2024-01-16 00:00:00
1617,2023-09-13 00:00:00,organic,UK,Android,pending,
1618,2023-03-15 00:00:00,paid_ads,Ireland,Android,pending,
1619,2024-07-05 00:00:00,affiliate,Ireland,Android,rejected,
1620,2023-11-11 00:00:00,paid_ads,India,Android,approved,2023-11-16 00:00:00
1621,2024-10-24 00:00:00,affiliate,Ireland,Android,approved,2024-10-26 00:00:00
1622,2024-05-15 00:00:00,paid_ads,UK,Android,pending,
1623,2023-07-23 00:00:00,organic,UK,Android,approved,2023-07-27 00:00:00
1624,2023-07-01 00:00:00,paid_ads,UK,Android,approved,2023-07-05 00:00:00
1625,2023-05-08 00:00:00,referral,India,iOS,approved,2023-05-12 00:00:00
1626,2023-03-12 00:00:00,organic,India,Android,approved,2023-03-13 00:00:00
1627,2023-06-13 00:00:00,referral,Ireland,iOS,approved,2023-06-16 00:00:00
1628,2024-04-11 00:00:00,affiliate,India,iOS,rejected,
1629,2023-10-07 00:00:00,organic,India,Android,approved,2023-10-08 00:00:00
1630,2023-11-21 00:00:00,referral,Ireland,Android,approved,2023-11-24 00:00:00
1631,2023-08-12 00:00:00,paid_ads,Ireland,iOS,rejected,
1632,2024-08-03 00:00:00,paid_ads,UK,Android,pending,
1633,2023-03-02 00:00:00,referral,India,iOS,approved,2023-03-07 00:00:00
1634,2023-04-22 00:00:00,paid_ads,UK,Android,approved,2023-04-24 00:00:00
1635,2023-08-06 00:00:00,organic,UK,Android,approved,2023-08-08 00:00:00
1636,2024-09-28 00:00:00,organic,Ireland,iOS,approved,2024-09-29 00:00:00
1637,2024-08-15 00:00:00,paid_ads,UK,iOS,approved,2024-08-20 00:00:00
1638,2023-08-26 00:00:00,affiliate,Ireland,iOS,pending,
1639,2024-04-27 00:00:00,paid_ads,Ireland,iOS,approved,2024-04-29 00:00:00
1640,2023-02-01 00:00:00,organic,Ireland,iOS,pending,
1641,2024-04-18 00:00:00,referral,India,iOS,approved,2024-04-22 00:00:00
1642,2023-09-07 00:00:00,referral,Ireland,iOS,approved,2023-09-09 00:00:00
1643,2024-05-10 00:00:00,paid_ads,UK,Android,rejected,
1644,2023-07-23 00:00:00,organic,Ireland,iOS,pending,
1645,2023-11-11 00:00:00,organic,UK,iOS,approved,2023-11-14 00:00:00
1646,2024-02-22 00:00:00,paid_ads,Ireland,Android,approved,2024-02-23 00:00:00
1647,2024-11-14 00:00:00,paid_ads,UK,iOS,approved,2024-11-15 00:00:00
1648,2024-02-14 00:00:00,referral,UK,iOS,approved,2024-02-18 00:00:00
1649,2024-01-04 00:00:00,referral,Ireland,iOS,approved,2024-01-06 00:00:00
1650,2024-11-05 00:00:00,affiliate,Ireland,iOS,rejected,
1651,2023-10-03 00:00:00,affiliate,India,iOS,approved,2023-10-04 00:00:00
1652,2023-09-13 00:00:00,paid_ads,Ireland,Android,approved,2023-09-18 00:00:00
1653,2023-01-17 00:00:00,paid_ads,India,iOS,approved,2023-01-20 00:00:00
1654,2023-02-28 00:00:00,referral,India,Android,approved,2023-03-02 00:00:00
1655,2023-08-05 00:00:00,referral,Ireland,iOS,approved,2023-08-09 00:00:00
1656,2023-05-09 00:00:00,organic,India,iOS,approved,2023-05-11 00:00:00
1657,2024-10-09 00:00:00,affiliate,India,iOS,approved,2024-10-14 00:00:00
1658,2024-08-11 00:00:00,paid_ads,India,Android,pending,
1659,2024-06-26 00:00:00,affiliate,India,iOS,approved,2024-06-30 00:00:00
1660,2023-06-13 00:00:00,affiliate,UK,iOS,rejected,
1661,2023-09-10 00:00:00,paid_ads,Ireland,Android,rejected,
1662,2024-05-25 00:00:00,paid_ads,India,iOS,rejected,
1663,2024-07-01 00:00:00,paid_ads,UK,iOS,approved,2024-07-03 00:00:00
1664,2024-09-29 00:00:00,referral,UK,iOS,rejected,
1665,2024-10-16 00:00:00,paid_ads,Ireland,Android,pending,
1666,2024-02-20 00:00:00,paid_ads,UK,iOS,pending,
1667,2024-03-01 00:00:00,affiliate,Ireland,iOS,pending,
1668,2023-12-02 00:00:00,paid_ads,UK,iOS,rejected,
1669,2023-09-27 00:00:00,referral,UK,Android,approved,2023-09-28 00:00:00
1670,2023-10-15 00:00:00,referral,UK,Android,rejected,
1671,2023-06-20 00:00:00,affiliate,Ireland,iOS,rejected,
1672,2024-08-15 00:00:00,paid_ads,Ireland,iOS,pending,
1673,2024-03-08 00:00:00,paid_ads,Ireland,iOS,approved,2024-03-11 00:00:00
1674,2024-10-08 00:00:00,paid_ads,Ireland,Android,approved,2024-10-13 00:00:00
1675,2023-07-13 00:00:00,referral,Ireland,Android,rejected,
1676,2023-04-13 00:00:00,paid_ads,Ireland,iOS,rejected,
1677,2023-09-07 00:00:00,organic,Ireland,Android,approved,2023-09-11 00:00:00
1678,2024-06-12 00:00:00,referral,Ireland,Android,rejected,
1679,2024-05-27 00:00:00,organic,UK,iOS,approved,2024-05-29 00:00:00
1680,2023-09-19 00:00:00,paid_ads,UK,Android,pending,
1681,2024-05-12 00:00:00,organic,India,Android,rejected,
1682,2023-12-25 00:00:00,organic,India,iOS,approved,2023-12-27 00:00:00
1683,2023-09-19 00:00:00,paid_ads,UK,Android,approved,2023-09-23 00:00:00
1684,2024-12-19 00:00:00,paid_ads,Ireland,iOS,approved,2024-12-23 00:00:00
1685,2024-07-06 00:00:00,organic,Ireland,Android,rejected,
1686,2024-11-09 00:00:00,referral,Ireland,Android,pending,
1687,2023-03-02 00:00:00,affiliate,Ireland,Android,approved,2023-03-05 00:00:00
1688,2023-11-01 00:00:00,organic,Ireland,iOS,pending,
1689,2023-06-22 00:00:00,referral,India,iOS,approved,2023-06-26 00:00:00
1690,2023-05-13 00:00:00,paid_ads,UK,Android,pending,
1691,2023-12-31 00:00:00,organic,Ireland,Android,approved,2024-01-02 00:00:00
1692,2024-12-28 00:00:00,paid_ads,UK,iOS,approved,2024-12-30 00:00:00
1693,2024-07-17 00:00:00,referral,Ireland,Android,approved,2024-07-20 00:00:00
1694,2023-08-23 00:00:00,referral,Ireland,iOS,approved,2023-08-28 00:00:00
1695,2024-07-25 00:00:00,referral,Ireland,Android,rejected,
1696,2024-03-29 00:00:00,paid_ads,Ireland,iOS,approved,2024-03-30 00:00:00
1697,2024-08-24 00:00:00,affiliate,Ireland,Android,pending,
1698,2024-07-10 00:00:00,organic,UK,iOS,pending,
1699,2024-02-07 00:00:00,organic,Ireland,iOS,approved,2024-02-09 00:00:00
1700,2023-05-01 00:00:00,organic,India,iOS,pending,
1701,2024-03-26 00:00:00,referral,UK,iOS,pending,
1702,2024-07-24 00:00:00,referral,UK,iOS,approved,2024-07-25 00:00:00
1703,2024-06-16 00:00:00,paid_ads,India,Android,approved,2024-06-18 00:00:00
1704,2024-10-28 00:00:00,organic,UK,Android,pending,
1705,2024-02-20 00:00:00,referral,UK,Android,approved,2024-02-24 00:00:00
1706,2024-03-11 00:00:00,organic,UK,iOS,rejected,
1707,2023-11-02 00:00:00,paid_ads,Ireland,Android,approved,2023-11-04 00:00:00
1708,2024-07-22 00:00:00,organic,Ireland,iOS,pending,
1709,2023-11-17 00:00:00,paid_ads,UK,iOS,approved,2023-11-20 00:00:00
1710,2024-07-19 00:00:00,paid_ads,Ireland,Android,approved,2024-07-22 00:00:00
1711,2023-09-01 00:00:00,paid_ads,Ireland,Android,rejected,
1712,2023-09-11 00:00:00,referral,UK,Android,approved,2023-09-13 00:00:00
1713,2024-06-06 00:00:00,organic,India,iOS,approved,2024-06-08 00:00:00
1714,2023-03-10 00:00:00,referral,UK,Android,rejected,
1715,2024-09-23 00:00:00,referral,Ireland,iOS,approved,2024-09-28 00:00:00
1716,2023-09-18 00:00:00,organic,Ireland,Android,approved,2023-09-19 00:00:00
1717,2024-07-23 00:00:00,organic,Ireland,iOS,rejected,
1718,2023-07-04 00:00:00,paid_ads,UK,iOS,approved,2023-07-08 00:00:00
1719,2024-09-15 00:00:00,organic,Ireland,Android,rejected,
1720,2024-07-21 00:00:00,paid_ads,Ireland,iOS,approved,2024-07-22 00:00:00
1721,2023-11-05 00:00:00,affiliate,Ireland,Android,rejected,
1722,2023-09-28 00:00:00,paid_ads,UK,iOS,approved,2023-10-01 00:00:00
1723,2023-12-31 00:00:00,paid_ads,Ireland,Android,approved,2024-01-01 00:00:00
1724,2024-05-30 00:00:00,organic,Ireland,Android,approved,2024-06-04 00:00:00
1725,2024-05-14 00:00:00,referral,India,iOS,approved,2024-05-19 00:00:00
1726,2024-02-04 00:00:00,organic,India,iOS,approved,2024-02-09 00:00:00
1727,2024-08-09 00:00:00,paid_ads,Ireland,iOS,pending,
1728,2024-01-14 00:00:00,referral,India,iOS,rejected,
1729,2024-02-17 00:00:00,organic,UK,Android,approved,2024-02-21 00:00:00
1730,2024-08-15 00:00:00,referral,India,Android,pending,
1731,2024-03-20 00:00:00,referral,UK,iOS,approved,2024-03-21 00:00:00
1732,2023-10-26 00:00:00,affiliate,Ireland,iOS,rejected,
1733,2024-03-07 00:00:00,affiliate,Ireland,Android,pending,
1734,2024-07-06 00:00:00,affiliate,India,iOS,pending,
1735,2023-06-30 00:00:00,referral,India,iOS,approved,2023-07-03 00:00:00
1736,2023-06-24 00:00:00,organic,UK,Android,approved,2023-06-26 00:00:00
1737,2023-10-04 00:00:00,paid_ads,UK,iOS,approved,2023-10-09 00:00:00
1738,2023-02-23 00:00:00,referral,UK,iOS,approved,2023-02-28 00:00:00
1739,2023-10-09 00:00:00,organic,UK,iOS,pending,
1740,2023-09-17 00:00:00,referral,UK,Android,approved,2023-09-18 00:00:00
1741,2024-02-11 00:00:00,affiliate,Ireland,Android,approved,2024-02-12 00:00:00
1742,2023-07-03 00:00:00,referral,UK,Android,pending,
1743,2023-12-26 00:00:00,organic,Ireland,iOS,approved,2023-12-28 00:00:00
1744,2024-07-26 00:00:00,organic,UK,Android,rejected,
1745,2023-01-10 00:00:00,paid_ads,India,iOS,pending,
1746,2023-08-26 00:00:00,organic,Ireland,Android,rejected,
1747,2024-08-01 00:00:00,organic,Ireland,iOS,approved,2024-08-05 00:00:00
1748,2024-05-22 00:00:00,referral,Ireland,Android,pending,
1749,2024-08-18 00:00:00,referral,India,iOS,rejected,
1750,2023-10-24 00:00:00,organic,UK,iOS,pending,
1751,2024-08-07 00:00:00,referral,UK,Android,pending,
1752,2023-04-09 00:00:00,organic,India,Android,approved,2023-04-14 00:00:00
1753,2023-01-07 00:00:00,affiliate,India,iOS,approved,2023-01-10 00:00:00
1754,2023-12-13 00:00:00,organic,Ireland,iOS,approved,2023-12-18 00:00:00
1755,2024-08-14 00:00:00,organic,Ireland,Android,approved,2024-08-17 00:00:00
1756,2024-09-24 00:00:00,paid_ads,Ireland,iOS,approved,2024-09-29 00:00:00
1757,2024-01-13 00:00:00,paid_ads,Ireland,iOS,approved,2024-01-15 00:00:00
1758,2023-03-04 00:00:00,organic,UK,Android,pending,
1759,2023-09-09 00:00:00,referral,Ireland,Android,approved,2023-09-10 00:00:00
1760,2023-03-21 00:00:00,referral,India,iOS,approved,2023-03-26 00:00:00
1761,2024-02-23 00:00:00,organic,UK,iOS,approved,2024-02-25 00:00:00
1762,2023-09-26 00:00:00,referral,Ireland,Android,approved,2023-09-30 00:00:00
1763,2023-06-27 00:00:00,affiliate,Ireland,Android,rejected,
1764,2023-05-24 00:00:00,affiliate,India,iOS,approved,2023-05-28 00:00:00
1765,2023-05-23 00:00:00,paid_ads,UK,iOS,approved,2023-05-24 00:00:00
1766,2024-11-26 00:00:00,paid_ads,Ireland,Android,pending,
1767,2023-11-08 00:00:00,organic,UK,Android,rejected,
1768,2023-02-24 00:00:00,paid_ads,Ireland,Android,approved,2023-02-26 00:00:00
1769,2023-06-24 00:00:00,paid_ads,Ireland,iOS,pending,
1770,2024-05-21 00:00:00,referral,Ireland,iOS,approved,2024-05-25 00:00:00
1771,2024-04-16 00:00:00,referral,UK,iOS,approved,2024-04-17 00:00:00
1772,2023-09-10 00:00:00,affiliate,UK,Android,approved,2023-09-14 00:00:00
1773,2023-09-10 00:00:00,referral,India,iOS,approved,2023-09-15 00:00:00
1774,2024-06-04 00:00:00,referral,Ireland,iOS,pending,
1775,2023-04-15 00:00:00,paid_ads,Ireland,Android,approved,2023-04-20 00:00:00
1776,2024-10-05 00:00:00,paid_ads,Ireland,Android,pending,
1777,2024-06-06 00:00:00,organic,Ireland,Android,approved,2024-06-11 00:00:00
1778,2024-07-12 00:00:00,paid_ads,India,iOS,approved,2024-07-13 00:00:00
1779,2024-08-28 00:00:00,paid_ads,UK,Android,approved,2024-08-29 00:00:00
1780,2023-08-21 00:00:00,affiliate,India,iOS,pending,
1781,2024-02-10 00:00:00,organic,UK,iOS,approved,2024-02-11 00:00:00
1782,2024-01-20 00:00:00,organic,UK,iOS,approved,2024-01-24 00:00:00
1783,2024-04-12 00:00:00,referral,UK,iOS,pending,
1784,2024-09-18 00:00:00,organic,Ireland,iOS,approved,2024-09-23 00:00:00
1785,2024-09-16 00:00:00,organic,Ireland,iOS,pending,
1786,2024-08-20 00:00:00,paid_ads,UK,Android,approved,2024-08-25 00:00:00
1787,2023-03-15 00:00:00,referral,India,iOS,approved,2023-03-19 00:00:00
1788,2024-02-01 00:00:00,organic,UK,iOS,approved,2024-02-04 00:00:00
1789,2023-02-21 00:00:00,paid_ads,UK,Android,pending,
1790,2024-01-15 00:00:00,organic,Ireland,iOS,rejected,
1791,2023-03-01 00:00:00,organic,UK,iOS,rejected,
1792,2024-03-29 00:00:00,referral,Ireland,iOS,approved,2024-04-03 00:00:00
1793,2023-10-06 00:00:00,referral,India,iOS,approved,2023-10-10 00:00:00
1794,2023-12-31 00:00:00,organic,Ireland,iOS,rejected,
1795,2024-05-01 00:00:00,paid_ads,India,iOS,approved,2024-05-06 00:00:00
1796,2024-04-17 00:00:00,paid_ads,UK,Android,rejected,
1797,2023-02-14 00:00:00,organic,UK,iOS,approved,2023-02-19 00:00:00
1798,2023-08-23 00:00:00,organic,UK,Android,rejected,
1799,2024-08-17 00:00:00,referral,India,Android,rejected,
1800,2024-03-17 00:00:00,paid_ads,UK,iOS,rejected,
1801,2023-12-18 00:00:00,affiliate,UK,Android,approved,2023-12-19 00:00:00
1802,2024-09-04 00:00:00,organic,Ireland,iOS,approved,2024-09-07 00:00:00
1803,2023-05-03 00:00:00,paid_ads,UK,iOS,approved,2023-05-04 00:00:00
1804,2024-03-03 00:00:00,organic,Ireland,iOS,approved,2024-03-04 00:00:00
1805,2023-06-11 00:00:00,paid_ads,UK,iOS,approved,2023-06-13 00:00:00
1806,2024-01-05 00:00:00,referral,UK,Android,rejected,
1807,2024-06-23 00:00:00,paid_ads,UK,Android,approved,2024-06-25 00:00:00
1808,2024-10-21 00:00:00,paid_ads,UK,Android,approved,2024-10-24 00:00:00
1809,2023-05-21 00:00:00,affiliate,Ireland,Android,approved,2023-05-26 00:00:00
1810,2024-05-15 00:00:00,organic,India,iOS,approved,2024-05-17 00:00:00
1811,2023-05-11 00:00:00,referral,UK,Android,rejected,
1812,2023-06-24 00:00:00,paid_ads,UK,Android,pending,
1813,2023-08-01 00:00:00,paid_ads,Ireland,iOS,approved,2023-08-02 00:00:00
1814,2024-10-21 00:00:00,affiliate,UK,iOS,pending,
1815,2023-04-20 00:00:00,paid_ads,Ireland,iOS,approved,2023-04-22 00:00:00
1816,2024-03-31 00:00:00,affiliate,Ireland,Android,approved,2024-04-04 00:00:00
1817,2024-05-08 00:00:00,paid_ads,UK,iOS,pending,
1818,2024-05-15 00:00:00,organic,India,iOS,approved,2024-05-20 00:00:00
1819,2023-05-10 00:00:00,organic,UK,iOS,pending,
1820,2023-03-19 00:00:00,paid_ads,UK,iOS,approved,2023-03-21 00:00:00
1821,2023-03-07 00:00:00,affiliate,UK,Android,approved,2023-03-08 00:00:00
1822,2024-08-01 00:00:00,paid_ads,Ireland,iOS,approved,2024-08-05 00:00:00
1823,2024-04-19 00:00:00,paid_ads,UK,Android,approved,2024-04-21 00:00:00
1824,2024-12-01 00:00:00,referral,UK,iOS,approved,2024-12-04 00:00:00
1825,2024-10-26 00:00:00,affiliate,Ireland,iOS,approved,2024-10-28 00:00:00
1826,2024-07-01 00:00:00,paid_ads,India,Android,pending,
1827,2023-05-15 00:00:00,organic,UK,iOS,rejected,
1828,2024-02-14 00:00:00,paid_ads,UK,iOS,rejected,
1829,2023-01-02 00:00:00,organic,Ireland,iOS,approved,2023-01-07 00:00:00
1830,2024-04-13 00:00:00,paid_ads,India,Android,rejected,
1831,2024-06-28 00:00:00,affiliate,Ireland,iOS,approved,2024-07-01 00:00:00
1832,2023-01-09 00:00:00,paid_ads,India,Android,approved,2023-01-14 00:00:00
1833,2023-04-26 00:00:00,paid_ads,India,iOS,rejected,
1834,2023-06-14 00:00:00,referral,Ireland,iOS,approved,2023-06-18 00:00:00
1835,2023-12-04 00:00:00,referral,UK,iOS,rejected,
1836,2023-02-02 00:00:00,referral,India,iOS,pending,
1837,2023-05-06 00:00:00,paid_ads,India,iOS,approved,2023-05-11 00:00:00
1838,2023-10-02 00:00:00,paid_ads,Ireland,Android,approved,2023-10-03 00:00:00
1839,2023-09-10 00:00:00,organic,Ireland,iOS,approved,2023-09-13 00:00:00
1840,2023-03-04 00:00:00,organic,UK,iOS,rejected,
1841,2023-09-20 00:00:00,organic,Ireland,iOS,approved,2023-09-21 00:00:00
1842,2023-10-15 00:00:00,affiliate,UK,iOS,approved,2023-10-19 00:00:00
1843,2024-02-09 00:00:00,paid_ads,India,Android,rejected,
1844,2024-09-07 00:00:00,organic,UK,Android,approved,2024-09-10 00:00:00
1845,2024-09-12 00:00:00,paid_ads,Ireland,iOS,approved,2024-09-14 00:00:00
1846,2023-02-27 00:00:00,referral,Ireland,iOS,rejected,
1847,2024-06-20 00:00:00,paid_ads,UK,Android,approved,2024-06-24 00:00:00
1848,2023-12-30 00:00:00,organic,UK,iOS,approved,2024-01-04 00:00:00
1849,2023-11-13 00:00:00,organic,Ireland,Android,rejected,
1850,2023-08-19 00:00:00,paid_ads,UK,iOS,approved,2023-08-20 00:00:00
1851,2024-12-06 00:00:00,referral,Ireland,Android,approved,2024-12-11 00:00:00
1852,2024-04-15 00:00:00,affiliate,UK,iOS,approved,2024-04-20 00:00:00
1853,2024-07-19 00:00:00,paid_ads,India,iOS,pending,
1854,2023-11-18 00:00:00,organic,UK,Android,approved,2023-11-19 00:00:00
1855,2023-02-22 00:00:00,organic,Ireland,iOS,approved,2023-02-27 00:00:00
1856,2024-07-10 00:00:00,organic,Ireland,iOS,approved,2024-07-13 00:00:00
1857,2024-04-24 00:00:00,affiliate,UK,iOS,approved,2024-04-26 00:00:00
1858,2024-05-17 00:00:00,paid_ads,Ireland,iOS,rejected,
1859,2023-04-24 00:00:00,organic,Ireland,iOS,rejected,
1860,2023-07-24 00:00:00,organic,Ireland,iOS,rejected,
1861,2024-12-13 00:00:00,referral,Ireland,iOS,approved,2024-12-18 00:00:00
1862,2023-11-04 00:00:00,referral,Ireland,Android,approved,2023-11-06 00:00:00
1863,2023-01-18 00:00:00,organic,UK,iOS,approved,2023-01-20 00:00:00
1864,2023-12-07 00:00:00,affiliate,India,iOS,approved,2023-12-09 00:00:00
1865,2024-08-25 00:00:00,referral,India,iOS,approved,2024-08-27 00:00:00
1866,2024-10-15 00:00:00,affiliate,Ireland,Android,rejected,
1867,2023-11-10 00:00:00,paid_ads,Ireland,iOS,approved,2023-11-11 00:00:00
1868,2023-09-30 00:00:00,referral,Ireland,iOS,approved,2023-10-05 00:00:00
1869,2023-08-27 00:00:00,organic,Ireland,Android,approved,2023-08-30 00:00:00
1870,2023-12-06 00:00:00,paid_ads,India,iOS,pending,
1871,2023-01-24 00:00:00,referral,Ireland,iOS,approved,2023-01-27 00:00:00
1872,2024-07-17 00:00:00,organic,UK,iOS,approved,2024-07-22 00:00:00
1873,2023-11-24 00:00:00,affiliate,Ireland,iOS,approved,2023-11-27 00:00:00
1874,2023-02-06 00:00:00,referral,Ireland,Android,approved,2023-02-08 00:00:00
1875,2024-12-19 00:00:00,referral,Ireland,iOS,approved,2024-12-23 00:00:00
1876,2024-11-27 00:00:00,affiliate,Ireland,iOS,approved,2024-11-29 00:00:00
1877,2024-09-10 00:00:00,paid_ads,UK,iOS,approved,2024-09-12 00:00:00
1878,2024-11-20 00:00:00,organic,Ireland,Android,pending,
1879,2023-10-14 00:00:00,paid_ads,Ireland,Android,approved,2023-10-18 00:00:00
1880,2023-01-31 00:00:00,organic,UK,Android,pending,
1881,2024-02-29 00:00:00,affiliate,UK,iOS,approved,2024-03-04 00:00:00
1882,2023-03-26 00:00:00,referral,UK,Android,approved,2023-03-27 00:00:00
1883,2024-12-31 00:00:00,paid_ads,Ireland,Android,approved,2025-01-01 00:00:00
1884,2023-01-04 00:00:00,organic,Ireland,iOS,rejected,
1885,2024-06-12 00:00:00,paid_ads,Ireland,iOS,pending,
1886,2023-04-30 00:00:00,organic,UK,Android,rejected,
1887,2023-08-05 00:00:00,referral,India,Android,approved,2023-08-10 00:00:00
1888,2023-10-30 00:00:00,affiliate,Ireland,Android,approved,2023-10-31 00:00:00
1889,2023-07-12 00:00:00,organic,Ireland,iOS,approved,2023-07-13 00:00:00
1890,2024-09-12 00:00:00,organic,UK,iOS,approved,2024-09-16 00:00:00
1891,2024-05-20 00:00:00,referral,UK,iOS,pending,
1892,2024-04-09 00:00:00,referral,Ireland,iOS,pending,
1893,2023-07-10 00:00:00,organic,India,Android,rejected,
1894,2023-02-05 00:00:00,referral,Ireland,Android,approved,2023-02-10 00:00:00
1895,2023-03-05 00:00:00,organic,India,iOS,approved,2023-03-06 00:00:00
1896,2024-09-13 00:00:00,organic,Ireland,iOS,approved,2024-09-16 00:00:00
1897,2023-01-23 00:00:00,organic,Ireland,Android,approved,2023-01-28 00:00:00
1898,2023-06-05 00:00:00,paid_ads,Ireland,Android,pending,
1899,2024-04-07 00:00:00,paid_ads,India,iOS,approved,2024-04-10 00:00:00
1900,2023-06-23 00:00:00,organic,Ireland,iOS,rejected,
1901,2023-07-03 00:00:00,organic,Ireland,Android,approved,2023-07-08 00:00:00
1902,2024-09-25 00:00:00,organic,Ireland,iOS,approved,2024-09-26 00:00:00
1903,2023-01-27 00:00:00,affiliate,India,Android,approved,2023-01-31 00:00:00
1904,2023-08-26 00:00:00,paid_ads,UK,iOS,pending,
1905,2024-05-31 00:00:00,referral,India,Android,approved,2024-06-04 00:00:00
1906,2024-10-02 00:00:00,referral,Ireland,Android,approved,2024-10-05 00:00:00
1907,2024-08-21 00:00:00,paid_ads,UK,Android,approved,2024-08-24 00:00:00
1908,2023-11-11 00:00:00,referral,Ireland,iOS,approved,2023-11-14 00:00:00
1909,2023-11-03 00:00:00,affiliate,UK,Android,approved,2023-11-04 00:00:00
1910,2023-07-02 00:00:00,organic,India,iOS,approved,2023-07-06 00:00:00
1911,2023-09-14 00:00:00,paid_ads,India,Android,approved,2023-09-19 00:00:00
1912,2023-02-20 00:00:00,referral,India,iOS,rejected,
1913,2024-08-30 00:00:00,referral,Ireland,Android,approved,2024-08-31 00:00:00
1914,2024-07-15 00:00:00,referral,Ireland,iOS,approved,2024-07-18 00:00:00
1915,2024-01-13 00:00:00,referral,UK,Android,approved,2024-01-15 00:00:00
1916,2024-02-18 00:00:00,referral,UK,iOS,approved,2024-02-21 00:00:00
1917,2024-08-18 00:00:00,organic,Ireland,iOS,approved,2024-08-22 00:00:00
1918,2024-01-19 00:00:00,organic,Ireland,iOS,pending,
1919,2024-04-27 00:00:00,referral,Ireland,iOS,approved,2024-04-30 00:00:00
1920,2024-05-28 00:00:00,organic,Ireland,Android,rejected,
1921,2023-01-15 00:00:00,affiliate,UK,iOS,approved,2023-01-17 00:00:00
1922,2023-08-15 00:00:00,organic,Ireland,Android,approved,2023-08-19 00:00:00
1923,2023-09-09 00:00:00,referral,Ireland,iOS,approved,2023-09-14 00:00:00
1924,2023-05-21 00:00:00,affiliate,Ireland,iOS,rejected,
1925,2023-09-07 00:00:00,paid_ads,Ireland,iOS,rejected,
1926,2024-03-18 00:00:00,paid_ads,Ireland,iOS,approved,2024-03-19 00:00:00
1927,2023-09-19 00:00:00,paid_ads,UK,iOS,approved,2023-09-22 00:00:00
1928,2024-04-06 00:00:00,referral,UK,iOS,approved,2024-04-10 00:00:00
1929,2023-04-17 00:00:00,referral,India,iOS,pending,
1930,2024-06-24 00:00:00,paid_ads,Ireland,iOS,rejected,
1931,2023-03-18 00:00:00,organic,UK,iOS,pending,
1932,2024-03-16 00:00:00,affiliate,Ireland,iOS,approved,2024-03-20 00:00:00
1933,2023-11-14 00:00:00,organic,UK,iOS,rejected,
1934,2023-04-22 00:00:00,organic,UK,Android,rejected,
1935,2024-01-22 00:00:00,referral,India,Android,approved,2024-01-27 00:00:00
1936,2023-06-23 00:00:00,referral,UK,Android,approved,2023-06-25 00:00:00
1937,2024-04-18 00:00:00,affiliate,Ireland,iOS,pending,
1938,2024-05-07 00:00:00,paid_ads,Ireland,iOS,approved,2024-05-11 00:00:00
1939,2024-08-09 00:00:00,paid_ads,UK,iOS,approved,2024-08-12 00:00:00
1940,2023-10-13 00:00:00,referral,Ireland,Android,rejected,
1941,2024-07-28 00:00:00,organic,Ireland,iOS,approved,2024-07-30 00:00:00
1942,2024-10-21 00:00:00,organic,Ireland,iOS,rejected,
1943,2024-05-24 00:00:00,paid_ads,Ireland,iOS,pending,
1944,2023-05-09 00:00:00,organic,India,iOS,pending,
1945,2024-02-12 00:00:00,paid_ads,Ireland,iOS,rejected,
1946,2024-04-28 00:00:00,paid_ads,Ireland,iOS,rejected,
1947,2024-01-08 00:00:00,organic,UK,iOS,approved,2024-01-09 00:00:00
1948,2023-04-08 00:00:00,paid_ads,Ireland,Android,pending,
1949,2024-09-20 00:00:00,referral,India,Android,pending,
1950,2024-10-12 00:00:00,paid_ads,UK,iOS,rejected,
1951,2023-11-11 00:00:00,paid_ads,Ireland,Android,rejected,
1952,2023-02-17 00:00:00,referral,Ireland,iOS,approved,2023-02-18 00:00:00
1953,2024-12-16 00:00:00,organic,UK,iOS,approved,2024-12-21 00:00:00
1954,2023-09-12 00:00:00,referral,Ireland,iOS,approved,2023-09-15 00:00:00
1955,2023-04-29 00:00:00,organic,Ireland,iOS,approved,2023-05-04 00:00:00
1956,2023-05-10 00:00:00,organic,India,iOS,approved,2023-05-12 00:00:00
1957,2023-11-01 00:00:00,paid_ads,India,iOS,rejected,
1958,2023-03-02 00:00:00,organic,India,Android,pending,
1959,2024-11-20 00:00:00,affiliate,Ireland,iOS,pending,
1960,2024-10-26 00:00:00,organic,UK,iOS,approved,2024-10-30 00:00:00
1961,2023-06-10 00:00:00,paid_ads,India,Android,rejected,
1962,2024-04-05 00:00:00,organic,Ireland,Android,pending,
1963,2024-05-18 00:00:00,referral,India,Android,rejected,
1964,2024-05-06 00:00:00,referral,India,Android,approved,2024-05-09 00:00:00
1965,2023-11-28 00:00:00,referral,UK,iOS,rejected,
1966,2024-10-25 00:00:00,affiliate,Ireland,Android,pending,
1967,2024-04-25 00:00:00,paid_ads,Ireland,iOS,approved,2024-04-26 00:00:00
1968,2024-11-08 00:00:00,paid_ads,India,iOS,rejected,
1969,2023-12-30 00:00:00,paid_ads,UK,iOS,pending,
1970,2024-03-28 00:00:00,paid_ads,UK,iOS,pending,
1971,2023-04-10 00:00:00,organic,Ireland,Android,approved,2023-04-14 00:00:00
1972,2023-01-01 00:00:00,organic,Ireland,iOS,pending,
1973,2023-02-24 00:00:00,paid_ads,UK,iOS,approved,2023-02-28 00:00:00
1974,2023-08-09 00:00:00,referral,Ireland,Android,rejected,
1975,2023-09-13 00:00:00,organic,Ireland,Android,approved,2023-09-15 00:00:00
1976,2023-08-06 00:00:00,referral,Ireland,Android,rejected,
1977,2023-06-07 00:00:00,paid_ads,Ireland,Android,pending,
1978,2024-04-28 00:00:00,referral,Ireland,Android,rejected,
1979,2024-11-04 00:00:00,organic,Ireland,iOS,approved,2024-11-05 00:00:00
1980,2023-01-27 00:00:00,affiliate,Ireland,Android,rejected,
1981,2024-07-29 00:00:00,paid_ads,UK,iOS,approved,2024-07-31 00:00:00
1982,2023-11-21 00:00:00,referral,UK,iOS,approved,2023-11-23 00:00:00
1983,2024-09-05 00:00:00,organic,India,iOS,approved,2024-09-07 00:00:00
1984,2024-06-24 00:00:00,affiliate,India,iOS,approved,2024-06-25 00:00:00
1985,2023-08-19 00:00:00,affiliate,Ireland,iOS,approved,2023-08-23 00:00:00
1986,2024-07-19 00:00:00,organic,UK,Android,approved,2024-07-23 00:00:00
1987,2024-02-16 00:00:00,affiliate,India,Android,approved,2024-02-19 00:00:00
1988,2023-07-26 00:00:00,paid_ads,UK,Android,pending,
1989,2024-11-29 00:00:00,referral,UK,iOS,pending,
1990,2023-12-15 00:00:00,referral,Ireland,Android,approved,2023-12-16 00:00:00
1991,2024-10-23 00:00:00,organic,India,Android,approved,2024-10-25 00:00:00
1992,2024-04-09 00:00:00,organic,Ireland,Android,pending,
1993,2023-06-19 00:00:00,paid_ads,UK,Android,rejected,
1994,2023-02-01 00:00:00,organic,Ireland,Android,approved,2023-02-03 00:00:00
1995,2024-12-23 00:00:00,organic,UK,iOS,approved,2024-12-25 00:00:00
1996,2024-05-30 00:00:00,paid_ads,Ireland,iOS,pending,
1997,2023-12-11 00:00:00,paid_ads,UK,iOS,approved,2023-12-13 00:00:00
1998,2023-01-05 00:00:00,paid_ads,Ireland,iOS,rejected,
1999,2024-08-10 00:00:00,paid_ads,UK,Android,pending,
2000,2023-12-19 00:00:00,affiliate,India,Android,pending,
2001,2024-03-11 00:00:00,affiliate,India,iOS,pending,
2002,2023-07-23 00:00:00,organic,Ireland,Android,pending,
2003,2024-11-04 00:00:00,referral,India,iOS,approved,2024-11-06 00:00:00
2004,2023-06-30 00:00:00,organic,India,iOS,approved,2023-07-02 00:00:00
2005,2023-03-10 00:00:00,referral,Ireland,Android,rejected,
2006,2024-08-14 00:00:00,paid_ads,India,Android,rejected,
2007,2024-12-11 00:00:00,organic,India,Android,approved,2024-12-13 00:00:00
2008,2023-09-05 00:00:00,paid_ads,India,iOS,pending,
2009,2023-07-20 00:00:00,paid_ads,Ireland,iOS,approved,2023-07-23 00:00:00
2010,2024-07-16 00:00:00,organic,Ireland,iOS,approved,2024-07-19 00:00:00
2011,2023-05-07 00:00:00,referral,UK,iOS,approved,2023-05-12 00:00:00
2012,2023-04-20 00:00:00,affiliate,India,Android,approved,2023-04-23 00:00:00
2013,2024-08-28 00:00:00,organic,Ireland,Android,approved,2024-09-01 00:00:00
2014,2023-12-10 00:00:00,referral,Ireland,iOS,approved,2023-12-14 00:00:00
2015,2024-09-14 00:00:00,paid_ads,Ireland,Android,rejected,
2016,2023-11-18 00:00:00,paid_ads,India,iOS,rejected,
2017,2023-03-03 00:00:00,referral,UK,iOS,approved,2023-03-06 00:00:00
2018,2024-12-17 00:00:00,organic,Ireland,Android,pending,
2019,2023-05-16 00:00:00,affiliate,Ireland,Android,approved,2023-05-18 00:00:00
2020,2024-03-09 00:00:00,paid_ads,India,iOS,approved,2024-03-12 00:00:00
2021,2023-10-18 00:00:00,organic,Ireland,iOS,approved,2023-10-22 00:00:00
2022,2024-07-18 00:00:00,referral,India,iOS,approved,2024-07-23 00:00:00
2023,2024-12-07 00:00:00,affiliate,India,Android,approved,2024-12-11 00:00:00
2024,2024-03-26 00:00:00,affiliate,UK,Android,rejected,
2025,2024-11-18 00:00:00,referral,UK,iOS,pending,
2026,2023-03-17 00:00:00,referral,Ireland,iOS,approved,2023-03-19 00:00:00
2027,2023-02-21 00:00:00,affiliate,UK,Android,approved,2023-02-24 00:00:00
2028,2024-05-22 00:00:00,referral,Ireland,Android,approved,2024-05-24 00:00:00
2029,2023-10-28 00:00:00,referral,Ireland,iOS,rejected,
2030,2023-11-20 00:00:00,paid_ads,India,Android,approved,2023-11-22 00:00:00
2031,2023-08-15 00:00:00,paid_ads,UK,iOS,approved,2023-08-19 00:00:00
2032,2023-11-29 00:00:00,affiliate,India,Android,pending,
2033,2023-07-22 00:00:00,paid_ads,India,iOS,pending,
2034,2023-01-12 00:00:00,referral,UK,iOS,approved,2023-01-13 00:00:00
2035,2024-06-09 00:00:00,affiliate,Ireland,Android,pending,
2036,2023-02-01 00:00:00,organic,India,iOS,pending,
2037,2024-01-27 00:00:00,organic,UK,iOS,approved,2024-01-31 00:00:00
2038,2024-10-22 00:00:00,paid_ads,Ireland,iOS,rejected,
2039,2023-05-09 00:00:00,paid_ads,UK,iOS,approved,2023-05-14 00:00:00
2040,2024-08-09 00:00:00,organic,India,iOS,approved,2024-08-10 00:00:00
2041,2024-11-14 00:00:00,referral,Ireland,iOS,approved,2024-11-19 00:00:00
2042,2023-08-19 00:00:00,paid_ads,Ireland,Android,pending,
2043,2024-02-04 00:00:00,paid_ads,Ireland,Android,approved,2024-02-05 00:00:00
2044,2023-11-03 00:00:00,organic,Ireland,iOS,approved,2023-11-06 00:00:00
2045,2024-07-26 00:00:00,organic,UK,Android,approved,2024-07-29 00:00:00
2046,2024-10-12 00:00:00,referral,Ireland,Android,approved,2024-10-15 00:00:00
2047,2024-01-13 00:00:00,organic,India,Android,pending,
2048,2023-04-11 00:00:00,organic,Ireland,Android,approved,2023-04-16 00:00:00
2049,2024-08-09 00:00:00,paid_ads,UK,Android,approved,2024-08-12 00:00:00
2050,2024-11-27 00:00:00,referral,Ireland,iOS,pending,
2051,2024-10-14 00:00:00,referral,UK,Android,rejected,
2052,2023-01-16 00:00:00,affiliate,Ireland,iOS,rejected,
2053,2024-08-05 00:00:00,referral,Ireland,Android,approved,2024-08-10 00:00:00
2054,2024-05-24 00:00:00,paid_ads,Ireland,iOS,pending,
2055,2023-05-01 00:00:00,referral,UK,Android,pending,
2056,2023-07-12 00:00:00,organic,Ireland,iOS,pending,
2057,2024-10-17 00:00:00,referral,India,iOS,approved,2024-10-21 00:00:00
2058,2023-08-24 00:00:00,referral,UK,Android,approved,2023-08-28 00:00:00
2059,2023-02-15 00:00:00,paid_ads,UK,iOS,rejected,
2060,2024-01-24 00:00:00,organic,Ireland,Android,rejected,
2061,2024-10-12 00:00:00,referral,Ireland,Android,rejected,
2062,2024-07-28 00:00:00,referral,Ireland,Android,approved,2024-08-01 00:00:00
2063,2024-09-06 00:00:00,affiliate,India,Android,pending,
2064,2024-06-26 00:00:00,paid_ads,UK,Android,approved,2024-06-27 00:00:00
2065,2024-04-11 00:00:00,paid_ads,India,Android,rejected,
2066,2024-09-16 00:00:00,affiliate,India,iOS,approved,2024-09-17 00:00:00
2067,2024-08-14 00:00:00,paid_ads,Ireland,iOS,approved,2024-08-18 00:00:00
2068,2023-12-04 00:00:00,paid_ads,Ireland,iOS,rejected,
2069,2024-10-26 00:00:00,organic,Ireland,Android,approved,2024-10-31 00:00:00
2070,2023-05-31 00:00:00,organic,UK,iOS,approved,2023-06-02 00:00:00
2071,2024-10-28 00:00:00,affiliate,UK,iOS,approved,2024-10-30 00:00:00
2072,2023-06-26 00:00:00,referral,Ireland,Android,pending,
2073,2024-11-13 00:00:00,paid_ads,UK,Android,approved,2024-11-15 00:00:00
2074,2024-07-05 00:00:00,referral,India,Android,approved,2024-07-07 00:00:00
2075,2024-09-01 00:00:00,paid_ads,Ireland,Android,approved,2024-09-05 00:00:00
2076,2023-01-07 00:00:00,affiliate,Ireland,Android,rejected,
2077,2024-02-16 00:00:00,paid_ads,UK,iOS,rejected,
2078,2024-09-02 00:00:00,affiliate,UK,Android,pending,
2079,2024-11-15 00:00:00,paid_ads,India,Android,rejected,
2080,2024-01-13 00:00:00,referral,UK,Android,approved,2024-01-18 00:00:00
2081,2024-11-05 00:00:00,paid_ads,UK,iOS,approved,2024-11-09 00:00:00
2082,2023-12-18 00:00:00,paid_ads,UK,Android,approved,2023-12-21 00:00:00
2083,2024-05-15 00:00:00,organic,Ireland,iOS,approved,2024-05-20 00:00:00
2084,2024-01-22 00:00:00,referral,UK,Android,approved,2024-01-23 00:00:00
2085,2024-04-11 00:00:00,referral,Ireland,Android,approved,2024-04-12 00:00:00
2086,2024-12-03 00:00:00,referral,India,iOS,approved,2024-12-08 00:00:00
2087,2023-04-21 00:00:00,organic,Ireland,Android,pending,
2088,2024-04-02 00:00:00,affiliate,Ireland,iOS,approved,2024-04-06 00:00:00
2089,2024-05-17 00:00:00,organic,UK,Android,approved,2024-05-18 00:00:00
2090,2023-08-17 00:00:00,affiliate,Ireland,Android,approved,2023-08-20 00:00:00
2091,2024-03-02 00:00:00,affiliate,UK,Android,pending,
2092,2023-01-23 00:00:00,paid_ads,Ireland,iOS,approved,2023-01-27 00:00:00
2093,2023-06-15 00:00:00,organic,Ireland,Android,approved,2023-06-19 00:00:00
2094,2024-03-29 00:00:00,referral,Ireland,Android,pending,
2095,2023-12-19 00:00:00,organic,Ireland,Android,rejected,
2096,2024-09-16 00:00:00,paid_ads,Ireland,iOS,approved,2024-09-21 00:00:00
2097,2023-03-19 00:00:00,organic,UK,Android,approved,2023-03-24 00:00:00
2098,2024-07-20 00:00:00,affiliate,UK,iOS,approved,2024-07-24 00:00:00
2099,2024-12-15 00:00:00,organic,Ireland,iOS,approved,2024-12-20 00:00:00
2100,2024-09-25 00:00:00,organic,UK,iOS,approved,2024-09-26 00:00:00
2101,2024-03-13 00:00:00,affiliate,UK,Android,approved,2024-03-18 00:00:00
2102,2023-04-22 00:00:00,paid_ads,Ireland,iOS,pending,
2103,2024-03-06 00:00:00,organic,UK,Android,approved,2024-03-10 00:00:00
2104,2023-07-31 00:00:00,organic,Ireland,iOS,approved,2023-08-02 00:00:00
2105,2023-12-20 00:00:00,referral,UK,iOS,approved,2023-12-23 00:00:00
2106,2024-07-27 00:00:00,affiliate,UK,iOS,pending,
2107,2023-01-15 00:00:00,paid_ads,India,iOS,approved,2023-01-16 00:00:00
2108,2023-12-17 00:00:00,affiliate,UK,Android,approved,2023-12-22 00:00:00
2109,2024-06-13 00:00:00,affiliate,UK,iOS,pending,
2110,2023-01-17 00:00:00,affiliate,Ireland,Android,pending,
2111,2024-09-26 00:00:00,referral,Ireland,Android,rejected,
2112,2024-01-31 00:00:00,paid_ads,Ireland,iOS,pending,
2113,2024-04-08 00:00:00,organic,Ireland,iOS,approved,2024-04-13 00:00:00
2114,2023-11-07 00:00:00,paid_ads,UK,Android,pending,
2115,2024-06-19 00:00:00,paid_ads,UK,iOS,approved,2024-06-23 00:00:00
2116,2024-08-28 00:00:00,referral,India,iOS,approved,2024-08-29 00:00:00
2117,2024-08-17 00:00:00,paid_ads,Ireland,iOS,pending,
2118,2024-08-02 00:00:00,organic,Ireland,Android,approved,2024-08-05 00:00:00
2119,2024-10-01 00:00:00,organic,Ireland,iOS,approved,2024-10-04 00:00:00
2120,2024-01-10 00:00:00,organic,Ireland,iOS,rejected,
2121,2024-12-01 00:00:00,referral,India,iOS,approved,2024-12-06 00:00:00
2122,2024-03-04 00:00:00,organic,Ireland,Android,approved,2024-03-07 00:00:00
2123,2024-10-10 00:00:00,organic,UK,Android,approved,2024-10-13 00:00:00
2124,2023-10-29 00:00:00,organic,UK,Android,pending,
2125,2024-10-14 00:00:00,organic,India,iOS,pending,
2126,2023-07-25 00:00:00,paid_ads,Ireland,Android,approved,2023-07-28 00:00:00
2127,2024-02-07 00:00:00,referral,India,Android,approved,2024-02-12 00:00:00
2128,2023-10-05 00:00:00,affiliate,Ireland,iOS,approved,2023-10-09 00:00:00
2129,2024-05-13 00:00:00,affiliate,Ireland,iOS,approved,2024-05-17 00:00:00
2130,2024-08-22 00:00:00,organic,Ireland,iOS,approved,2024-08-23 00:00:00
2131,2023-02-07 00:00:00,organic,Ireland,iOS,approved,2023-02-10 00:00:00
2132,2023-08-23 00:00:00,organic,UK,Android,approved,2023-08-26 00:00:00
2133,2024-12-04 00:00:00,organic,Ireland,iOS,approved,2024-12-08 00:00:00
2134,2024-01-16 00:00:00,organic,Ireland,iOS,pending,
2135,2023-12-02 00:00:00,paid_ads,Ireland,iOS,rejected,
2136,2024-10-29 00:00:00,organic,Ireland,Android,pending,
2137,2023-10-28 00:00:00,organic,India,Android,pending,
2138,2024-01-04 00:00:00,organic,Ireland,Android,approved,2024-01-07 00:00:00
2139,2024-11-04 00:00:00,organic,Ireland,iOS,rejected,
2140,2024-10-03 00:00:00,organic,Ireland,Android,approved,2024-10-08 00:00:00
2141,2023-05-05 00:00:00,organic,Ireland,Android,rejected,
2142,2024-10-12 00:00:00,referral,UK,iOS,rejected,
2143,2024-02-11 00:00:00,referral,India,iOS,approved,2024-02-12 00:00:00
2144,2024-05-12 00:00:00,referral,Ireland,Android,approved,2024-05-14 00:00:00
2145,2023-01-02 00:00:00,paid_ads,Ireland,Android,approved,2023-01-03 00:00:00
2146,2024-04-19 00:00:00,referral,Ireland,Android,approved,2024-04-20 00:00:00
2147,2023-01-08 00:00:00,referral,India,iOS,rejected,
2148,2023-11-08 00:00:00,organic,Ireland,iOS,approved,2023-11-10 00:00:00
2149,2024-05-01 00:00:00,organic,Ireland,iOS,approved,2024-05-03 00:00:00
2150,2024-01-30 00:00:00,affiliate,Ireland,Android,approved,2024-02-04 00:00:00
2151,2024-07-15 00:00:00,affiliate,UK,iOS,pending,
2152,2023-08-03 00:00:00,organic,UK,iOS,approved,2023-08-04 00:00:00
2153,2023-10-26 00:00:00,affiliate,India,Android,pending,
2154,2023-02-25 00:00:00,organic,UK,Android,approved,2023-03-01 00:00:00
2155,2024-01-29 00:00:00,paid_ads,UK,Android,pending,
2156,2023-02-02 00:00:00,organic,UK,iOS,approved,2023-02-04 00:00:00
2157,2024-08-04 00:00:00,paid_ads,Ireland,Android,approved,2024-08-07 00:00:00
2158,2023-06-19 00:00:00,affiliate,India,iOS,approved,2023-06-23 00:00:00
2159,2023-02-16 00:00:00,referral,Ireland,iOS,rejected,
2160,2023-04-01 00:00:00,affiliate,India,iOS,approved,2023-04-06 00:00:00
2161,2023-02-09 00:00:00,referral,UK,iOS,approved,2023-02-11 00:00:00
2162,2023-01-10 00:00:00,paid_ads,Ireland,iOS,approved,2023-01-12 00:00:00
2163,2023-01-15 00:00:00,organic,Ireland,Android,approved,2023-01-20 00:00:00
2164,2024-07-21 00:00:00,paid_ads,India,Android,approved,2024-07-23 00:00:00
2165,2024-03-18 00:00:00,referral,UK,iOS,rejected,
2166,2024-09-20 00:00:00,paid_ads,India,iOS,pending,
2167,2024-06-23 00:00:00,organic,UK,iOS,rejected,
2168,2023-01-19 00:00:00,referral,Ireland,iOS,pending,
2169,2023-06-16 00:00:00,organic,UK,iOS,approved,2023-06-20 00:00:00
2170,2023-10-20 00:00:00,paid_ads,UK,Android,approved,2023-10-23 00:00:00
2171,2024-08-18 00:00:00,affiliate,Ireland,iOS,rejected,
2172,2023-09-03 00:00:00,paid_ads,India,Android,pending,
2173,2023-06-26 00:00:00,referral,Ireland,iOS,approved,2023-07-01 00:00:00
2174,2023-10-25 00:00:00,referral,Ireland,Android,approved,2023-10-30 00:00:00
2175,2024-08-19 00:00:00,referral,Ireland,Android,approved,2024-08-23 00:00:00
2176,2024-05-03 00:00:00,referral,UK,iOS,approved,2024-05-06 00:00:00
2177,2024-09-19 00:00:00,referral,Ireland,iOS,approved,2024-09-24 00:00:00
2178,2024-09-11 00:00:00,organic,India,Android,rejected,
2179,2023-12-04 00:00:00,affiliate,UK,iOS,pending,
2180,2023-01-29 00:00:00,organic,Ireland,Android,approved,2023-01-30 00:00:00
2181,2023-07-07 00:00:00,paid_ads,Ireland,iOS,approved,2023-07-09 00:00:00
2182,2024-05-10 00:00:00,organic,UK,iOS,rejected,
2183,2023-10-09 00:00:00,referral,India,Android,approved,2023-10-10 00:00:00
2184,2024-08-25 00:00:00,referral,India,iOS,approved,2024-08-29 00:00:00
2185,2024-08-31 00:00:00,organic,Ireland,iOS,approved,2024-09-04 00:00:00
2186,2023-03-21 00:00:00,organic,Ireland,iOS,approved,2023-03-23 00:00:00
2187,2024-08-10 00:00:00,referral,Ireland,iOS,rejected,
2188,2024-09-13 00:00:00,referral,Ireland,Android,approved,2024-09-15 00:00:00
2189,2023-04-15 00:00:00,paid_ads,Ireland,Android,rejected,
2190,2024-01-01 00:00:00,organic,India,iOS,approved,2024-01-04 00:00:00
2191,2024-12-17 00:00:00,affiliate,UK,iOS,pending,
2192,2023-02-02 00:00:00,organic,Ireland,iOS,approved,2023-02-07 00:00:00
2193,2024-03-10 00:00:00,organic,India,Android,approved,2024-03-11 00:00:00
2194,2023-09-24 00:00:00,organic,Ireland,Android,pending,
2195,2023-05-13 00:00:00,affiliate,India,Android,pending,
2196,2024-11-25 00:00:00,organic,UK,Android,approved,2024-11-29 00:00:00
2197,2024-08-30 00:00:00,affiliate,Ireland,iOS,pending,
2198,2024-11-19 00:00:00,organic,Ireland,Android,pending,
2199,2024-04-11 00:00:00,affiliate,India,iOS,rejected,
2200,2024-06-13 00:00:00,organic,India,Android,pending,
2201,2024-04-14 00:00:00,organic,Ireland,iOS,pending,
2202,2024-08-02 00:00:00,paid_ads,India,iOS,rejected,
2203,2023-12-07 00:00:00,paid_ads,UK,Android,approved,2023-12-11 00:00:00
2204,2024-12-24 00:00:00,paid_ads,Ireland,Android,approved,2024-12-25 00:00:00
2205,2024-01-18 00:00:00,paid_ads,UK,Android,pending,
2206,2023-11-10 00:00:00,organic,UK,iOS,pending,
2207,2024-04-04 00:00:00,referral,Ireland,iOS,pending,
2208,2023-09-08 00:00:00,paid_ads,Ireland,Android,pending,
2209,2023-12-25 00:00:00,paid_ads,Ireland,iOS,rejected,
2210,2024-01-11 00:00:00,organic,Ireland,iOS,rejected,
2211,2024-03-04 00:00:00,referral,UK,Android,approved,2024-03-07 00:00:00
2212,2023-11-07 00:00:00,referral,Ireland,Android,rejected,
2213,2024-03-14 00:00:00,referral,Ireland,iOS,approved,2024-03-18 00:00:00
2214,2023-02-13 00:00:00,affiliate,India,iOS,approved,2023-02-17 00:00:00
2215,2023-09-18 00:00:00,paid_ads,UK,Android,approved,2023-09-20 00:00:00
2216,2024-10-06 00:00:00,paid_ads,Ireland,Android,rejected,
2217,2023-09-06 00:00:00,organic,Ireland,Android,approved,2023-09-09 00:00:00
2218,2023-07-12 00:00:00,organic,Ireland,Android,approved,2023-07-16 00:00:00
2219,2024-03-12 00:00:00,paid_ads,India,Android,rejected,
2220,2024-01-14 00:00:00,affiliate,UK,iOS,approved,2024-01-17 00:00:00
2221,2024-09-02 00:00:00,paid_ads,India,iOS,approved,2024-09-04 00:00:00
2222,2023-09-21 00:00:00,organic,India,Android,approved,2023-09-23 00:00:00
2223,2024-04-21 00:00:00,paid_ads,UK,iOS,approved,2024-04-24 00:00:00
2224,2024-03-30 00:00:00,paid_ads,Ireland,iOS,approved,2024-03-31 00:00:00
2225,2024-03-18 00:00:00,referral,UK,Android,approved,2024-03-20 00:00:00
2226,2023-06-21 00:00:00,organic,Ireland,Android,approved,2023-06-25 00:00:00
2227,2023-07-31 00:00:00,organic,Ireland,Android,approved,2023-08-03 00:00:00
2228,2024-03-21 00:00:00,paid_ads,UK,iOS,rejected,
2229,2024-12-26 00:00:00,organic,Ireland,iOS,approved,2024-12-30 00:00:00
2230,2024-02-13 00:00:00,organic,India,Android,approved,2024-02-16 00:00:00
2231,2023-09-09 00:00:00,organic,India,iOS,approved,2023-09-11 00:00:00
2232,2024-06-04 00:00:00,paid_ads,India,Android,pending,
2233,2023-06-30 00:00:00,affiliate,UK,Android,approved,2023-07-03 00:00:00
2234,2024-03-21 00:00:00,organic,Ireland,Android,rejected,
2235,2023-10-01 00:00:00,organic,UK,iOS,approved,2023-10-06 00:00:00
2236,2023-02-01 00:00:00,paid_ads,Ireland,Android,rejected,
2237,2024-03-28 00:00:00,referral,Ireland,Android,approved,2024-03-31 00:00:00
2238,2023-05-01 00:00:00,organic,Ireland,iOS,pending,
2239,2024-07-26 00:00:00,paid_ads,UK,Android,pending,
2240,2024-07-20 00:00:00,affiliate,India,iOS,approved,2024-07-24 00:00:00
2241,2024-02-08 00:00:00,referral,UK,Android,approved,2024-02-09 00:00:00
2242,2023-09-11 00:00:00,affiliate,India,Android,approved,2023-09-14 00:00:00
2243,2023-03-14 00:00:00,paid_ads,Ireland,iOS,pending,
2244,2024-05-19 00:00:00,referral,Ireland,iOS,rejected,
2245,2023-02-28 00:00:00,organic,Ireland,iOS,approved,2023-03-01 00:00:00
2246,2023-07-13 00:00:00,organic,UK,iOS,approved,2023-07-16 00:00:00
2247,2023-07-10 00:00:00,paid_ads,UK,iOS,pending,
2248,2024-05-28 00:00:00,organic,Ireland,Android,approved,2024-06-01 00:00:00
2249,2023-05-16 00:00:00,organic,Ireland,Android,approved,2023-05-19 00:00:00
2250,2023-01-11 00:00:00,organic,Ireland,iOS,approved,2023-01-14 00:00:00
2251,2023-09-09 00:00:00,referral,Ireland,Android,pending,
2252,2023-09-06 00:00:00,organic,Ireland,iOS,pending,
2253,2023-03-05 00:00:00,referral,India,iOS,pending,
2254,2024-12-17 00:00:00,paid_ads,Ireland,iOS,approved,2024-12-20 00:00:00
2255,2023-05-27 00:00:00,organic,UK,iOS,pending,
2256,2023-09-20 00:00:00,referral,UK,iOS,approved,2023-09-24 00:00:00
2257,2023-08-24 00:00:00,organic,UK,iOS,approved,2023-08-29 00:00:00
2258,2024-10-09 00:00:00,paid_ads,India,Android,rejected,
2259,2024-04-28 00:00:00,paid_ads,UK,Android,pending,
2260,2023-10-27 00:00:00,organic,India,Android,approved,2023-11-01 00:00:00
2261,2024-11-22 00:00:00,referral,Ireland,Android,approved,2024-11-23 00:00:00
2262,2023-12-02 00:00:00,organic,UK,Android,approved,2023-12-07 00:00:00
2263,2023-11-24 00:00:00,affiliate,India,iOS,pending,
2264,2024-08-03 00:00:00,organic,Ireland,Android,approved,2024-08-06 00:00:00
2265,2024-12-13 00:00:00,paid_ads,Ireland,Android,pending,
2266,2023-05-21 00:00:00,referral,Ireland,iOS,pending,
2267,2023-09-06 00:00:00,paid_ads,India,iOS,approved,2023-09-11 00:00:00
2268,2024-06-19 00:00:00,paid_ads,UK,Android,approved,2024-06-20 00:00:00
2269,2023-05-04 00:00:00,organic,Ireland,iOS,rejected,
2270,2023-03-31 00:00:00,organic,UK,Android,pending,
2271,2023-07-12 00:00:00,paid_ads,UK,iOS,rejected,
2272,2023-03-17 00:00:00,organic,Ireland,iOS,rejected,
2273,2024-10-02 00:00:00,affiliate,Ireland,Android,pending,
2274,2024-04-30 00:00:00,referral,Ireland,Android,approved,2024-05-02 00:00:00
2275,2023-04-25 00:00:00,organic,Ireland,Android,pending,
2276,2024-01-18 00:00:00,paid_ads,Ireland,Android,rejected,
2277,2024-01-05 00:00:00,organic,UK,iOS,approved,2024-01-08 00:00:00
2278,2023-03-22 00:00:00,organic,UK,iOS,approved,2023-03-25 00:00:00
2279,2023-10-29 00:00:00,affiliate,India,Android,approved,2023-10-31 00:00:00
2280,2024-04-30 00:00:00,referral,Ireland,Android,approved,2024-05-03 00:00:00
2281,2023-01-02 00:00:00,organic,Ireland,iOS,approved,2023-01-07 00:00:00
2282,2023-10-09 00:00:00,affiliate,UK,iOS,approved,2023-10-14 00:00:00
2283,2023-11-06 00:00:00,organic,UK,iOS,rejected,
2284,2024-11-17 00:00:00,paid_ads,Ireland,Android,rejected,
2285,2023-12-21 00:00:00,organic,Ireland,Android,approved,2023-12-22 00:00:00
2286,2024-04-11 00:00:00,paid_ads,UK,Android,approved,2024-04-13 00:00:00
2287,2023-07-02 00:00:00,affiliate,UK,iOS,rejected,
2288,2023-11-12 00:00:00,paid_ads,UK,Android,approved,2023-11-16 00:00:00
2289,2023-07-22 00:00:00,referral,India,iOS,approved,2023-07-25 00:00:00
2290,2023-01-08 00:00:00,organic,Ireland,Android,pending,
2291,2023-08-21 00:00:00,organic,India,iOS,rejected,
2292,2023-05-17 00:00:00,referral,Ireland,Android,pending,
2293,2024-07-27 00:00:00,organic,Ireland,iOS,approved,2024-07-29 00:00:00
2294,2024-05-19 00:00:00,affiliate,Ireland,iOS,pending,
2295,2024-07-19 00:00:00,paid_ads,Ireland,iOS,rejected,
2296,2023-10-11 00:00:00,organic,UK,iOS,approved,2023-10-15 00:00:00
2297,2024-02-10 00:00:00,paid_ads,UK,iOS,approved,2024-02-11 00:00:00
2298,2024-08-19 00:00:00,referral,Ireland,Android,approved,2024-08-23 00:00:00
2299,2023-06-24 00:00:00,affiliate,UK,iOS,approved,2023-06-26 00:00:00
2300,2024-05-09 00:00:00,organic,Ireland,iOS,rejected,
2301,2023-09-05 00:00:00,affiliate,Ireland,Android,pending,
2302,2024-05-01 00:00:00,organic,UK,Android,approved,2024-05-02 00:00:00
2303,2023-09-22 00:00:00,referral,India,Android,pending,
2304,2023-10-31 00:00:00,paid_ads,UK,iOS,approved,2023-11-01 00:00:00
2305,2024-10-04 00:00:00,paid_ads,UK,Android,approved,2024-10-06 00:00:00
2306,2024-08-23 00:00:00,organic,Ireland,iOS,approved,2024-08-24 00:00:00
2307,2024-05-18 00:00:00,paid_ads,Ireland,iOS,pending,
2308,2024-10-04 00:00:00,paid_ads,Ireland,Android,rejected,
2309,2023-05-16 00:00:00,organic,India,Android,pending,
2310,2024-06-15 00:00:00,organic,India,Android,pending,
2311,2023-12-10 00:00:00,referral,UK,Android,approved,2023-12-11 00:00:00
2312,2023-03-05 00:00:00,referral,UK,iOS,pending,
2313,2024-02-16 00:00:00,organic,Ireland,iOS,approved,2024-02-17 00:00:00
2314,2024-05-19 00:00:00,paid_ads,Ireland,Android,rejected,
2315,2023-01-29 00:00:00,referral,UK,Android,approved,2023-02-01 00:00:00
2316,2024-05-26 00:00:00,referral,UK,Android,approved,2024-05-29 00:00:00
2317,2023-07-16 00:00:00,affiliate,Ireland,Android,pending,
2318,2023-08-04 00:00:00,paid_ads,UK,iOS,rejected,
2319,2024-06-05 00:00:00,paid_ads,India,iOS,pending,
2320,2023-03-20 00:00:00,organic,Ireland,iOS,approved,2023-03-25 00:00:00
2321,2023-04-11 00:00:00,organic,India,Android,approved,2023-04-15 00:00:00
2322,2023-02-03 00:00:00,affiliate,Ireland,iOS,pending,
2323,2024-11-21 00:00:00,referral,UK,iOS,rejected,
2324,2023-08-02 00:00:00,organic,Ireland,iOS,approved,2023-08-05 00:00:00
2325,2023-04-26 00:00:00,affiliate,UK,iOS,approved,2023-04-29 00:00:00
2326,2023-05-23 00:00:00,referral,UK,iOS,approved,2023-05-27 00:00:00
2327,2023-06-12 00:00:00,paid_ads,UK,iOS,approved,2023-06-13 00:00:00
2328,2023-04-04 00:00:00,organic,India,iOS,pending,
2329,2023-10-18 00:00:00,referral,Ireland,iOS,approved,2023-10-20 00:00:00
2330,2024-12-14 00:00:00,affiliate,Ireland,iOS,approved,2024-12-19 00:00:00
2331,2024-04-17 00:00:00,paid_ads,Ireland,Android,approved,2024-04-21 00:00:00
2332,2023-05-16 00:00:00,referral,Ireland,iOS,pending,
2333,2024-05-10 00:00:00,paid_ads,Ireland,iOS,approved,2024-05-14 00:00:00
2334,2023-09-29 00:00:00,organic,Ireland,iOS,pending,
2335,2024-10-02 00:00:00,paid_ads,UK,Android,approved,2024-10-03 00:00:00
2336,2024-08-07 00:00:00,affiliate,Ireland,iOS,approved,2024-08-11 00:00:00
2337,2024-04-14 00:00:00,organic,Ireland,iOS,approved,2024-04-19 00:00:00
2338,2024-12-16 00:00:00,affiliate,UK,iOS,pending,
2339,2023-10-24 00:00:00,organic,Ireland,iOS,pending,
2340,2023-02-22 00:00:00,referral,Ireland,Android,approved,2023-02-24 00:00:00
2341,2023-03-06 00:00:00,paid_ads,UK,iOS,pending,
2342,2023-02-26 00:00:00,paid_ads,UK,Android,pending,
2343,2024-01-14 00:00:00,organic,Ireland,iOS,approved,2024-01-15 00:00:00
2344,2023-11-22 00:00:00,organic,India,Android,approved,2023-11-23 00:00:00
2345,2023-10-16 00:00:00,paid_ads,India,Android,rejected,
2346,2024-12-05 00:00:00,referral,Ireland,iOS,pending,
2347,2023-04-25 00:00:00,referral,Ireland,iOS,approved,2023-04-30 00:00:00
2348,2023-07-12 00:00:00,organic,Ireland,iOS,pending,
2349,2024-02-03 00:00:00,affiliate,UK,iOS,approved,2024-02-05 00:00:00
2350,2024-02-05 00:00:00,affiliate,UK,Android,rejected,
2351,2024-07-04 00:00:00,affiliate,Ireland,iOS,approved,2024-07-06 00:00:00
2352,2023-03-29 00:00:00,paid_ads,UK,iOS,approved,2023-04-01 00:00:00
2353,2024-09-12 00:00:00,paid_ads,UK,Android,rejected,
2354,2024-03-02 00:00:00,organic,India,iOS,approved,2024-03-03 00:00:00
2355,2023-02-01 00:00:00,organic,Ireland,Android,approved,2023-02-02 00:00:00
2356,2023-01-06 00:00:00,paid_ads,UK,Android,rejected,
2357,2024-05-31 00:00:00,paid_ads,UK,iOS,rejected,
2358,2024-03-17 00:00:00,referral,Ireland,Android,approved,2024-03-22 00:00:00
2359,2023-10-19 00:00:00,affiliate,UK,iOS,approved,2023-10-24 00:00:00
2360,2024-02-13 00:00:00,organic,India,Android,approved,2024-02-18 00:00:00
2361,2024-09-13 00:00:00,organic,UK,Android,approved,2024-09-17 00:00:00
2362,2023-10-22 00:00:00,paid_ads,India,Android,pending,
2363,2024-03-05 00:00:00,organic,India,Android,approved,2024-03-09 00:00:00
2364,2023-08-20 00:00:00,paid_ads,UK,Android,rejected,
2365,2024-09-09 00:00:00,affiliate,UK,Android,approved,2024-09-14 00:00:00
2366,2023-03-15 00:00:00,paid_ads,Ireland,iOS,approved,2023-03-19 00:00:00
2367,2024-03-22 00:00:00,referral,Ireland,Android,approved,2024-03-23 00:00:00
2368,2024-10-03 00:00:00,organic,Ireland,Android,pending,
2369,2023-12-03 00:00:00,referral,Ireland,Android,approved,2023-12-05 00:00:00
2370,2024-07-12 00:00:00,organic,Ireland,Android,rejected,
2371,2024-12-15 00:00:00,paid_ads,UK,Android,approved,2024-12-18 00:00:00
2372,2024-10-28 00:00:00,referral,Ireland,Android,approved,2024-11-01 00:00:00
2373,2023-09-15 00:00:00,paid_ads,Ireland,Android,pending,
2374,2024-01-03 00:00:00,affiliate,UK,iOS,approved,2024-01-08 00:00:00
2375,2023-12-10 00:00:00,paid_ads,UK,iOS,approved,2023-12-11 00:00:00
2376,2023-10-17 00:00:00,referral,India,Android,approved,2023-10-18 00:00:00
2377,2024-04-26 00:00:00,referral,India,Android,approved,2024-04-29 00:00:00
2378,2023-05-02 00:00:00,referral,India,Android,rejected,
2379,2023-10-01 00:00:00,affiliate,UK,Android,approved,2023-10-02 00:00:00
2380,2023-01-04 00:00:00,organic,Ireland,iOS,rejected,
2381,2023-12-22 00:00:00,organic,UK,Android,approved,2023-12-27 00:00:00
2382,2024-06-04 00:00:00,paid_ads,India,iOS,approved,2024-06-06 00:00:00
2383,2024-04-14 00:00:00,paid_ads,India,iOS,approved,2024-04-18 00:00:00
2384,2023-08-25 00:00:00,organic,India,Android,rejected,
2385,2023-09-29 00:00:00,organic,Ireland,Android,approved,2023-10-04 00:00:00
2386,2024-12-10 00:00:00,paid_ads,UK,Android,approved,2024-12-15 00:00:00
2387,2023-03-31 00:00:00,affiliate,Ireland,iOS,pending,
2388,2023-10-31 00:00:00,organic,Ireland,Android,approved,2023-11-03 00:00:00
2389,2023-12-09 00:00:00,paid_ads,Ireland,iOS,approved,2023-12-13 00:00:00
2390,2024-10-12 00:00:00,referral,UK,Android,rejected,
2391,2023-05-17 00:00:00,referral,UK,Android,approved,2023-05-18 00:00:00
2392,2024-07-05 00:00:00,referral,UK,iOS,approved,2024-07-06 00:00:00
2393,2023-11-01 00:00:00,paid_ads,UK,Android,pending,
2394,2024-07-07 00:00:00,organic,UK,Android,pending,
2395,2023-07-04 00:00:00,organic,India,iOS,approved,2023-07-05 00:00:00
2396,2024-10-25 00:00:00,paid_ads,UK,Android,approved,2024-10-28 00:00:00
2397,2023-03-06 00:00:00,paid_ads,UK,Android,rejected,
2398,2023-03-14 00:00:00,referral,UK,Android,rejected,
2399,2024-07-11 00:00:00,organic,Ireland,iOS,approved,2024-07-14 00:00:00
2400,2023-02-26 00:00:00,paid_ads,Ireland,Android,rejected,
2401,2023-12-04 00:00:00,referral,Ireland,iOS,rejected,
2402,2024-01-16 00:00:00,organic,UK,iOS,approved,2024-01-19 00:00:00
2403,2024-01-24 00:00:00,paid_ads,UK,iOS,approved,2024-01-26 00:00:00
2404,2023-06-12 00:00:00,referral,UK,Android,approved,2023-06-15 00:00:00
2405,2023-09-06 00:00:00,organic,Ireland,Android,pending,
2406,2024-05-07 00:00:00,referral,Ireland,iOS,pending,
2407,2024-06-12 00:00:00,organic,Ireland,Android,approved,2024-06-14 00:00:00
2408,2023-02-04 00:00:00,organic,UK,Android,approved,2023-02-07 00:00:00
2409,2023-09-03 00:00:00,referral,UK,iOS,pending,
2410,2023-10-01 00:00:00,paid_ads,Ireland,Android,rejected,
2411,2024-05-30 00:00:00,paid_ads,Ireland,iOS,approved,2024-06-03 00:00:00
2412,2024-10-04 00:00:00,paid_ads,India,Android,approved,2024-10-08 00:00:00
2413,2024-08-26 00:00:00,paid_ads,Ireland,Android,approved,2024-08-29 00:00:00
2414,2024-02-12 00:00:00,organic,UK,iOS,approved,2024-02-15 00:00:00
2415,2023-09-21 00:00:00,affiliate,India,iOS,approved,2023-09-22 00:00:00
2416,2023-10-16 00:00:00,organic,UK,Android,rejected,
2417,2024-11-21 00:00:00,paid_ads,UK,Android,rejected,
2418,2023-05-04 00:00:00,affiliate,UK,iOS,rejected,
2419,2023-03-11 00:00:00,referral,UK,Android,approved,2023-03-16 00:00:00
2420,2023-11-08 00:00:00,affiliate,India,iOS,approved,2023-11-13 00:00:00
2421,2023-08-11 00:00:00,organic,UK,iOS,pending,
2422,2023-10-08 00:00:00,referral,UK,iOS,approved,2023-10-12 00:00:00
2423,2023-09-21 00:00:00,paid_ads,UK,Android,rejected,
2424,2024-02-21 00:00:00,referral,UK,iOS,pending,
2425,2024-08-21 00:00:00,organic,Ireland,iOS,pending,
2426,2024-03-28 00:00:00,organic,India,iOS,approved,2024-04-02 00:00:00
2427,2023-06-21 00:00:00,paid_ads,India,Android,approved,2023-06-25 00:00:00
2428,2024-01-02 00:00:00,paid_ads,Ireland,iOS,pending,
2429,2024-05-16 00:00:00,affiliate,India,Android,approved,2024-05-21 00:00:00
2430,2023-05-27 00:00:00,affiliate,UK,Android,approved,2023-05-29 00:00:00
2431,2024-05-12 00:00:00,organic,Ireland,Android,approved,2024-05-15 00:00:00
2432,2024-02-09 00:00:00,paid_ads,UK,Android,rejected,
2433,2023-01-18 00:00:00,organic,UK,Android,rejected,
2434,2024-04-21 00:00:00,organic,Ireland,Android,pending,
2435,2023-12-25 00:00:00,referral,Ireland,iOS,approved,2023-12-27 00:00:00
2436,2023-11-26 00:00:00,affiliate,Ireland,iOS,rejected,
2437,2024-05-17 00:00:00,paid_ads,Ireland,iOS,approved,2024-05-22 00:00:00
2438,2024-05-13 00:00:00,organic,UK,Android,approved,2024-05-16 00:00:00
2439,2023-03-01 00:00:00,organic,Ireland,Android,rejected,
2440,2024-03-22 00:00:00,referral,Ireland,iOS,pending,
2441,2023-06-01 00:00:00,paid_ads,Ireland,Android,approved,2023-06-04 00:00:00
2442,2024-06-05 00:00:00,referral,UK,Android,approved,2024-06-08 00:00:00
2443,2023-09-26 00:00:00,referral,Ireland,Android,approved,2023-09-27 00:00:00
2444,2024-07-18 00:00:00,paid_ads,UK,Android,pending,
2445,2023-11-06 00:00:00,organic,UK,iOS,approved,2023-11-08 00:00:00
2446,2023-05-12 00:00:00,affiliate,India,iOS,approved,2023-05-17 00:00:00
2447,2023-05-14 00:00:00,affiliate,Ireland,Android,approved,2023-05-17 00:00:00
2448,2024-01-05 00:00:00,organic,Ireland,iOS,approved,2024-01-10 00:00:00
2449,2023-12-29 00:00:00,organic,Ireland,Android,pending,
2450,2024-03-19 00:00:00,referral,UK,Android,approved,2024-03-20 00:00:00
2451,2023-10-17 00:00:00,organic,India,Android,rejected,
2452,2024-09-02 00:00:00,referral,UK,Android,approved,2024-09-03 00:00:00
2453,2024-10-10 00:00:00,paid_ads,UK,iOS,approved,2024-10-12 00:00:00
2454,2023-05-03 00:00:00,affiliate,Ireland,iOS,approved,2023-05-05 00:00:00
2455,2024-03-04 00:00:00,paid_ads,India,iOS,approved,2024-03-05 00:00:00
2456,2023-06-01 00:00:00,referral,UK,Android,rejected,
2457,2024-03-09 00:00:00,paid_ads,Ireland,Android,rejected,
2458,2023-05-03 00:00:00,organic,Ireland,Android,approved,2023-05-06 00:00:00
2459,2024-08-11 00:00:00,organic,Ireland,iOS,approved,2024-08-13 00:00:00
2460,2023-07-27 00:00:00,organic,Ireland,iOS,approved,2023-08-01 00:00:00
2461,2024-11-28 00:00:00,organic,Ireland,Android,rejected,
2462,2023-06-20 00:00:00,referral,Ireland,iOS,pending,
2463,2023-01-15 00:00:00,paid_ads,UK,iOS,pending,
2464,2024-02-21 00:00:00,organic,Ireland,Android,rejected,
2465,2024-07-30 00:00:00,affiliate,India,iOS,rejected,
2466,2023-01-10 00:00:00,referral,India,iOS,approved,2023-01-15 00:00:00
2467,2023-08-13 00:00:00,organic,UK,Android,approved,2023-08-15 00:00:00
2468,2023-01-21 00:00:00,referral,India,Android,approved,2023-01-24 00:00:00
2469,2023-05-24 00:00:00,affiliate,Ireland,Android,approved,2023-05-28 00:00:00
2470,2024-03-24 00:00:00,paid_ads,Ireland,iOS,pending,
2471,2024-01-02 00:00:00,referral,India,Android,approved,2024-01-03 00:00:00
2472,2024-01-22 00:00:00,referral,Ireland,iOS,approved,2024-01-27 00:00:00
2473,2023-03-25 00:00:00,affiliate,Ireland,iOS,approved,2023-03-27 00:00:00
2474,2023-03-11 00:00:00,organic,Ireland,iOS,pending,
2475,2024-02-27 00:00:00,organic,UK,iOS,approved,2024-02-28 00:00:00
2476,2023-03-02 00:00:00,paid_ads,India,iOS,pending,
2477,2023-10-21 00:00:00,paid_ads,India,Android,pending,
2478,2024-07-05 00:00:00,organic,UK,Android,approved,2024-07-07 00:00:00
2479,2024-02-11 00:00:00,affiliate,UK,iOS,approved,2024-02-14 00:00:00
2480,2024-07-16 00:00:00,affiliate,India,Android,approved,2024-07-21 00:00:00
2481,2024-07-09 00:00:00,paid_ads,UK,iOS,approved,2024-07-11 00:00:00
2482,2024-01-08 00:00:00,referral,India,Android,approved,2024-01-12 00:00:00
2483,2023-03-05 00:00:00,referral,Ireland,Android,approved,2023-03-06 00:00:00
2484,2023-08-21 00:00:00,affiliate,UK,Android,approved,2023-08-23 00:00:00
2485,2023-09-01 00:00:00,affiliate,Ireland,Android,approved,2023-09-03 00:00:00
2486,2024-07-24 00:00:00,organic,India,Android,pending,
2487,2023-11-03 00:00:00,organic,Ireland,iOS,pending,
2488,2024-06-17 00:00:00,referral,India,iOS,approved,2024-06-18 00:00:00
2489,2023-01-07 00:00:00,paid_ads,Ireland,iOS,pending,
2490,2024-06-20 00:00:00,affiliate,Ireland,Android,pending,
2491,2024-02-04 00:00:00,organic,India,iOS,approved,2024-02-06 00:00:00
2492,2023-02-19 00:00:00,referral,India,iOS,approved,2023-02-24 00:00:00
2493,2024-03-08 00:00:00,organic,India,Android,approved,2024-03-09 00:00:00
2494,2023-04-04 00:00:00,referral,Ireland,Android,approved,2023-04-06 00:00:00
2495,2023-08-19 00:00:00,organic,India,iOS,approved,2023-08-24 00:00:00
2496,2024-11-20 00:00:00,referral,Ireland,iOS,approved,2024-11-22 00:00:00
2497,2024-05-05 00:00:00,affiliate,UK,iOS,approved,2024-05-10 00:00:00
2498,2024-05-12 00:00:00,referral,UK,Android,approved,2024-05-13 00:00:00
2499,2023-06-05 00:00:00,organic,Ireland,Android,approved,2023-06-06 00:00:00
2500,2024-06-27 00:00:00,referral,India,Android,approved,2024-06-28 00:00:00
2501,2024-12-02 00:00:00,paid_ads,Ireland,Android,rejected,
2502,2024-08-30 00:00:00,referral,UK,iOS,rejected,
2503,2024-12-16 00:00:00,paid_ads,Ireland,Android,pending,
2504,2024-04-10 00:00:00,paid_ads,UK,Android,rejected,
2505,2023-08-01 00:00:00,referral,UK,Android,rejected,
2506,2023-04-16 00:00:00,referral,Ireland,Android,approved,2023-04-18 00:00:00
2507,2023-06-05 00:00:00,referral,India,Android,approved,2023-06-07 00:00:00
2508,2023-09-11 00:00:00,referral,UK,Android,approved,2023-09-12 00:00:00
2509,2023-06-11 00:00:00,referral,Ireland,iOS,approved,2023-06-12 00:00:00
2510,2024-01-15 00:00:00,referral,Ireland,Android,approved,2024-01-18 00:00:00
2511,2023-12-04 00:00:00,affiliate,India,Android,pending,
2512,2023-04-21 00:00:00,paid_ads,Ireland,Android,pending,
2513,2024-04-13 00:00:00,referral,UK,iOS,pending,
2514,2023-08-28 00:00:00,organic,Ireland,iOS,approved,2023-08-30 00:00:00
2515,2023-12-11 00:00:00,paid_ads,Ireland,iOS,approved,2023-12-16 00:00:00
2516,2024-04-27 00:00:00,organic,India,iOS,pending,
2517,2023-12-01 00:00:00,organic,UK,iOS,pending,
2518,2024-09-17 00:00:00,organic,Ireland,iOS,rejected,
2519,2024-01-30 00:00:00,organic,Ireland,Android,approved,2024-02-01 00:00:00
2520,2024-04-28 00:00:00,organic,Ireland,Android,rejected,
2521,2024-03-30 00:00:00,paid_ads,India,Android,approved,2024-04-04 00:00:00
2522,2024-12-11 00:00:00,organic,India,Android,rejected,
2523,2024-01-08 00:00:00,affiliate,Ireland,Android,pending,
2524,2024-06-14 00:00:00,organic,India,Android,approved,2024-06-17 00:00:00
2525,2023-02-08 00:00:00,referral,Ireland,iOS,approved,2023-02-13 00:00:00
2526,2024-05-12 00:00:00,referral,UK,iOS,approved,2024-05-15 00:00:00
2527,2024-08-10 00:00:00,paid_ads,UK,iOS,pending,
2528,2023-10-05 00:00:00,organic,UK,Android,approved,2023-10-07 00:00:00
2529,2023-02-28 00:00:00,referral,India,iOS,approved,2023-03-04 00:00:00
2530,2023-12-29 00:00:00,paid_ads,UK,Android,pending,
2531,2023-12-12 00:00:00,paid_ads,Ireland,Android,approved,2023-12-13 00:00:00
2532,2024-02-24 00:00:00,paid_ads,Ireland,Android,approved,2024-02-27 00:00:00
2533,2024-10-13 00:00:00,referral,UK,iOS,approved,2024-10-18 00:00:00
2534,2023-02-04 00:00:00,affiliate,India,Android,approved,2023-02-07 00:00:00
2535,2024-09-06 00:00:00,paid_ads,Ireland,iOS,approved,2024-09-08 00:00:00
2536,2023-02-10 00:00:00,organic,Ireland,iOS,approved,2023-02-15 00:00:00
2537,2024-10-18 00:00:00,affiliate,India,Android,approved,2024-10-22 00:00:00
2538,2024-11-06 00:00:00,referral,Ireland,Android,pending,
2539,2024-11-15 00:00:00,organic,Ireland,iOS,rejected,
2540,2023-12-16 00:00:00,paid_ads,Ireland,iOS,approved,2023-12-19 00:00:00
2541,2023-12-28 00:00:00,organic,Ireland,iOS,rejected,
2542,2023-10-26 00:00:00,affiliate,India,iOS,pending,
2543,2024-01-26 00:00:00,affiliate,UK,Android,approved,2024-01-29 00:00:00
2544,2024-03-01 00:00:00,organic,UK,Android,approved,2024-03-03 00:00:00
2545,2023-01-30 00:00:00,paid_ads,UK,iOS,approved,2023-02-01 00:00:00
2546,2023-05-07 00:00:00,paid_ads,Ireland,Android,approved,2023-05-09 00:00:00
2547,2023-10-30 00:00:00,paid_ads,Ireland,Android,pending,
2548,2024-11-11 00:00:00,organic,UK,iOS,pending,
2549,2024-05-28 00:00:00,organic,India,iOS,approved,2024-05-31 00:00:00
2550,2023-11-07 00:00:00,paid_ads,Ireland,iOS,approved,2023-11-08 00:00:00
2551,2023-03-21 00:00:00,organic,Ireland,Android,approved,2023-03-24 00:00:00
2552,2024-07-25 00:00:00,paid_ads,India,iOS,approved,2024-07-30 00:00:00
2553,2023-08-17 00:00:00,paid_ads,UK,iOS,pending,
2554,2023-04-02 00:00:00,referral,UK,iOS,pending,
2555,2023-10-27 00:00:00,referral,UK,iOS,pending,
2556,2024-02-02 00:00:00,paid_ads,Ireland,Android,rejected,
2557,2024-04-29 00:00:00,paid_ads,Ireland,Android,approved,2024-05-02 00:00:00
2558,2024-06-15 00:00:00,paid_ads,India,iOS,approved,2024-06-19 00:00:00
2559,2023-04-06 00:00:00,organic,Ireland,iOS,pending,
2560,2023-12-24 00:00:00,organic,UK,iOS,approved,2023-12-28 00:00:00
2561,2023-10-08 00:00:00,organic,Ireland,iOS,approved,2023-10-13 00:00:00
2562,2024-02-15 00:00:00,referral,UK,iOS,approved,2024-02-17 00:00:00
2563,2023-01-30 00:00:00,organic,Ireland,iOS,rejected,
2564,2023-08-19 00:00:00,referral,India,Android,pending,
2565,2024-12-02 00:00:00,paid_ads,UK,Android,rejected,
2566,2023-02-08 00:00:00,affiliate,UK,iOS,pending,
2567,2023-03-27 00:00:00,referral,India,iOS,approved,2023-03-29 00:00:00
2568,2024-12-13 00:00:00,organic,UK,iOS,approved,2024-12-14 00:00:00
2569,2024-01-18 00:00:00,referral,India,iOS,approved,2024-01-20 00:00:00
2570,2023-11-21 00:00:00,affiliate,Ireland,Android,pending,
2571,2023-03-12 00:00:00,paid_ads,UK,iOS,approved,2023-03-14 00:00:00
2572,2023-08-27 00:00:00,organic,UK,iOS,pending,
2573,2024-07-17 00:00:00,paid_ads,Ireland,Android,pending,
2574,2024-10-08 00:00:00,referral,India,iOS,approved,2024-10-13 00:00:00
2575,2024-08-09 00:00:00,organic,India,Android,approved,2024-08-14 00:00:00
2576,2023-10-31 00:00:00,organic,India,iOS,pending,
2577,2024-05-28 00:00:00,organic,UK,Android,rejected,
2578,2024-10-08 00:00:00,paid_ads,Ireland,iOS,approved,2024-10-10 00:00:00
2579,2024-04-15 00:00:00,referral,Ireland,iOS,approved,2024-04-17 00:00:00
2580,2023-02-16 00:00:00,referral,Ireland,iOS,approved,2023-02-20 00:00:00
2581,2023-06-21 00:00:00,organic,India,iOS,approved,2023-06-25 00:00:00
2582,2023-04-24 00:00:00,organic,Ireland,iOS,rejected,
2583,2024-02-04 00:00:00,affiliate,Ireland,Android,approved,2024-02-08 00:00:00
2584,2024-10-13 00:00:00,affiliate,Ireland,Android,rejected,
2585,2024-06-24 00:00:00,organic,UK,Android,approved,2024-06-28 00:00:00
2586,2024-01-17 00:00:00,referral,India,iOS,rejected,
2587,2023-12-19 00:00:00,paid_ads,India,iOS,approved,2023-12-23 00:00:00
2588,2023-08-16 00:00:00,referral,UK,Android,approved,2023-08-21 00:00:00
2589,2024-12-14 00:00:00,paid_ads,Ireland,iOS,approved,2024-12-15 00:00:00
2590,2023-06-10 00:00:00,affiliate,Ireland,iOS,approved,2023-06-14 00:00:00
2591,2024-04-12 00:00:00,referral,India,iOS,approved,2024-04-17 00:00:00
2592,2023-05-24 00:00:00,referral,Ireland,iOS,approved,2023-05-25 00:00:00
2593,2023-09-01 00:00:00,affiliate,UK,Android,approved,2023-09-06 00:00:00
2594,2024-01-09 00:00:00,affiliate,UK,Android,approved,2024-01-14 00:00:00
2595,2024-04-12 00:00:00,referral,UK,iOS,rejected,
2596,2023-05-04 00:00:00,affiliate,India,iOS,rejected,
2597,2023-11-30 00:00:00,referral,UK,iOS,approved,2023-12-02 00:00:00
2598,2023-09-29 00:00:00,referral,UK,iOS,approved,2023-10-02 00:00:00
2599,2023-05-22 00:00:00,referral,Ireland,iOS,approved,2023-05-26 00:00:00
2600,2024-06-19 00:00:00,organic,Ireland,iOS,approved,2024-06-23 00:00:00
2601,2023-06-28 00:00:00,paid_ads,Ireland,iOS,approved,2023-06-29 00:00:00
2602,2024-01-05 00:00:00,organic,Ireland,iOS,rejected,
2603,2023-02-23 00:00:00,referral,Ireland,iOS,approved,2023-02-25 00:00:00
2604,2024-02-17 00:00:00,paid_ads,UK,Android,approved,2024-02-21 00:00:00
2605,2024-06-17 00:00:00,organic,Ireland,Android,pending,
2606,2024-09-13 00:00:00,organic,India,iOS,pending,
2607,2023-10-21 00:00:00,paid_ads,Ireland,Android,approved,2023-10-22 00:00:00
2608,2023-11-16 00:00:00,referral,Ireland,iOS,approved,2023-11-17 00:00:00
2609,2023-09-26 00:00:00,paid_ads,India,iOS,approved,2023-09-28 00:00:00
2610,2023-08-20 00:00:00,organic,Ireland,Android,pending,
2611,2024-10-20 00:00:00,paid_ads,Ireland,iOS,approved,2024-10-23 00:00:00
2612,2023-01-17 00:00:00,paid_ads,Ireland,iOS,pending,
2613,2023-10-19 00:00:00,paid_ads,Ireland,iOS,approved,2023-10-23 00:00:00
2614,2024-06-18 00:00:00,paid_ads,UK,Android,pending,
2615,2024-02-16 00:00:00,organic,UK,iOS,approved,2024-02-20 00:00:00
2616,2024-09-15 00:00:00,affiliate,Ireland,iOS,pending,
2617,2023-02-28 00:00:00,affiliate,India,Android,pending,
2618,2024-06-06 00:00:00,paid_ads,UK,iOS,approved,2024-06-08 00:00:00
2619,2023-06-21 00:00:00,affiliate,UK,iOS,rejected,
2620,2024-05-27 00:00:00,organic,UK,iOS,pending,
2621,2023-08-05 00:00:00,referral,Ireland,iOS,approved,2023-08-10 00:00:00
2622,2023-01-06 00:00:00,organic,UK,iOS,approved,2023-01-07 00:00:00
2623,2024-10-19 00:00:00,organic,Ireland,iOS,approved,2024-10-23 00:00:00
2624,2023-11-11 00:00:00,referral,Ireland,Android,pending,
2625,2024-05-20 00:00:00,paid_ads,UK,iOS,approved,2024-05-22 00:00:00
2626,2024-12-13 00:00:00,referral,India,Android,approved,2024-12-17 00:00:00
2627,2023-07-09 00:00:00,organic,UK,iOS,approved,2023-07-10 00:00:00
2628,2024-10-22 00:00:00,paid_ads,India,Android,pending,
2629,2023-09-01 00:00:00,organic,India,Android,pending,
2630,2024-11-23 00:00:00,organic,UK,Android,approved,2024-11-27 00:00:00
2631,2023-09-22 00:00:00,paid_ads,UK,iOS,approved,2023-09-27 00:00:00
2632,2024-02-19 00:00:00,referral,Ireland,Android,rejected,
2633,2024-12-28 00:00:00,organic,UK,Android,approved,2024-12-30 00:00:00
2634,2023-08-27 00:00:00,paid_ads,Ireland,Android,approved,2023-08-31 00:00:00
2635,2024-07-22 00:00:00,paid_ads,India,Android,rejected,
2636,2023-12-09 00:00:00,organic,UK,iOS,approved,2023-12-12 00:00:00
2637,2024-02-08 00:00:00,organic,UK,iOS,pending,
2638,2023-03-20 00:00:00,affiliate,Ireland,iOS,approved,2023-03-25 00:00:00
2639,2024-10-21 00:00:00,paid_ads,UK,iOS,rejected,
2640,2024-02-10 00:00:00,paid_ads,Ireland,Android,approved,2024-02-15 00:00:00
2641,2023-04-22 00:00:00,organic,Ireland,iOS,approved,2023-04-24 00:00:00
2642,2023-03-24 00:00:00,organic,UK,Android,rejected,
2643,2023-04-18 00:00:00,affiliate,Ireland,iOS,approved,2023-04-22 00:00:00
2644,2024-04-01 00:00:00,referral,India,iOS,approved,2024-04-05 00:00:00
2645,2024-11-03 00:00:00,paid_ads,Ireland,iOS,pending,
2646,2024-04-17 00:00:00,paid_ads,India,Android,pending,
2647,2023-03-25 00:00:00,organic,UK,iOS,pending,
2648,2024-05-10 00:00:00,affiliate,India,Android,approved,2024-05-12 00:00:00
2649,2024-09-26 00:00:00,organic,India,iOS,pending,
2650,2024-01-21 00:00:00,organic,UK,iOS,pending,
2651,2024-01-14 00:00:00,referral,Ireland,Android,approved,2024-01-19 00:00:00
2652,2023-02-09 00:00:00,affiliate,UK,iOS,approved,2023-02-10 00:00:00
2653,2024-12-26 00:00:00,referral,India,Android,approved,2024-12-29 00:00:00
2654,2023-12-24 00:00:00,affiliate,India,Android,pending,
2655,2024-07-17 00:00:00,paid_ads,Ireland,iOS,approved,2024-07-19 00:00:00
2656,2023-05-10 00:00:00,organic,India,Android,pending,
2657,2023-10-28 00:00:00,organic,Ireland,Android,pending,
2658,2023-06-19 00:00:00,referral,Ireland,Android,approved,2023-06-22 00:00:00
2659,2023-03-16 00:00:00,affiliate,Ireland,iOS,pending,
2660,2023-03-22 00:00:00,paid_ads,Ireland,iOS,pending,
2661,2023-05-03 00:00:00,paid_ads,Ireland,iOS,approved,2023-05-07 00:00:00
2662,2023-04-27 00:00:00,paid_ads,Ireland,Android,approved,2023-04-30 00:00:00
2663,2024-08-22 00:00:00,paid_ads,UK,Android,approved,2024-08-27 00:00:00
2664,2023-04-03 00:00:00,referral,Ireland,iOS,pending,
2665,2024-02-13 00:00:00,organic,Ireland,iOS,approved,2024-02-16 00:00:00
2666,2024-05-28 00:00:00,paid_ads,UK,Android,pending,
2667,2023-01-15 00:00:00,paid_ads,Ireland,iOS,pending,
2668,2024-09-09 00:00:00,paid_ads,UK,iOS,pending,
2669,2024-03-10 00:00:00,referral,Ireland,iOS,approved,2024-03-14 00:00:00
2670,2023-02-23 00:00:00,referral,India,iOS,pending,
2671,2024-11-13 00:00:00,paid_ads,Ireland,Android,approved,2024-11-17 00:00:00
2672,2023-12-30 00:00:00,organic,Ireland,Android,approved,2024-01-04 00:00:00
2673,2024-06-22 00:00:00,paid_ads,Ireland,Android,pending,
2674,2023-01-15 00:00:00,organic,India,iOS,approved,2023-01-19 00:00:00
2675,2024-07-01 00:00:00,organic,India,iOS,approved,2024-07-03 00:00:00
2676,2023-11-26 00:00:00,paid_ads,Ireland,Android,approved,2023-11-28 00:00:00
2677,2024-06-27 00:00:00,paid_ads,UK,Android,approved,2024-06-30 00:00:00
2678,2024-03-27 00:00:00,affiliate,UK,iOS,approved,2024-03-30 00:00:00
2679,2024-06-18 00:00:00,paid_ads,Ireland,iOS,pending,
2680,2023-02-16 00:00:00,organic,UK,Android,pending,
2681,2023-10-04 00:00:00,organic,Ireland,iOS,pending,
2682,2023-01-24 00:00:00,referral,Ireland,iOS,approved,2023-01-25 00:00:00
2683,2024-06-25 00:00:00,organic,Ireland,iOS,approved,2024-06-29 00:00:00
2684,2024-06-27 00:00:00,paid_ads,Ireland,iOS,rejected,
2685,2023-09-05 00:00:00,organic,UK,Android,approved,2023-09-07 00:00:00
2686,2023-11-05 00:00:00,affiliate,Ireland,Android,rejected,
2687,2024-09-20 00:00:00,affiliate,Ireland,iOS,pending,
2688,2023-04-11 00:00:00,paid_ads,UK,iOS,approved,2023-04-13 00:00:00
2689,2023-07-10 00:00:00,paid_ads,India,Android,rejected,
2690,2024-12-12 00:00:00,paid_ads,UK,iOS,approved,2024-12-16 00:00:00
2691,2023-09-05 00:00:00,referral,Ireland,iOS,rejected,
2692,2023-10-12 00:00:00,referral,India,iOS,approved,2023-10-14 00:00:00
2693,2024-09-05 00:00:00,referral,India,iOS,approved,2024-09-07 00:00:00
2694,2023-06-14 00:00:00,referral,UK,iOS,pending,
2695,2024-07-27 00:00:00,organic,UK,Android,approved,2024-07-29 00:00:00
2696,2023-04-09 00:00:00,paid_ads,UK,iOS,pending,
2697,2024-01-16 00:00:00,affiliate,India,iOS,rejected,
2698,2024-09-23 00:00:00,organic,Ireland,iOS,pending,
2699,2023-01-17 00:00:00,referral,Ireland,iOS,approved,2023-01-22 00:00:00
2700,2024-05-22 00:00:00,organic,India,Android,rejected,
2701,2024-11-17 00:00:00,paid_ads,India,iOS,approved,2024-11-19 00:00:00
2702,2024-04-24 00:00:00,paid_ads,India,Android,pending,
2703,2024-01-18 00:00:00,paid_ads,UK,Android,approved,2024-01-21 00:00:00
2704,2024-09-17 00:00:00,organic,Ireland,iOS,approved,2024-09-19 00:00:00
2705,2023-03-17 00:00:00,referral,Ireland,iOS,approved,2023-03-18 00:00:00
2706,2024-04-27 00:00:00,affiliate,Ireland,iOS,pending,
2707,2024-02-27 00:00:00,organic,UK,iOS,approved,2024-03-02 00:00:00
2708,2024-04-11 00:00:00,affiliate,UK,iOS,approved,2024-04-13 00:00:00
2709,2024-10-28 00:00:00,organic,Ireland,Android,pending,
2710,2024-04-18 00:00:00,referral,India,iOS,pending,
2711,2023-05-29 00:00:00,organic,Ireland,iOS,approved,2023-06-03 00:00:00
2712,2024-10-31 00:00:00,paid_ads,Ireland,Android,rejected,
2713,2024-10-03 00:00:00,organic,India,Android,rejected,
2714,2023-02-11 00:00:00,organic,Ireland,iOS,approved,2023-02-16 00:00:00
2715,2023-11-10 00:00:00,organic,UK,iOS,approved,2023-11-12 00:00:00
2716,2024-05-04 00:00:00,organic,India,iOS,approved,2024-05-05 00:00:00
2717,2024-11-04 00:00:00,affiliate,UK,Android,approved,2024-11-07 00:00:00
2718,2024-02-15 00:00:00,referral,India,Android,rejected,
2719,2024-10-23 00:00:00,organic,Ireland,iOS,rejected,
2720,2023-04-23 00:00:00,organic,India,Android,rejected,
2721,2024-09-30 00:00:00,affiliate,Ireland,Android,pending,
2722,2024-05-31 00:00:00,organic,UK,iOS,approved,2024-06-04 00:00:00
2723,2024-06-23 00:00:00,referral,Ireland,iOS,pending,
2724,2023-01-22 00:00:00,paid_ads,UK,iOS,pending,
2725,2023-12-21 00:00:00,paid_ads,India,Android,approved,2023-12-23 00:00:00
2726,2023-12-11 00:00:00,organic,India,iOS,approved,2023-12-14 00:00:00
2727,2023-04-23 00:00:00,organic,India,iOS,approved,2023-04-26 00:00:00
2728,2023-12-15 00:00:00,paid_ads,Ireland,iOS,pending,
2729,2024-07-21 00:00:00,paid_ads,India,Android,rejected,
2730,2023-06-21 00:00:00,referral,Ireland,iOS,rejected,
2731,2023-01-21 00:00:00,affiliate,India,iOS,approved,2023-01-24 00:00:00
2732,2024-01-02 00:00:00,organic,UK,iOS,rejected,
2733,2024-03-01 00:00:00,paid_ads,Ireland,Android,rejected,
2734,2024-10-16 00:00:00,referral,Ireland,iOS,pending,
2735,2024-03-21 00:00:00,organic,UK,iOS,rejected,
2736,2024-07-23 00:00:00,paid_ads,India,iOS,approved,2024-07-27 00:00:00
2737,2023-01-30 00:00:00,referral,Ireland,Android,approved,2023-02-02 00:00:00
2738,2024-03-10 00:00:00,paid_ads,Ireland,Android,approved,2024-03-13 00:00:00
2739,2023-11-19 00:00:00,referral,UK,iOS,approved,2023-11-21 00:00:00
2740,2024-11-28 00:00:00,paid_ads,Ireland,iOS,approved,2024-11-29 00:00:00
2741,2024-10-06 00:00:00,affiliate,Ireland,iOS,approved,2024-10-09 00:00:00
2742,2024-06-01 00:00:00,referral,Ireland,iOS,pending,
2743,2023-07-13 00:00:00,referral,UK,Android,approved,2023-07-18 00:00:00
2744,2023-12-20 00:00:00,affiliate,UK,iOS,approved,2023-12-23 00:00:00
2745,2024-03-28 00:00:00,organic,UK,iOS,approved,2024-04-02 00:00:00
2746,2024-01-01 00:00:00,referral,UK,iOS,approved,2024-01-06 00:00:00
2747,2024-11-01 00:00:00,referral,UK,Android,approved,2024-11-04 00:00:00
2748,2023-05-31 00:00:00,affiliate,Ireland,iOS,approved,2023-06-02 00:00:00
2749,2024-11-21 00:00:00,paid_ads,Ireland,Android,rejected,
2750,2024-03-28 00:00:00,organic,Ireland,iOS,pending,
2751,2024-09-14 00:00:00,paid_ads,Ireland,Android,pending,
2752,2023-07-11 00:00:00,referral,India,Android,rejected,
2753,2024-07-08 00:00:00,organic,India,Android,pending,
2754,2024-11-19 00:00:00,paid_ads,Ireland,iOS,approved,2024-11-20 00:00:00
2755,2023-02-23 00:00:00,referral,UK,iOS,approved,2023-02-26 00:00:00
2756,2023-03-23 00:00:00,paid_ads,UK,iOS,approved,2023-03-26 00:00:00
2757,2023-07-07 00:00:00,referral,Ireland,Android,approved,2023-07-11 00:00:00
2758,2024-05-02 00:00:00,paid_ads,India,Android,approved,2024-05-07 00:00:00
2759,2024-10-14 00:00:00,paid_ads,Ireland,iOS,approved,2024-10-18 00:00:00
2760,2023-09-23 00:00:00,referral,Ireland,iOS,approved,2023-09-25 00:00:00
2761,2024-04-20 00:00:00,organic,Ireland,iOS,pending,
2762,2023-04-19 00:00:00,paid_ads,Ireland,iOS,pending,
2763,2023-12-03 00:00:00,paid_ads,Ireland,iOS,pending,
2764,2023-11-26 00:00:00,referral,UK,Android,approved,2023-11-27 00:00:00
2765,2024-03-29 00:00:00,paid_ads,Ireland,Android,pending,
2766,2024-02-15 00:00:00,organic,India,Android,rejected,
2767,2023-09-11 00:00:00,organic,India,iOS,pending,
2768,2023-08-05 00:00:00,referral,Ireland,Android,pending,
2769,2023-02-18 00:00:00,affiliate,Ireland,iOS,approved,2023-02-23 00:00:00
2770,2023-10-14 00:00:00,paid_ads,Ireland,iOS,approved,2023-10-19 00:00:00
2771,2023-12-08 00:00:00,referral,UK,Android,rejected,
2772,2024-04-23 00:00:00,paid_ads,UK,iOS,pending,
2773,2024-03-06 00:00:00,organic,UK,Android,approved,2024-03-08 00:00:00
2774,2024-11-08 00:00:00,paid_ads,Ireland,Android,pending,
2775,2023-06-26 00:00:00,paid_ads,India,Android,approved,2023-06-29 00:00:00
2776,2023-02-16 00:00:00,paid_ads,Ireland,Android,approved,2023-02-19 00:00:00
2777,2023-05-23 00:00:00,referral,UK,iOS,approved,2023-05-25 00:00:00
2778,2023-12-13 00:00:00,organic,UK,iOS,pending,
2779,2023-04-21 00:00:00,organic,Ireland,Android,rejected,
2780,2024-05-04 00:00:00,organic,Ireland,Android,rejected,
2781,2024-05-19 00:00:00,affiliate,India,iOS,approved,2024-05-24 00:00:00
2782,2024-10-02 00:00:00,paid_ads,India,iOS,approved,2024-10-06 00:00:00
2783,2023-05-10 00:00:00,paid_ads,Ireland,Android,approved,2023-05-13 00:00:00
2784,2024-02-17 00:00:00,affiliate,India,Android,pending,
2785,2024-03-28 00:00:00,paid_ads,Ireland,iOS,approved,2024-03-31 00:00:00
2786,2023-07-23 00:00:00,organic,India,Android,approved,2023-07-27 00:00:00
2787,2023-01-01 00:00:00,affiliate,India,Android,approved,2023-01-04 00:00:00
2788,2024-08-07 00:00:00,referral,Ireland,iOS,approved,2024-08-10 00:00:00
2789,2024-01-06 00:00:00,paid_ads,Ireland,iOS,approved,2024-01-09 00:00:00
2790,2024-01-15 00:00:00,referral,Ireland,Android,rejected,
2791,2023-10-02 00:00:00,paid_ads,UK,iOS,approved,2023-10-05 00:00:00
2792,2023-09-10 00:00:00,organic,UK,Android,approved,2023-09-12 00:00:00
2793,2023-10-22 00:00:00,organic,UK,Android,approved,2023-10-24 00:00:00
2794,2023-12-08 00:00:00,affiliate,Ireland,Android,approved,2023-12-12 00:00:00
2795,2024-06-20 00:00:00,organic,UK,Android,pending,
2796,2024-07-07 00:00:00,organic,Ireland,iOS,approved,2024-07-10 00:00:00
2797,2023-12-20 00:00:00,paid_ads,UK,iOS,approved,2023-12-23 00:00:00
2798,2023-02-17 00:00:00,affiliate,Ireland,Android,approved,2023-02-19 00:00:00
2799,2024-05-13 00:00:00,referral,Ireland,Android,approved,2024-05-15 00:00:00
2800,2024-01-11 00:00:00,paid_ads,UK,iOS,approved,2024-01-16 00:00:00
2801,2023-10-24 00:00:00,affiliate,Ireland,Android,pending,
2802,2024-08-31 00:00:00,paid_ads,UK,iOS,approved,2024-09-03 00:00:00
2803,2023-12-31 00:00:00,affiliate,Ireland,iOS,pending,
2804,2023-04-09 00:00:00,organic,Ireland,iOS,approved,2023-04-13 00:00:00
2805,2023-06-28 00:00:00,referral,Ireland,Android,approved,2023-07-01 00:00:00
2806,2024-02-21 00:00:00,paid_ads,UK,Android,approved,2024-02-22 00:00:00
2807,2023-11-03 00:00:00,referral,UK,Android,rejected,
2808,2023-06-01 00:00:00,organic,UK,iOS,rejected,
2809,2024-10-10 00:00:00,paid_ads,UK,Android,approved,2024-10-14 00:00:00
2810,2024-04-07 00:00:00,organic,Ireland,iOS,approved,2024-04-10 00:00:00
2811,2023-05-21 00:00:00,affiliate,UK,iOS,approved,2023-05-24 00:00:00
2812,2023-06-23 00:00:00,organic,Ireland,iOS,approved,2023-06-26 00:00:00
2813,2024-03-01 00:00:00,referral,India,iOS,approved,2024-03-03 00:00:00
2814,2023-07-18 00:00:00,paid_ads,India,iOS,approved,2023-07-19 00:00:00
2815,2023-12-12 00:00:00,referral,India,iOS,approved,2023-12-17 00:00:00
2816,2023-06-13 00:00:00,paid_ads,India,iOS,pending,
2817,2024-02-28 00:00:00,organic,UK,iOS,pending,
2818,2023-02-22 00:00:00,paid_ads,Ireland,Android,approved,2023-02-25 00:00:00
2819,2024-08-21 00:00:00,referral,Ireland,iOS,approved,2024-08-23 00:00:00
2820,2024-08-05 00:00:00,paid_ads,UK,iOS,rejected,
2821,2024-08-29 00:00:00,paid_ads,India,Android,approved,2024-09-02 00:00:00
2822,2023-01-24 00:00:00,organic,India,iOS,approved,2023-01-29 00:00:00
2823,2023-09-06 00:00:00,organic,UK,iOS,rejected,
2824,2023-03-27 00:00:00,organic,India,iOS,approved,2023-03-29 00:00:00
2825,2024-10-14 00:00:00,paid_ads,Ireland,iOS,approved,2024-10-18 00:00:00
2826,2024-08-21 00:00:00,affiliate,Ireland,Android,pending,
2827,2023-12-10 00:00:00,paid_ads,UK,iOS,rejected,
2828,2023-05-26 00:00:00,referral,Ireland,iOS,approved,2023-05-31 00:00:00
2829,2024-01-12 00:00:00,referral,Ireland,Android,rejected,
2830,2024-07-23 00:00:00,referral,UK,Android,approved,2024-07-26 00:00:00
2831,2023-09-01 00:00:00,organic,UK,iOS,approved,2023-09-03 00:00:00
2832,2024-01-07 00:00:00,referral,Ireland,iOS,pending,
2833,2024-05-04 00:00:00,referral,India,Android,approved,2024-05-07 00:00:00
2834,2023-08-30 00:00:00,affiliate,Ireland,Android,approved,2023-09-01 00:00:00
2835,2023-11-24 00:00:00,organic,India,iOS,approved,2023-11-28 00:00:00
2836,2023-04-12 00:00:00,organic,UK,Android,rejected,
2837,2023-09-10 00:00:00,organic,Ireland,iOS,approved,2023-09-13 00:00:00
2838,2023-07-22 00:00:00,affiliate,Ireland,Android,approved,2023-07-27 00:00:00
2839,2024-01-24 00:00:00,organic,UK,Android,rejected,
2840,2023-05-31 00:00:00,referral,India,Android,rejected,
2841,2023-10-28 00:00:00,paid_ads,Ireland,iOS,pending,
2842,2023-02-04 00:00:00,organic,Ireland,Android,approved,2023-02-07 00:00:00
2843,2024-09-30 00:00:00,paid_ads,UK,Android,approved,2024-10-01 00:00:00
2844,2023-04-01 00:00:00,referral,Ireland,iOS,pending,
2845,2023-08-21 00:00:00,organic,India,Android,approved,2023-08-22 00:00:00
2846,2024-02-06 00:00:00,referral,UK,Android,pending,
2847,2024-09-22 00:00:00,paid_ads,UK,Android,approved,2024-09-23 00:00:00
2848,2024-09-02 00:00:00,paid_ads,Ireland,iOS,pending,
2849,2024-07-01 00:00:00,paid_ads,Ireland,iOS,approved,2024-07-03 00:00:00
2850,2024-04-13 00:00:00,organic,Ireland,iOS,approved,2024-04-14 00:00:00
2851,2024-10-16 00:00:00,referral,UK,iOS,pending,
2852,2024-09-08 00:00:00,organic,Ireland,Android,approved,2024-09-09 00:00:00
2853,2023-07-15 00:00:00,affiliate,UK,iOS,approved,2023-07-16 00:00:00
2854,2024-04-02 00:00:00,referral,UK,Android,pending,
2855,2023-03-28 00:00:00,referral,Ireland,iOS,approved,2023-03-31 00:00:00
2856,2024-12-26 00:00:00,referral,India,Android,approved,2024-12-27 00:00:00
2857,2023-08-12 00:00:00,paid_ads,UK,Android,approved,2023-08-16 00:00:00
2858,2024-01-20 00:00:00,paid_ads,UK,Android,approved,2024-01-25 00:00:00
2859,2023-08-19 00:00:00,referral,UK,iOS,rejected,
2860,2023-02-20 00:00:00,organic,India,iOS,approved,2023-02-23 00:00:00
2861,2023-04-23 00:00:00,affiliate,UK,iOS,approved,2023-04-26 00:00:00
2862,2024-05-30 00:00:00,referral,Ireland,Android,pending,
2863,2023-04-03 00:00:00,organic,Ireland,iOS,pending,
2864,2023-04-04 00:00:00,affiliate,UK,iOS,approved,2023-04-08 00:00:00
2865,2024-02-20 00:00:00,referral,UK,Android,approved,2024-02-24 00:00:00
2866,2024-05-16 00:00:00,paid_ads,UK,iOS,pending,
2867,2024-01-16 00:00:00,affiliate,India,Android,approved,2024-01-18 00:00:00
2868,2024-12-18 00:00:00,organic,Ireland,Android,rejected,
2869,2023-02-06 00:00:00,referral,India,Android,approved,2023-02-09 00:00:00
2870,2023-03-31 00:00:00,paid_ads,India,Android,pending,
2871,2024-04-21 00:00:00,paid_ads,India,Android,pending,
2872,2023-04-17 00:00:00,organic,UK,iOS,rejected,
2873,2023-09-01 00:00:00,paid_ads,Ireland,iOS,approved,2023-09-05 00:00:00
2874,2023-01-31 00:00:00,referral,UK,iOS,pending,
2875,2023-09-02 00:00:00,paid_ads,Ireland,Android,approved,2023-09-04 00:00:00
2876,2023-07-18 00:00:00,referral,Ireland,iOS,rejected,
2877,2023-06-29 00:00:00,organic,UK,iOS,approved,2023-07-02 00:00:00
2878,2024-04-23 00:00:00,organic,UK,Android,pending,
2879,2023-07-22 00:00:00,affiliate,Ireland,Android,approved,2023-07-25 00:00:00
2880,2023-10-03 00:00:00,paid_ads,Ireland,iOS,approved,2023-10-05 00:00:00
2881,2024-09-21 00:00:00,paid_ads,UK,iOS,approved,2024-09-25 00:00:00
2882,2023-04-26 00:00:00,paid_ads,India,Android,approved,2023-05-01 00:00:00
2883,2023-12-11 00:00:00,paid_ads,Ireland,Android,approved,2023-12-13 00:00:00
2884,2023-05-25 00:00:00,referral,UK,Android,approved,2023-05-28 00:00:00
2885,2024-07-26 00:00:00,affiliate,India,iOS,approved,2024-07-27 00:00:00
2886,2023-01-28 00:00:00,affiliate,UK,iOS,approved,2023-01-30 00:00:00
2887,2023-03-18 00:00:00,paid_ads,UK,iOS,approved,2023-03-20 00:00:00
2888,2023-12-23 00:00:00,referral,UK,iOS,approved,2023-12-24 00:00:00
2889,2023-12-16 00:00:00,paid_ads,UK,iOS,approved,2023-12-18 00:00:00
2890,2024-11-21 00:00:00,paid_ads,Ireland,Android,pending,
2891,2024-05-31 00:00:00,referral,India,Android,rejected,
2892,2023-06-27 00:00:00,paid_ads,Ireland,iOS,approved,2023-07-01 00:00:00
2893,2024-04-13 00:00:00,affiliate,India,iOS,rejected,
2894,2023-03-06 00:00:00,organic,Ireland,Android,pending,
2895,2024-09-30 00:00:00,referral,UK,Android,approved,2024-10-05 00:00:00
2896,2023-06-04 00:00:00,referral,Ireland,iOS,rejected,
2897,2023-02-11 00:00:00,organic,UK,iOS,approved,2023-02-15 00:00:00
2898,2023-09-07 00:00:00,organic,India,iOS,rejected,
2899,2024-10-27 00:00:00,organic,Ireland,Android,approved,2024-10-28 00:00:00
2900,2023-02-08 00:00:00,referral,UK,Android,pending,
2901,2023-09-22 00:00:00,paid_ads,UK,Android,approved,2023-09-26 00:00:00
2902,2024-08-10 00:00:00,paid_ads,UK,iOS,approved,2024-08-14 00:00:00
2903,2023-10-07 00:00:00,referral,India,iOS,approved,2023-10-09 00:00:00
2904,2024-06-09 00:00:00,affiliate,Ireland,Android,approved,2024-06-14 00:00:00
2905,2024-09-11 00:00:00,referral,Ireland,Android,approved,2024-09-13 00:00:00
2906,2024-07-28 00:00:00,organic,India,Android,rejected,
2907,2024-01-19 00:00:00,organic,Ireland,Android,pending,
2908,2023-03-26 00:00:00,organic,Ireland,iOS,approved,2023-03-28 00:00:00
2909,2024-11-01 00:00:00,referral,UK,iOS,approved,2024-11-04 00:00:00
2910,2024-11-09 00:00:00,referral,UK,iOS,approved,2024-11-11 00:00:00
2911,2023-10-27 00:00:00,organic,UK,Android,rejected,
2912,2024-04-12 00:00:00,paid_ads,Ireland,iOS,pending,
2913,2024-09-15 00:00:00,referral,Ireland,iOS,pending,
2914,2023-06-18 00:00:00,referral,Ireland,Android,approved,2023-06-22 00:00:00
2915,2024-03-21 00:00:00,referral,Ireland,Android,rejected,
2916,2024-06-17 00:00:00,referral,Ireland,Android,approved,2024-06-22 00:00:00
2917,2024-08-09 00:00:00,referral,Ireland,Android,approved,2024-08-11 00:00:00
2918,2023-04-10 00:00:00,paid_ads,UK,iOS,pending,
2919,2023-01-03 00:00:00,affiliate,Ireland,iOS,approved,2023-01-06 00:00:00
2920,2023-11-21 00:00:00,organic,Ireland,Android,approved,2023-11-25 00:00:00
2921,2023-11-05 00:00:00,organic,India,iOS,approved,2023-11-07 00:00:00
2922,2023-02-10 00:00:00,organic,UK,iOS,approved,2023-02-15 00:00:00
2923,2023-04-19 00:00:00,organic,Ireland,iOS,approved,2023-04-23 00:00:00
2924,2023-11-17 00:00:00,affiliate,Ireland,Android,pending,
2925,2024-08-31 00:00:00,paid_ads,UK,iOS,approved,2024-09-04 00:00:00
2926,2023-05-27 00:00:00,paid_ads,India,Android,approved,2023-05-29 00:00:00
2927,2023-03-27 00:00:00,affiliate,Ireland,Android,approved,2023-03-28 00:00:00
2928,2024-11-01 00:00:00,affiliate,UK,iOS,rejected,
2929,2023-03-30 00:00:00,organic,UK,Android,approved,2023-03-31 00:00:00
2930,2023-04-20 00:00:00,organic,Ireland,Android,approved,2023-04-21 00:00:00
2931,2023-11-13 00:00:00,paid_ads,UK,Android,approved,2023-11-17 00:00:00
2932,2023-09-17 00:00:00,organic,Ireland,Android,rejected,
2933,2023-10-22 00:00:00,affiliate,UK,iOS,pending,
2934,2023-10-20 00:00:00,paid_ads,UK,iOS,rejected,
2935,2024-03-15 00:00:00,paid_ads,UK,iOS,approved,2024-03-16 00:00:00
2936,2024-04-28 00:00:00,affiliate,Ireland,Android,pending,
2937,2023-03-26 00:00:00,paid_ads,UK,Android,pending,
2938,2023-06-28 00:00:00,referral,UK,iOS,approved,2023-06-30 00:00:00
2939,2023-02-20 00:00:00,paid_ads,Ireland,Android,pending,
2940,2024-09-12 00:00:00,referral,UK,iOS,approved,2024-09-14 00:00:00
2941,2023-03-29 00:00:00,affiliate,Ireland,iOS,pending,
2942,2024-06-23 00:00:00,affiliate,India,iOS,approved,2024-06-24 00:00:00
2943,2023-02-15 00:00:00,organic,Ireland,iOS,approved,2023-02-20 00:00:00
2944,2023-07-20 00:00:00,paid_ads,India,iOS,pending,
2945,2024-05-03 00:00:00,organic,Ireland,Android,approved,2024-05-05 00:00:00
2946,2024-10-08 00:00:00,organic,India,iOS,rejected,
2947,2024-08-27 00:00:00,organic,UK,Android,rejected,
2948,2024-06-29 00:00:00,organic,UK,iOS,rejected,
2949,2023-05-21 00:00:00,organic,Ireland,Android,approved,2023-05-26 00:00:00
2950,2024-11-28 00:00:00,paid_ads,UK,Android,approved,2024-12-03 00:00:00
2951,2023-08-24 00:00:00,paid_ads,UK,Android,rejected,
2952,2023-01-25 00:00:00,paid_ads,Ireland,Android,rejected,
2953,2024-11-12 00:00:00,organic,Ireland,Android,approved,2024-11-14 00:00:00
2954,2024-01-07 00:00:00,affiliate,Ireland,Android,approved,2024-01-10 00:00:00
2955,2024-02-13 00:00:00,affiliate,UK,iOS,rejected,
2956,2024-02-02 00:00:00,organic,UK,iOS,pending,
2957,2024-08-24 00:00:00,referral,UK,Android,approved,2024-08-26 00:00:00
2958,2024-03-11 00:00:00,affiliate,Ireland,iOS,approved,2024-03-12 00:00:00
2959,2024-04-01 00:00:00,affiliate,UK,Android,pending,
2960,2023-12-09 00:00:00,referral,UK,iOS,pending,
2961,2024-02-28 00:00:00,affiliate,UK,Android,pending,
2962,2023-11-24 00:00:00,referral,UK,Android,rejected,
2963,2024-11-10 00:00:00,affiliate,India,Android,approved,2024-11-15 00:00:00
2964,2024-08-01 00:00:00,organic,UK,Android,approved,2024-08-06 00:00:00
2965,2024-08-17 00:00:00,organic,India,iOS,approved,2024-08-18 00:00:00
2966,2024-08-16 00:00:00,paid_ads,India,Android,approved,2024-08-19 00:00:00
2967,2024-01-08 00:00:00,organic,UK,Android,rejected,
2968,2023-08-19 00:00:00,affiliate,Ireland,iOS,pending,
2969,2023-04-17 00:00:00,referral,Ireland,iOS,approved,2023-04-20 00:00:00
2970,2024-05-06 00:00:00,referral,Ireland,iOS,rejected,
2971,2024-07-28 00:00:00,organic,Ireland,iOS,approved,2024-08-02 00:00:00
2972,2024-10-01 00:00:00,organic,UK,iOS,rejected,
2973,2023-12-16 00:00:00,referral,UK,iOS,approved,2023-12-17 00:00:00
2974,2023-07-02 00:00:00,organic,India,iOS,approved,2023-07-05 00:00:00
2975,2024-11-11 00:00:00,organic,Ireland,iOS,approved,2024-11-13 00:00:00
2976,2023-04-01 00:00:00,organic,India,Android,pending,
2977,2023-10-23 00:00:00,organic,Ireland,iOS,approved,2023-10-24 00:00:00
2978,2023-10-14 00:00:00,paid_ads,Ireland,iOS,approved,2023-10-15 00:00:00
2979,2023-10-08 00:00:00,referral,UK,Android,rejected,
2980,2023-04-04 00:00:00,referral,India,iOS,approved,2023-04-07 00:00:00
2981,2024-10-19 00:00:00,affiliate,Ireland,Android,approved,2024-10-24 00:00:00
2982,2024-01-04 00:00:00,referral,Ireland,Android,approved,2024-01-06 00:00:00
2983,2023-04-25 00:00:00,paid_ads,Ireland,Android,approved,2023-04-27 00:00:00
2984,2024-10-30 00:00:00,paid_ads,UK,iOS,rejected,
2985,2023-02-22 00:00:00,organic,Ireland,iOS,approved,2023-02-27 00:00:00
2986,2023-07-27 00:00:00,referral,UK,iOS,pending,
2987,2024-10-23 00:00:00,organic,Ireland,Android,pending,
2988,2024-04-19 00:00:00,paid_ads,Ireland,iOS,pending,
2989,2023-08-21 00:00:00,paid_ads,India,iOS,approved,2023-08-24 00:00:00
2990,2023-07-10 00:00:00,paid_ads,UK,iOS,rejected,
2991,2023-06-11 00:00:00,referral,UK,Android,approved,2023-06-14 00:00:00
2992,2023-01-22 00:00:00,organic,Ireland,iOS,rejected,
2993,2023-11-09 00:00:00,paid_ads,Ireland,iOS,rejected,
2994,2023-10-09 00:00:00,paid_ads,UK,iOS,approved,2023-10-11 00:00:00
2995,2023-03-24 00:00:00,referral,India,iOS,pending,
2996,2023-07-03 00:00:00,organic,Ireland,iOS,approved,2023-07-05 00:00:00
2997,2024-09-25 00:00:00,organic,Ireland,iOS,approved,2024-09-26 00:00:00
2998,2024-10-10 00:00:00,paid_ads,India,Android,pending,
2999,2024-12-22 00:00:00,organic,Ireland,Android,pending,
3000,2024-04-30 00:00:00,organic,India,Android,pending,
3001,2023-04-08 00:00:00,paid_ads,UK,iOS,approved,2023-04-11 00:00:00
3002,2024-01-26 00:00:00,affiliate,Ireland,iOS,rejected,
3003,2024-04-25 00:00:00,organic,UK,iOS,approved,2024-04-26 00:00:00
3004,2023-11-03 00:00:00,paid_ads,UK,Android,approved,2023-11-08 00:00:00
3005,2023-02-03 00:00:00,paid_ads,Ireland,iOS,pending,
3006,2024-05-15 00:00:00,paid_ads,Ireland,iOS,rejected,
3007,2024-01-04 00:00:00,referral,India,iOS,approved,2024-01-07 00:00:00
3008,2024-05-17 00:00:00,organic,UK,Android,approved,2024-05-18 00:00:00
3009,2023-06-25 00:00:00,referral,India,iOS,approved,2023-06-29 00:00:00
3010,2023-06-30 00:00:00,paid_ads,Ireland,Android,pending,
3011,2024-07-25 00:00:00,referral,UK,Android,approved,2024-07-29 00:00:00
3012,2024-05-06 00:00:00,organic,Ireland,iOS,approved,2024-05-11 00:00:00
3013,2024-07-23 00:00:00,paid_ads,Ireland,iOS,approved,2024-07-28 00:00:00
3014,2023-09-15 00:00:00,paid_ads,India,iOS,approved,2023-09-16 00:00:00
3015,2024-08-05 00:00:00,paid_ads,India,iOS,pending,
3016,2024-01-22 00:00:00,affiliate,UK,iOS,pending,
3017,2023-07-28 00:00:00,referral,Ireland,Android,approved,2023-08-02 00:00:00
3018,2024-04-27 00:00:00,paid_ads,UK,iOS,approved,2024-05-02 00:00:00
3019,2024-10-04 00:00:00,referral,Ireland,Android,approved,2024-10-08 00:00:00
3020,2023-05-15 00:00:00,affiliate,UK,iOS,approved,2023-05-16 00:00:00
3021,2024-04-12 00:00:00,affiliate,UK,Android,rejected,
3022,2023-04-08 00:00:00,referral,UK,iOS,approved,2023-04-13 00:00:00
3023,2024-01-23 00:00:00,referral,India,iOS,approved,2024-01-28 00:00:00
3024,2024-08-25 00:00:00,referral,Ireland,iOS,pending,
3025,2023-05-12 00:00:00,paid_ads,India,iOS,pending,
3026,2023-05-03 00:00:00,affiliate,UK,iOS,pending,
3027,2024-10-03 00:00:00,referral,India,iOS,approved,2024-10-06 00:00:00
3028,2023-10-19 00:00:00,referral,UK,iOS,rejected,
3029,2023-06-13 00:00:00,affiliate,Ireland,iOS,pending,
3030,2023-06-26 00:00:00,paid_ads,UK,iOS,approved,2023-06-30 00:00:00
3031,2024-05-21 00:00:00,referral,UK,Android,approved,2024-05-23 00:00:00
3032,2023-09-23 00:00:00,referral,Ireland,iOS,approved,2023-09-25 00:00:00
3033,2024-07-01 00:00:00,referral,India,iOS,approved,2024-07-06 00:00:00
3034,2024-09-30 00:00:00,paid_ads,UK,iOS,rejected,
3035,2023-03-16 00:00:00,referral,UK,Android,approved,2023-03-20 00:00:00
3036,2024-08-06 00:00:00,paid_ads,UK,iOS,rejected,
3037,2023-02-09 00:00:00,organic,India,Android,approved,2023-02-14 00:00:00
3038,2023-11-13 00:00:00,paid_ads,Ireland,Android,pending,
3039,2024-08-03 00:00:00,organic,UK,iOS,rejected,
3040,2023-09-10 00:00:00,paid_ads,India,Android,pending,
3041,2024-06-02 00:00:00,referral,UK,Android,approved,2024-06-04 00:00:00
3042,2024-04-08 00:00:00,organic,Ireland,iOS,pending,
3043,2024-01-01 00:00:00,organic,Ireland,Android,rejected,
3044,2024-08-13 00:00:00,referral,UK,iOS,pending,
3045,2023-03-06 00:00:00,affiliate,Ireland,iOS,approved,2023-03-10 00:00:00
3046,2023-12-11 00:00:00,referral,India,iOS,approved,2023-12-16 00:00:00
3047,2023-12-21 00:00:00,paid_ads,UK,Android,approved,2023-12-24 00:00:00
3048,2024-01-09 00:00:00,paid_ads,Ireland,Android,approved,2024-01-14 00:00:00
3049,2024-09-27 00:00:00,paid_ads,Ireland,iOS,rejected,
3050,2024-07-03 00:00:00,affiliate,UK,iOS,approved,2024-07-04 00:00:00
3051,2024-02-24 00:00:00,paid_ads,UK,Android,pending,
3052,2023-07-04 00:00:00,paid_ads,Ireland,Android,approved,2023-07-07 00:00:00
3053,2023-02-26 00:00:00,organic,Ireland,iOS,pending,
3054,2023-05-12 00:00:00,paid_ads,Ireland,iOS,approved,2023-05-15 00:00:00
3055,2024-03-28 00:00:00,referral,India,Android,pending,
3056,2024-09-27 00:00:00,paid_ads,Ireland,Android,approved,2024-09-30 00:00:00
3057,2024-12-09 00:00:00,organic,UK,iOS,approved,2024-12-13 00:00:00
3058,2024-05-08 00:00:00,referral,UK,Android,rejected,
3059,2023-09-23 00:00:00,referral,UK,Android,approved,2023-09-28 00:00:00
3060,2024-03-13 00:00:00,organic,Ireland,Android,approved,2024-03-15 00:00:00
3061,2023-06-14 00:00:00,organic,India,Android,approved,2023-06-18 00:00:00
3062,2024-02-05 00:00:00,affiliate,Ireland,iOS,rejected,
3063,2023-06-15 00:00:00,affiliate,Ireland,iOS,approved,2023-06-17 00:00:00
3064,2023-06-08 00:00:00,affiliate,India,iOS,approved,2023-06-13 00:00:00
3065,2024-05-15 00:00:00,affiliate,UK,iOS,approved,2024-05-19 00:00:00
3066,2023-04-01 00:00:00,organic,India,Android,pending,
3067,2024-03-15 00:00:00,referral,Ireland,iOS,pending,
3068,2023-01-08 00:00:00,paid_ads,UK,Android,approved,2023-01-10 00:00:00
3069,2023-07-09 00:00:00,paid_ads,Ireland,Android,approved,2023-07-14 00:00:00
3070,2023-11-22 00:00:00,paid_ads,Ireland,iOS,approved,2023-11-25 00:00:00
3071,2023-02-21 00:00:00,affiliate,Ireland,iOS,approved,2023-02-22 00:00:00
3072,2023-02-02 00:00:00,organic,India,iOS,rejected,
3073,2023-02-13 00:00:00,paid_ads,Ireland,iOS,rejected,
3074,2024-11-06 00:00:00,affiliate,Ireland,iOS,pending,
3075,2024-02-01 00:00:00,affiliate,UK,Android,approved,2024-02-04 00:00:00
3076,2024-03-05 00:00:00,paid_ads,India,Android,approved,2024-03-06 00:00:00
3077,2024-09-25 00:00:00,organic,Ireland,Android,approved,2024-09-28 00:00:00
3078,2023-02-04 00:00:00,organic,Ireland,iOS,approved,2023-02-06 00:00:00
3079,2024-11-10 00:00:00,paid_ads,Ireland,iOS,rejected,
3080,2023-05-03 00:00:00,paid_ads,Ireland,iOS,approved,2023-05-08 00:00:00
3081,2024-12-04 00:00:00,paid_ads,UK,Android,pending,
3082,2023-05-04 00:00:00,affiliate,UK,iOS,approved,2023-05-09 00:00:00
3083,2023-08-09 00:00:00,referral,UK,iOS,pending,
3084,2024-05-25 00:00:00,organic,Ireland,Android,approved,2024-05-28 00:00:00
3085,2023-08-20 00:00:00,paid_ads,UK,Android,pending,
3086,2024-07-31 00:00:00,organic,Ireland,Android,approved,2024-08-03 00:00:00
3087,2023-05-09 00:00:00,paid_ads,India,Android,approved,2023-05-11 00:00:00
3088,2023-08-11 00:00:00,paid_ads,UK,iOS,pending,
3089,2023-07-07 00:00:00,referral,UK,iOS,pending,
3090,2023-05-03 00:00:00,referral,Ireland,Android,rejected,
3091,2024-10-26 00:00:00,paid_ads,Ireland,Android,approved,2024-10-29 00:00:00
3092,2023-07-05 00:00:00,referral,Ireland,iOS,rejected,
3093,2024-12-14 00:00:00,referral,Ireland,Android,pending,
3094,2024-01-23 00:00:00,referral,UK,Android,approved,2024-01-26 00:00:00
3095,2024-12-24 00:00:00,affiliate,UK,Android,approved,2024-12-28 00:00:00
3096,2023-01-05 00:00:00,referral,Ireland,iOS,approved,2023-01-10 00:00:00
3097,2024-06-24 00:00:00,organic,UK,iOS,approved,2024-06-29 00:00:00
3098,2024-08-21 00:00:00,organic,Ireland,Android,approved,2024-08-22 00:00:00
3099,2023-04-15 00:00:00,affiliate,Ireland,Android,approved,2023-04-19 00:00:00
3100,2023-06-13 00:00:00,referral,Ireland,Android,pending,
3101,2024-03-26 00:00:00,organic,UK,iOS,approved,2024-03-27 00:00:00
3102,2023-08-10 00:00:00,referral,UK,iOS,approved,2023-08-11 00:00:00
3103,2024-08-20 00:00:00,referral,UK,Android,rejected,
3104,2023-11-22 00:00:00,referral,UK,iOS,approved,2023-11-23 00:00:00
3105,2024-05-09 00:00:00,referral,UK,iOS,approved,2024-05-11 00:00:00
3106,2023-04-30 00:00:00,affiliate,Ireland,iOS,pending,
3107,2023-10-10 00:00:00,referral,UK,Android,approved,2023-10-13 00:00:00
3108,2023-01-12 00:00:00,referral,Ireland,Android,pending,
3109,2024-11-19 00:00:00,paid_ads,India,Android,approved,2024-11-24 00:00:00
3110,2023-05-11 00:00:00,affiliate,UK,Android,pending,
3111,2024-01-24 00:00:00,referral,UK,iOS,approved,2024-01-26 00:00:00
3112,2023-01-06 00:00:00,organic,UK,iOS,approved,2023-01-09 00:00:00
3113,2023-11-30 00:00:00,affiliate,UK,Android,approved,2023-12-01 00:00:00
3114,2024-07-07 00:00:00,referral,Ireland,Android,approved,2024-07-10 00:00:00
3115,2024-02-11 00:00:00,organic,UK,iOS,pending,
3116,2023-03-17 00:00:00,referral,Ireland,Android,approved,2023-03-20 00:00:00
3117,2024-05-01 00:00:00,paid_ads,UK,iOS,approved,2024-05-04 00:00:00
3118,2023-04-26 00:00:00,paid_ads,UK,iOS,rejected,
3119,2024-04-28 00:00:00,organic,UK,iOS,approved,2024-04-30 00:00:00
3120,2024-12-08 00:00:00,paid_ads,Ireland,iOS,pending,
3121,2024-04-24 00:00:00,organic,UK,Android,approved,2024-04-28 00:00:00
3122,2023-04-02 00:00:00,referral,Ireland,iOS,approved,2023-04-05 00:00:00
3123,2023-11-14 00:00:00,organic,UK,Android,approved,2023-11-15 00:00:00
3124,2024-02-13 00:00:00,organic,UK,Android,pending,
3125,2024-01-03 00:00:00,paid_ads,UK,iOS,pending,
3126,2023-03-31 00:00:00,paid_ads,Ireland,iOS,approved,2023-04-03 00:00:00
3127,2024-10-01 00:00:00,affiliate,India,Android,approved,2024-10-04 00:00:00
3128,2024-10-09 00:00:00,organic,India,iOS,approved,2024-10-11 00:00:00
3129,2023-06-27 00:00:00,referral,Ireland,Android,pending,
3130,2024-07-24 00:00:00,affiliate,Ireland,Android,approved,2024-07-29 00:00:00
3131,2024-05-10 00:00:00,affiliate,Ireland,Android,rejected,
3132,2024-09-11 00:00:00,affiliate,Ireland,Android,pending,
3133,2023-12-05 00:00:00,organic,Ireland,iOS,approved,2023-12-08 00:00:00
3134,2023-10-10 00:00:00,organic,India,Android,approved,2023-10-15 00:00:00
3135,2024-10-17 00:00:00,referral,Ireland,iOS,approved,2024-10-21 00:00:00
3136,2023-02-07 00:00:00,organic,India,Android,approved,2023-02-11 00:00:00
3137,2024-11-23 00:00:00,paid_ads,Ireland,iOS,rejected,
3138,2024-11-29 00:00:00,referral,Ireland,Android,approved,2024-12-01 00:00:00
3139,2024-03-04 00:00:00,organic,UK,iOS,rejected,
3140,2023-10-25 00:00:00,referral,India,iOS,rejected,
3141,2023-11-30 00:00:00,affiliate,Ireland,Android,rejected,
3142,2024-11-24 00:00:00,paid_ads,UK,iOS,approved,2024-11-27 00:00:00
3143,2024-08-29 00:00:00,referral,Ireland,iOS,approved,2024-09-01 00:00:00
3144,2024-12-02 00:00:00,referral,UK,Android,pending,
3145,2023-02-18 00:00:00,paid_ads,Ireland,iOS,pending,
3146,2023-11-24 00:00:00,referral,UK,Android,pending,
3147,2024-05-31 00:00:00,referral,Ireland,Android,rejected,
3148,2023-09-19 00:00:00,paid_ads,UK,iOS,approved,2023-09-21 00:00:00
3149,2024-02-02 00:00:00,paid_ads,Ireland,Android,approved,2024-02-04 00:00:00
3150,2023-08-13 00:00:00,referral,India,iOS,approved,2023-08-17 00:00:00
3151,2023-04-29 00:00:00,referral,India,iOS,approved,2023-05-03 00:00:00
3152,2024-09-30 00:00:00,paid_ads,Ireland,Android,pending,
3153,2023-03-07 00:00:00,referral,UK,iOS,pending,
3154,2023-03-03 00:00:00,organic,UK,iOS,approved,2023-03-04 00:00:00
3155,2024-05-21 00:00:00,paid_ads,India,Android,pending,
3156,2023-03-24 00:00:00,paid_ads,Ireland,Android,approved,2023-03-29 00:00:00
3157,2023-11-10 00:00:00,referral,India,iOS,approved,2023-11-13 00:00:00
3158,2023-06-22 00:00:00,paid_ads,UK,iOS,approved,2023-06-24 00:00:00
3159,2023-05-26 00:00:00,paid_ads,UK,iOS,approved,2023-05-30 00:00:00
3160,2023-03-29 00:00:00,organic,Ireland,Android,pending,
3161,2024-04-01 00:00:00,paid_ads,India,Android,approved,2024-04-06 00:00:00
3162,2024-05-09 00:00:00,paid_ads,UK,Android,pending,
3163,2023-08-01 00:00:00,affiliate,Ireland,iOS,approved,2023-08-02 00:00:00
3164,2023-09-07 00:00:00,organic,UK,Android,approved,2023-09-11 00:00:00
3165,2024-10-20 00:00:00,referral,UK,iOS,pending,
3166,2024-02-01 00:00:00,organic,India,iOS,rejected,
3167,2024-07-23 00:00:00,referral,India,iOS,pending,
3168,2023-04-16 00:00:00,organic,Ireland,Android,rejected,
3169,2023-03-31 00:00:00,referral,UK,iOS,approved,2023-04-01 00:00:00
3170,2024-09-24 00:00:00,paid_ads,UK,Android,approved,2024-09-29 00:00:00
3171,2024-03-19 00:00:00,organic,Ireland,iOS,rejected,
3172,2023-09-23 00:00:00,paid_ads,Ireland,Android,approved,2023-09-28 00:00:00
3173,2024-03-19 00:00:00,paid_ads,Ireland,Android,approved,2024-03-21 00:00:00
3174,2023-12-30 00:00:00,paid_ads,Ireland,Android,approved,2024-01-02 00:00:00
3175,2024-03-07 00:00:00,organic,Ireland,iOS,approved,2024-03-09 00:00:00
3176,2024-07-29 00:00:00,organic,UK,Android,pending,
3177,2024-10-01 00:00:00,paid_ads,UK,Android,rejected,
3178,2024-10-19 00:00:00,organic,India,iOS,approved,2024-10-20 00:00:00
3179,2024-01-03 00:00:00,affiliate,Ireland,Android,pending,
3180,2024-05-03 00:00:00,organic,Ireland,Android,approved,2024-05-04 00:00:00
3181,2024-09-14 00:00:00,paid_ads,India,Android,approved,2024-09-17 00:00:00
3182,2024-09-12 00:00:00,paid_ads,Ireland,Android,pending,
3183,2024-07-29 00:00:00,referral,UK,Android,approved,2024-08-03 00:00:00
3184,2023-02-10 00:00:00,referral,UK,iOS,approved,2023-02-12 00:00:00
3185,2023-10-29 00:00:00,paid_ads,UK,iOS,approved,2023-10-31 00:00:00
3186,2024-12-04 00:00:00,paid_ads,India,iOS,pending,
3187,2024-10-21 00:00:00,paid_ads,India,Android,pending,
3188,2024-01-06 00:00:00,referral,UK,iOS,approved,2024-01-09 00:00:00
3189,2024-08-19 00:00:00,paid_ads,UK,iOS,rejected,
3190,2024-10-22 00:00:00,affiliate,UK,Android,approved,2024-10-25 00:00:00
3191,2023-02-25 00:00:00,referral,Ireland,iOS,approved,2023-02-26 00:00:00
3192,2024-03-11 00:00:00,organic,UK,iOS,approved,2024-03-16 00:00:00
3193,2024-12-07 00:00:00,organic,Ireland,Android,approved,2024-12-09 00:00:00
3194,2024-04-05 00:00:00,referral,Ireland,iOS,approved,2024-04-10 00:00:00
3195,2023-01-29 00:00:00,organic,Ireland,iOS,approved,2023-01-30 00:00:00
3196,2023-06-13 00:00:00,paid_ads,Ireland,iOS,approved,2023-06-16 00:00:00
3197,2024-08-26 00:00:00,organic,Ireland,Android,approved,2024-08-30 00:00:00
3198,2024-03-26 00:00:00,paid_ads,Ireland,Android,pending,
3199,2023-01-02 00:00:00,paid_ads,UK,iOS,pending,
3200,2024-04-18 00:00:00,paid_ads,Ireland,iOS,approved,2024-04-21 00:00:00
3201,2023-03-03 00:00:00,organic,Ireland,iOS,approved,2023-03-07 00:00:00
3202,2023-06-17 00:00:00,paid_ads,Ireland,iOS,approved,2023-06-19 00:00:00
3203,2024-02-28 00:00:00,affiliate,UK,Android,pending,
3204,2023-11-13 00:00:00,referral,UK,iOS,pending,
3205,2023-01-15 00:00:00,paid_ads,Ireland,Android,rejected,
3206,2024-03-21 00:00:00,affiliate,UK,Android,approved,2024-03-24 00:00:00
3207,2024-01-30 00:00:00,paid_ads,India,Android,approved,2024-02-04 00:00:00
3208,2024-02-15 00:00:00,referral,UK,iOS,approved,2024-02-18 00:00:00
3209,2023-10-15 00:00:00,paid_ads,Ireland,Android,rejected,
3210,2024-09-14 00:00:00,paid_ads,India,iOS,approved,2024-09-16 00:00:00
3211,2024-06-05 00:00:00,paid_ads,Ireland,iOS,pending,
3212,2023-10-02 00:00:00,paid_ads,UK,Android,approved,2023-10-07 00:00:00
3213,2023-04-08 00:00:00,referral,Ireland,Android,approved,2023-04-12 00:00:00
3214,2024-08-22 00:00:00,organic,Ireland,iOS,approved,2024-08-24 00:00:00
3215,2024-08-07 00:00:00,organic,India,iOS,rejected,
3216,2024-07-09 00:00:00,referral,UK,Android,approved,2024-07-14 00:00:00
3217,2024-12-14 00:00:00,referral,Ireland,Android,approved,2024-12-17 00:00:00
3218,2024-01-29 00:00:00,referral,Ireland,iOS,approved,2024-01-31 00:00:00
3219,2023-01-20 00:00:00,organic,UK,iOS,pending,
3220,2024-02-02 00:00:00,paid_ads,India,iOS,pending,
3221,2023-08-31 00:00:00,referral,Ireland,iOS,approved,2023-09-01 00:00:00
3222,2023-03-19 00:00:00,referral,UK,iOS,approved,2023-03-23 00:00:00
3223,2023-04-25 00:00:00,affiliate,Ireland,Android,approved,2023-04-29 00:00:00
3224,2024-01-04 00:00:00,paid_ads,India,iOS,rejected,
3225,2023-11-02 00:00:00,paid_ads,Ireland,iOS,pending,
3226,2024-06-25 00:00:00,paid_ads,UK,Android,approved,2024-06-27 00:00:00
3227,2023-06-25 00:00:00,paid_ads,India,Android,approved,2023-06-29 00:00:00
3228,2024-08-03 00:00:00,referral,Ireland,iOS,pending,
3229,2023-11-17 00:00:00,organic,Ireland,iOS,pending,
3230,2023-09-04 00:00:00,paid_ads,UK,iOS,approved,2023-09-09 00:00:00
3231,2024-03-28 00:00:00,paid_ads,Ireland,iOS,pending,
3232,2023-02-15 00:00:00,organic,Ireland,Android,pending,
3233,2024-04-28 00:00:00,referral,UK,iOS,approved,2024-05-03 00:00:00
3234,2024-04-03 00:00:00,paid_ads,UK,iOS,approved,2024-04-07 00:00:00
3235,2023-04-18 00:00:00,paid_ads,Ireland,Android,approved,2023-04-23 00:00:00
3236,2023-12-20 00:00:00,referral,UK,iOS,rejected,
3237,2023-08-11 00:00:00,organic,Ireland,iOS,pending,
3238,2023-09-04 00:00:00,referral,Ireland,Android,approved,2023-09-07 00:00:00
3239,2023-03-26 00:00:00,referral,Ireland,iOS,pending,
3240,2023-11-24 00:00:00,affiliate,UK,iOS,rejected,
3241,2023-09-04 00:00:00,paid_ads,UK,iOS,approved,2023-09-07 00:00:00
3242,2024-07-07 00:00:00,affiliate,Ireland,iOS,approved,2024-07-12 00:00:00
3243,2024-10-13 00:00:00,referral,Ireland,Android,approved,2024-10-16 00:00:00
3244,2024-11-20 00:00:00,affiliate,Ireland,Android,rejected,
3245,2024-08-19 00:00:00,paid_ads,Ireland,Android,rejected,
3246,2023-06-29 00:00:00,referral,Ireland,Android,rejected,
3247,2024-10-17 00:00:00,paid_ads,Ireland,Android,approved,2024-10-22 00:00:00
3248,2023-05-15 00:00:00,paid_ads,UK,Android,pending,
3249,2023-07-02 00:00:00,referral,UK,iOS,rejected,
3250,2024-05-11 00:00:00,organic,UK,Android,pending,
3251,2023-10-03 00:00:00,referral,UK,Android,approved,2023-10-06 00:00:00
3252,2024-01-31 00:00:00,affiliate,India,Android,approved,2024-02-05 00:00:00
3253,2023-04-26 00:00:00,referral,UK,iOS,approved,2023-04-28 00:00:00
3254,2023-10-30 00:00:00,organic,UK,iOS,rejected,
3255,2023-07-17 00:00:00,affiliate,Ireland,Android,pending,
3256,2023-03-07 00:00:00,organic,India,Android,approved,2023-03-09 00:00:00
3257,2024-12-29 00:00:00,paid_ads,Ireland,iOS,approved,2025-01-01 00:00:00
3258,2024-03-09 00:00:00,paid_ads,Ireland,Android,pending,
3259,2023-04-09 00:00:00,paid_ads,Ireland,Android,rejected,
3260,2023-08-03 00:00:00,referral,UK,iOS,approved,2023-08-05 00:00:00
3261,2023-09-04 00:00:00,referral,Ireland,iOS,approved,2023-09-06 00:00:00
3262,2024-07-20 00:00:00,organic,UK,Android,rejected,
3263,2024-09-01 00:00:00,organic,India,iOS,approved,2024-09-04 00:00:00
3264,2024-03-06 00:00:00,affiliate,India,iOS,approved,2024-03-10 00:00:00
3265,2024-03-26 00:00:00,organic,Ireland,Android,approved,2024-03-31 00:00:00
3266,2023-06-12 00:00:00,affiliate,India,Android,pending,
3267,2024-06-08 00:00:00,referral,India,Android,approved,2024-06-12 00:00:00
3268,2024-10-19 00:00:00,affiliate,Ireland,iOS,approved,2024-10-23 00:00:00
3269,2023-08-20 00:00:00,organic,India,Android,rejected,
3270,2024-12-20 00:00:00,paid_ads,Ireland,Android,pending,
3271,2023-01-31 00:00:00,organic,UK,iOS,approved,2023-02-04 00:00:00
3272,2024-08-19 00:00:00,organic,UK,Android,approved,2024-08-23 00:00:00
3273,2024-09-26 00:00:00,paid_ads,India,iOS,approved,2024-09-29 00:00:00
3274,2024-03-05 00:00:00,organic,UK,iOS,pending,
3275,2023-11-29 00:00:00,referral,Ireland,iOS,pending,
3276,2023-04-15 00:00:00,paid_ads,Ireland,iOS,approved,2023-04-20 00:00:00
3277,2023-02-03 00:00:00,referral,Ireland,iOS,approved,2023-02-06 00:00:00
3278,2024-07-12 00:00:00,paid_ads,UK,Android,pending,
3279,2023-06-20 00:00:00,referral,UK,Android,approved,2023-06-21 00:00:00
3280,2024-01-17 00:00:00,paid_ads,India,Android,pending,
3281,2023-07-05 00:00:00,paid_ads,Ireland,iOS,rejected,
3282,2023-10-15 00:00:00,affiliate,Ireland,iOS,approved,2023-10-18 00:00:00
3283,2023-03-28 00:00:00,affiliate,UK,iOS,approved,2023-04-02 00:00:00
3284,2023-10-18 00:00:00,organic,UK,Android,approved,2023-10-21 00:00:00
3285,2023-03-28 00:00:00,paid_ads,Ireland,Android,pending,
3286,2023-08-06 00:00:00,organic,UK,iOS,approved,2023-08-10 00:00:00
3287,2023-06-14 00:00:00,affiliate,India,iOS,approved,2023-06-17 00:00:00
3288,2023-01-18 00:00:00,affiliate,UK,Android,approved,2023-01-21 00:00:00
3289,2023-07-01 00:00:00,organic,UK,iOS,pending,
3290,2023-02-06 00:00:00,organic,India,iOS,approved,2023-02-10 00:00:00
3291,2023-01-08 00:00:00,paid_ads,Ireland,Android,approved,2023-01-11 00:00:00
3292,2024-10-17 00:00:00,affiliate,Ireland,iOS,approved,2024-10-22 00:00:00
3293,2024-05-01 00:00:00,paid_ads,Ireland,iOS,approved,2024-05-02 00:00:00
3294,2024-02-22 00:00:00,organic,Ireland,Android,approved,2024-02-24 00:00:00
3295,2023-06-22 00:00:00,referral,Ireland,iOS,approved,2023-06-26 00:00:00
3296,2024-03-29 00:00:00,paid_ads,Ireland,iOS,pending,
3297,2024-03-21 00:00:00,affiliate,UK,iOS,approved,2024-03-22 00:00:00
3298,2023-01-24 00:00:00,referral,India,iOS,approved,2023-01-26 00:00:00
3299,2023-01-29 00:00:00,organic,UK,Android,rejected,
3300,2024-05-10 00:00:00,referral,Ireland,iOS,pending,
3301,2023-04-10 00:00:00,referral,UK,Android,pending,
3302,2024-07-23 00:00:00,organic,UK,iOS,approved,2024-07-28 00:00:00
3303,2023-08-07 00:00:00,paid_ads,Ireland,Android,approved,2023-08-10 00:00:00
3304,2023-02-18 00:00:00,organic,UK,iOS,pending,
3305,2023-06-21 00:00:00,paid_ads,UK,Android,approved,2023-06-22 00:00:00
3306,2024-01-02 00:00:00,referral,Ireland,iOS,pending,
3307,2023-06-19 00:00:00,paid_ads,Ireland,iOS,approved,2023-06-22 00:00:00
3308,2024-08-19 00:00:00,organic,UK,iOS,approved,2024-08-22 00:00:00
3309,2023-07-30 00:00:00,organic,UK,iOS,pending,
3310,2023-06-25 00:00:00,organic,Ireland,iOS,rejected,
3311,2023-05-31 00:00:00,organic,Ireland,Android,approved,2023-06-05 00:00:00
3312,2024-08-30 00:00:00,referral,Ireland,Android,rejected,
3313,2023-06-26 00:00:00,paid_ads,Ireland,iOS,approved,2023-07-01 00:00:00
3314,2024-10-27 00:00:00,paid_ads,India,iOS,pending,
3315,2023-10-07 00:00:00,paid_ads,UK,Android,approved,2023-10-12 00:00:00
3316,2024-07-31 00:00:00,paid_ads,Ireland,Android,approved,2024-08-01 00:00:00
3317,2024-10-06 00:00:00,organic,India,Android,approved,2024-10-08 00:00:00
3318,2024-08-21 00:00:00,referral,Ireland,Android,approved,2024-08-24 00:00:00
3319,2023-05-16 00:00:00,organic,Ireland,Android,pending,
3320,2023-10-03 00:00:00,affiliate,India,Android,approved,2023-10-07 00:00:00
3321,2023-12-21 00:00:00,paid_ads,Ireland,iOS,pending,
3322,2023-05-06 00:00:00,affiliate,UK,iOS,approved,2023-05-11 00:00:00
3323,2023-01-03 00:00:00,referral,India,iOS,approved,2023-01-06 00:00:00
3324,2024-06-22 00:00:00,referral,Ireland,iOS,approved,2024-06-24 00:00:00
3325,2023-07-08 00:00:00,referral,Ireland,Android,approved,2023-07-12 00:00:00
3326,2023-09-17 00:00:00,organic,India,iOS,rejected,
3327,2024-08-28 00:00:00,organic,India,iOS,pending,
3328,2024-11-18 00:00:00,organic,India,Android,approved,2024-11-19 00:00:00
3329,2024-07-26 00:00:00,paid_ads,Ireland,Android,rejected,
3330,2023-06-18 00:00:00,paid_ads,Ireland,Android,approved,2023-06-20 00:00:00
3331,2024-06-02 00:00:00,organic,UK,iOS,approved,2024-06-06 00:00:00
3332,2024-10-24 00:00:00,organic,UK,iOS,rejected,
3333,2024-01-31 00:00:00,paid_ads,India,Android,approved,2024-02-01 00:00:00
3334,2023-05-22 00:00:00,organic,UK,Android,approved,2023-05-27 00:00:00
3335,2023-12-12 00:00:00,organic,Ireland,iOS,approved,2023-12-17 00:00:00
3336,2023-09-30 00:00:00,referral,Ireland,Android,approved,2023-10-03 00:00:00
3337,2024-06-27 00:00:00,affiliate,UK,iOS,approved,2024-06-30 00:00:00
3338,2023-01-26 00:00:00,referral,Ireland,Android,rejected,
3339,2023-02-05 00:00:00,organic,UK,iOS,approved,2023-02-09 00:00:00
3340,2024-10-18 00:00:00,paid_ads,India,Android,approved,2024-10-19 00:00:00
3341,2024-03-30 00:00:00,referral,Ireland,iOS,approved,2024-04-03 00:00:00
3342,2024-04-21 00:00:00,referral,Ireland,iOS,approved,2024-04-26 00:00:00
3343,2024-01-30 00:00:00,referral,Ireland,Android,approved,2024-02-04 00:00:00
3344,2024-01-04 00:00:00,referral,UK,Android,approved,2024-01-05 00:00:00
3345,2024-08-11 00:00:00,affiliate,India,Android,pending,
3346,2023-06-09 00:00:00,organic,Ireland,iOS,approved,2023-06-11 00:00:00
3347,2024-06-25 00:00:00,organic,India,Android,approved,2024-06-30 00:00:00
3348,2024-11-25 00:00:00,organic,India,Android,approved,2024-11-28 00:00:00
3349,2023-04-15 00:00:00,paid_ads,Ireland,iOS,approved,2023-04-16 00:00:00
3350,2023-02-21 00:00:00,paid_ads,UK,Android,approved,2023-02-25 00:00:00
3351,2024-06-03 00:00:00,affiliate,UK,iOS,approved,2024-06-06 00:00:00
3352,2024-08-13 00:00:00,referral,Ireland,iOS,pending,
3353,2024-09-17 00:00:00,organic,Ireland,iOS,approved,2024-09-22 00:00:00
3354,2024-09-07 00:00:00,referral,UK,iOS,approved,2024-09-10 00:00:00
3355,2024-12-30 00:00:00,paid_ads,UK,iOS,approved,2025-01-04 00:00:00
3356,2023-12-07 00:00:00,affiliate,UK,iOS,approved,2023-12-11 00:00:00
3357,2024-09-17 00:00:00,organic,India,iOS,approved,2024-09-21 00:00:00
3358,2024-11-26 00:00:00,organic,Ireland,Android,approved,2024-11-30 00:00:00
3359,2023-10-04 00:00:00,organic,UK,Android,approved,2023-10-05 00:00:00
3360,2023-02-15 00:00:00,organic,UK,Android,rejected,
3361,2023-12-29 00:00:00,affiliate,UK,Android,approved,2024-01-03 00:00:00
3362,2023-01-26 00:00:00,organic,UK,iOS,approved,2023-01-27 00:00:00
3363,2023-01-03 00:00:00,organic,UK,iOS,rejected,
3364,2024-10-08 00:00:00,paid_ads,UK,Android,pending,
3365,2023-07-18 00:00:00,organic,Ireland,iOS,pending,
3366,2023-10-13 00:00:00,referral,India,iOS,pending,
3367,2023-09-16 00:00:00,referral,UK,iOS,rejected,
3368,2024-03-16 00:00:00,paid_ads,India,iOS,pending,
3369,2023-10-25 00:00:00,organic,Ireland,iOS,approved,2023-10-27 00:00:00
3370,2024-02-02 00:00:00,organic,UK,iOS,pending,
3371,2023-04-08 00:00:00,paid_ads,India,Android,approved,2023-04-11 00:00:00
3372,2024-05-08 00:00:00,affiliate,Ireland,iOS,approved,2024-05-13 00:00:00
3373,2024-01-30 00:00:00,referral,Ireland,iOS,approved,2024-02-03 00:00:00
3374,2023-11-04 00:00:00,referral,UK,Android,approved,2023-11-06 00:00:00
3375,2024-09-24 00:00:00,referral,UK,iOS,rejected,
3376,2023-12-11 00:00:00,affiliate,UK,Android,pending,
3377,2023-09-16 00:00:00,paid_ads,UK,iOS,approved,2023-09-20 00:00:00
3378,2024-12-08 00:00:00,organic,UK,Android,pending,
3379,2023-01-28 00:00:00,paid_ads,Ireland,Android,approved,2023-02-02 00:00:00
3380,2023-12-24 00:00:00,referral,UK,Android,pending,
3381,2024-06-04 00:00:00,paid_ads,UK,Android,approved,2024-06-06 00:00:00
3382,2024-02-14 00:00:00,organic,Ireland,iOS,approved,2024-02-16 00:00:00
3383,2023-11-13 00:00:00,paid_ads,UK,Android,pending,
3384,2023-08-04 00:00:00,paid_ads,UK,iOS,pending,
3385,2023-04-14 00:00:00,organic,UK,iOS,approved,2023-04-16 00:00:00
3386,2023-11-19 00:00:00,organic,Ireland,Android,approved,2023-11-21 00:00:00
3387,2023-09-19 00:00:00,paid_ads,Ireland,Android,approved,2023-09-21 00:00:00
3388,2023-07-03 00:00:00,organic,India,iOS,pending,
3389,2024-12-17 00:00:00,organic,UK,iOS,approved,2024-12-21 00:00:00
3390,2024-05-23 00:00:00,referral,Ireland,Android,approved,2024-05-28 00:00:00
3391,2024-05-15 00:00:00,referral,Ireland,iOS,pending,
3392,2024-11-10 00:00:00,organic,Ireland,iOS,approved,2024-11-11 00:00:00
3393,2023-08-26 00:00:00,affiliate,UK,iOS,approved,2023-08-27 00:00:00
3394,2024-10-08 00:00:00,referral,UK,Android,approved,2024-10-09 00:00:00
3395,2023-03-20 00:00:00,affiliate,India,iOS,approved,2023-03-24 00:00:00
3396,2024-03-20 00:00:00,paid_ads,Ireland,iOS,pending,
3397,2023-03-13 00:00:00,paid_ads,UK,Android,approved,2023-03-17 00:00:00
3398,2023-08-29 00:00:00,referral,UK,Android,pending,
3399,2024-07-29 00:00:00,organic,UK,Android,approved,2024-07-31 00:00:00
3400,2023-06-28 00:00:00,referral,Ireland,Android,rejected,
3401,2023-05-30 00:00:00,organic,Ireland,iOS,approved,2023-06-01 00:00:00
3402,2023-01-05 00:00:00,organic,UK,iOS,approved,2023-01-09 00:00:00
3403,2023-04-19 00:00:00,paid_ads,Ireland,iOS,approved,2023-04-20 00:00:00
3404,2024-09-26 00:00:00,affiliate,India,iOS,approved,2024-10-01 00:00:00
3405,2023-12-30 00:00:00,referral,Ireland,Android,approved,2024-01-03 00:00:00
3406,2024-05-28 00:00:00,referral,India,iOS,rejected,
3407,2024-02-25 00:00:00,referral,Ireland,iOS,approved,2024-02-27 00:00:00
3408,2024-01-30 00:00:00,paid_ads,Ireland,iOS,pending,
3409,2023-10-10 00:00:00,paid_ads,India,Android,rejected,
3410,2024-06-25 00:00:00,paid_ads,India,iOS,approved,2024-06-27 00:00:00
3411,2023-01-03 00:00:00,paid_ads,India,Android,approved,2023-01-07 00:00:00
3412,2024-03-17 00:00:00,paid_ads,Ireland,Android,rejected,
3413,2024-02-08 00:00:00,paid_ads,Ireland,iOS,rejected,
3414,2023-04-01 00:00:00,referral,UK,iOS,approved,2023-04-02 00:00:00
3415,2023-10-22 00:00:00,affiliate,UK,iOS,approved,2023-10-26 00:00:00
3416,2024-07-09 00:00:00,organic,UK,Android,approved,2024-07-12 00:00:00
3417,2023-07-26 00:00:00,referral,UK,iOS,approved,2023-07-30 00:00:00
3418,2023-02-15 00:00:00,paid_ads,Ireland,Android,approved,2023-02-19 00:00:00
3419,2023-03-20 00:00:00,referral,Ireland,iOS,approved,2023-03-25 00:00:00
3420,2024-09-03 00:00:00,affiliate,Ireland,iOS,approved,2024-09-06 00:00:00
3421,2024-06-05 00:00:00,affiliate,UK,Android,approved,2024-06-06 00:00:00
3422,2023-09-05 00:00:00,organic,Ireland,Android,approved,2023-09-08 00:00:00
3423,2024-12-15 00:00:00,referral,Ireland,iOS,pending,
3424,2024-07-14 00:00:00,organic,India,Android,pending,
3425,2024-06-30 00:00:00,paid_ads,India,iOS,rejected,
3426,2023-11-07 00:00:00,affiliate,Ireland,Android,rejected,
3427,2024-07-12 00:00:00,paid_ads,India,Android,approved,2024-07-17 00:00:00
3428,2023-04-18 00:00:00,referral,UK,iOS,approved,2023-04-19 00:00:00
3429,2024-11-06 00:00:00,affiliate,UK,Android,approved,2024-11-09 00:00:00
3430,2023-01-14 00:00:00,organic,Ireland,iOS,pending,
3431,2023-11-03 00:00:00,organic,UK,Android,approved,2023-11-06 00:00:00
3432,2024-04-14 00:00:00,referral,Ireland,Android,approved,2024-04-17 00:00:00
3433,2023-05-18 00:00:00,organic,UK,iOS,pending,
3434,2023-11-30 00:00:00,referral,UK,Android,rejected,
3435,2024-12-07 00:00:00,referral,India,iOS,approved,2024-12-08 00:00:00
3436,2024-06-03 00:00:00,referral,Ireland,iOS,pending,
3437,2023-02-28 00:00:00,paid_ads,Ireland,iOS,approved,2023-03-05 00:00:00
3438,2024-06-05 00:00:00,referral,UK,iOS,rejected,
3439,2024-11-24 00:00:00,organic,Ireland,iOS,pending,
3440,2023-08-10 00:00:00,referral,UK,Android,pending,
3441,2023-08-09 00:00:00,paid_ads,Ireland,iOS,rejected,
3442,2023-03-25 00:00:00,paid_ads,Ireland,iOS,approved,2023-03-30 00:00:00
3443,2023-09-12 00:00:00,organic,Ireland,Android,rejected,
3444,2023-07-10 00:00:00,referral,Ireland,Android,approved,2023-07-13 00:00:00
3445,2024-02-25 00:00:00,organic,India,Android,pending,
3446,2023-11-10 00:00:00,organic,India,Android,approved,2023-11-12 00:00:00
3447,2024-05-21 00:00:00,organic,UK,Android,pending,
3448,2024-10-30 00:00:00,paid_ads,UK,Android,approved,2024-11-02 00:00:00
3449,2024-11-10 00:00:00,referral,UK,iOS,approved,2024-11-14 00:00:00
3450,2024-02-04 00:00:00,referral,UK,iOS,approved,2024-02-05 00:00:00
3451,2023-06-15 00:00:00,organic,India,iOS,approved,2023-06-19 00:00:00
3452,2024-07-12 00:00:00,organic,Ireland,iOS,approved,2024-07-13 00:00:00
3453,2024-02-10 00:00:00,organic,UK,Android,rejected,
3454,2023-02-17 00:00:00,paid_ads,UK,Android,pending,
3455,2024-07-18 00:00:00,paid_ads,Ireland,Android,pending,
3456,2023-06-26 00:00:00,paid_ads,UK,iOS,approved,2023-06-28 00:00:00
3457,2024-01-11 00:00:00,referral,UK,Android,approved,2024-01-15 00:00:00
3458,2024-01-13 00:00:00,organic,Ireland,iOS,approved,2024-01-17 00:00:00
3459,2023-03-27 00:00:00,referral,Ireland,Android,approved,2023-03-30 00:00:00
3460,2023-10-06 00:00:00,paid_ads,Ireland,Android,pending,
3461,2024-04-08 00:00:00,paid_ads,Ireland,iOS,approved,2024-04-11 00:00:00
3462,2023-01-14 00:00:00,paid_ads,UK,Android,approved,2023-01-16 00:00:00
3463,2023-09-21 00:00:00,affiliate,Ireland,iOS,rejected,
3464,2024-04-16 00:00:00,paid_ads,Ireland,iOS,approved,2024-04-21 00:00:00
3465,2023-03-03 00:00:00,paid_ads,Ireland,iOS,pending,
3466,2024-12-30 00:00:00,organic,Ireland,Android,approved,2025-01-01 00:00:00
3467,2023-12-22 00:00:00,organic,Ireland,Android,pending,
3468,2023-11-27 00:00:00,organic,Ireland,Android,rejected,
3469,2024-05-04 00:00:00,referral,UK,Android,approved,2024-05-08 00:00:00
3470,2024-03-01 00:00:00,affiliate,UK,Android,approved,2024-03-06 00:00:00
3471,2024-04-22 00:00:00,referral,Ireland,Android,approved,2024-04-27 00:00:00
3472,2024-02-11 00:00:00,affiliate,Ireland,Android,approved,2024-02-14 00:00:00
3473,2024-12-05 00:00:00,paid_ads,Ireland,iOS,approved,2024-12-08 00:00:00
3474,2023-11-04 00:00:00,organic,Ireland,iOS,approved,2023-11-06 00:00:00
3475,2023-09-27 00:00:00,organic,Ireland,iOS,rejected,
3476,2023-07-26 00:00:00,organic,India,Android,pending,
3477,2024-09-20 00:00:00,paid_ads,Ireland,Android,pending,
3478,2023-04-04 00:00:00,organic,Ireland,Android,approved,2023-04-07 00:00:00
3479,2023-11-12 00:00:00,affiliate,India,Android,approved,2023-11-15 00:00:00
3480,2024-09-29 00:00:00,referral,Ireland,Android,approved,2024-10-04 00:00:00
3481,2024-08-22 00:00:00,organic,Ireland,iOS,approved,2024-08-23 00:00:00
3482,2024-07-29 00:00:00,organic,Ireland,Android,approved,2024-07-30 00:00:00
3483,2024-06-26 00:00:00,organic,Ireland,Android,approved,2024-06-27 00:00:00
3484,2024-04-19 00:00:00,organic,Ireland,iOS,rejected,
3485,2024-01-21 00:00:00,organic,UK,Android,approved,2024-01-22 00:00:00
3486,2023-09-29 00:00:00,affiliate,Ireland,iOS,approved,2023-10-03 00:00:00
3487,2024-06-27 00:00:00,affiliate,UK,Android,approved,2024-06-28 00:00:00
3488,2023-07-15 00:00:00,paid_ads,India,iOS,approved,2023-07-17 00:00:00
3489,2023-01-20 00:00:00,referral,UK,Android,rejected,
3490,2024-09-12 00:00:00,paid_ads,Ireland,Android,rejected,
3491,2024-10-19 00:00:00,referral,India,iOS,approved,2024-10-20 00:00:00
3492,2024-05-10 00:00:00,affiliate,India,Android,approved,2024-05-13 00:00:00
3493,2023-11-25 00:00:00,paid_ads,Ireland,Android,pending,
3494,2024-10-07 00:00:00,referral,UK,Android,approved,2024-10-12 00:00:00
3495,2024-08-18 00:00:00,organic,UK,Android,approved,2024-08-20 00:00:00
3496,2023-03-31 00:00:00,referral,UK,iOS,approved,2023-04-03 00:00:00
3497,2024-11-26 00:00:00,referral,Ireland,iOS,approved,2024-11-30 00:00:00
3498,2024-01-24 00:00:00,organic,Ireland,iOS,approved,2024-01-28 00:00:00
3499,2023-10-06 00:00:00,referral,UK,Android,pending,
3500,2023-08-22 00:00:00,affiliate,Ireland,iOS,rejected,
3501,2023-06-16 00:00:00,organic,UK,Android,pending,
3502,2023-01-14 00:00:00,referral,UK,Android,approved,2023-01-18 00:00:00
3503,2023-04-15 00:00:00,organic,India,iOS,approved,2023-04-17 00:00:00
3504,2024-02-07 00:00:00,organic,UK,Android,pending,
3505,2023-03-04 00:00:00,paid_ads,India,iOS,approved,2023-03-06 00:00:00
3506,2024-01-11 00:00:00,referral,UK,Android,approved,2024-01-14 00:00:00
3507,2024-02-05 00:00:00,paid_ads,Ireland,iOS,approved,2024-02-06 00:00:00
3508,2023-02-13 00:00:00,referral,Ireland,iOS,approved,2023-02-17 00:00:00
3509,2023-09-21 00:00:00,affiliate,UK,Android,approved,2023-09-26 00:00:00
3510,2024-12-09 00:00:00,organic,UK,iOS,approved,2024-12-10 00:00:00
3511,2023-04-22 00:00:00,organic,UK,Android,rejected,
3512,2023-07-28 00:00:00,paid_ads,India,Android,rejected,
3513,2023-09-22 00:00:00,referral,UK,Android,approved,2023-09-25 00:00:00
3514,2023-09-22 00:00:00,paid_ads,UK,Android,pending,
3515,2023-08-08 00:00:00,referral,Ireland,Android,approved,2023-08-13 00:00:00
3516,2023-06-13 00:00:00,referral,Ireland,iOS,rejected,
3517,2024-04-23 00:00:00,paid_ads,Ireland,iOS,pending,
3518,2023-08-07 00:00:00,affiliate,UK,iOS,rejected,
3519,2024-11-27 00:00:00,affiliate,UK,iOS,approved,2024-12-02 00:00:00
3520,2023-10-06 00:00:00,paid_ads,India,Android,rejected,
3521,2024-07-29 00:00:00,referral,UK,iOS,pending,
3522,2024-11-20 00:00:00,affiliate,UK,iOS,approved,2024-11-22 00:00:00
3523,2023-11-15 00:00:00,paid_ads,UK,iOS,approved,2023-11-18 00:00:00
3524,2023-01-01 00:00:00,affiliate,UK,iOS,approved,2023-01-06 00:00:00
3525,2023-03-08 00:00:00,referral,Ireland,iOS,approved,2023-03-09 00:00:00
3526,2024-04-08 00:00:00,organic,UK,iOS,pending,
3527,2024-05-17 00:00:00,paid_ads,Ireland,iOS,approved,2024-05-19 00:00:00
3528,2024-07-09 00:00:00,affiliate,India,Android,approved,2024-07-13 00:00:00
3529,2023-05-23 00:00:00,referral,Ireland,Android,approved,2023-05-27 00:00:00
3530,2024-12-17 00:00:00,organic,Ireland,iOS,approved,2024-12-19 00:00:00
3531,2023-08-07 00:00:00,organic,Ireland,Android,approved,2023-08-08 00:00:00
3532,2024-02-01 00:00:00,paid_ads,Ireland,iOS,pending,
3533,2024-11-01 00:00:00,organic,India,Android,approved,2024-11-06 00:00:00
3534,2023-07-04 00:00:00,organic,UK,Android,pending,
3535,2023-04-07 00:00:00,organic,Ireland,Android,pending,
3536,2023-10-24 00:00:00,affiliate,UK,iOS,rejected,
3537,2023-05-12 00:00:00,paid_ads,Ireland,Android,approved,2023-05-17 00:00:00
3538,2024-02-27 00:00:00,affiliate,UK,Android,approved,2024-03-01 00:00:00
3539,2023-11-09 00:00:00,organic,Ireland,Android,rejected,
3540,2023-04-23 00:00:00,organic,UK,Android,rejected,
3541,2024-06-26 00:00:00,paid_ads,UK,iOS,approved,2024-06-29 00:00:00
3542,2024-12-19 00:00:00,paid_ads,UK,iOS,approved,2024-12-20 00:00:00
3543,2024-07-02 00:00:00,paid_ads,UK,iOS,approved,2024-07-05 00:00:00
3544,2024-03-07 00:00:00,organic,Ireland,Android,approved,2024-03-10 00:00:00
3545,2023-03-12 00:00:00,organic,Ireland,iOS,approved,2023-03-14 00:00:00
3546,2023-10-23 00:00:00,paid_ads,India,iOS,rejected,
3547,2023-04-08 00:00:00,organic,UK,iOS,pending,
3548,2024-04-30 00:00:00,organic,UK,iOS,approved,2024-05-05 00:00:00
3549,2023-12-24 00:00:00,affiliate,Ireland,iOS,approved,2023-12-27 00:00:00
3550,2024-07-10 00:00:00,referral,Ireland,Android,pending,
3551,2024-06-13 00:00:00,paid_ads,UK,iOS,pending,
3552,2023-06-20 00:00:00,paid_ads,Ireland,Android,approved,2023-06-24 00:00:00
3553,2024-11-11 00:00:00,paid_ads,UK,iOS,pending,
3554,2024-03-31 00:00:00,organic,India,iOS,approved,2024-04-01 00:00:00
3555,2024-10-25 00:00:00,organic,Ireland,iOS,approved,2024-10-27 00:00:00
3556,2024-07-12 00:00:00,referral,Ireland,iOS,rejected,
3557,2024-07-28 00:00:00,organic,India,iOS,approved,2024-07-29 00:00:00
3558,2024-07-27 00:00:00,paid_ads,Ireland,iOS,pending,
3559,2023-10-17 00:00:00,organic,India,iOS,approved,2023-10-21 00:00:00
3560,2023-11-21 00:00:00,referral,UK,iOS,pending,
3561,2023-04-06 00:00:00,paid_ads,India,iOS,rejected,
3562,2024-10-06 00:00:00,paid_ads,Ireland,Android,approved,2024-10-11 00:00:00
3563,2023-07-19 00:00:00,organic,UK,iOS,approved,2023-07-22 00:00:00
3564,2023-02-23 00:00:00,paid_ads,UK,Android,rejected,
3565,2024-11-14 00:00:00,paid_ads,UK,Android,pending,
3566,2023-06-01 00:00:00,paid_ads,UK,Android,pending,
3567,2024-12-26 00:00:00,referral,Ireland,Android,approved,2024-12-27 00:00:00
3568,2023-05-14 00:00:00,referral,India,Android,approved,2023-05-17 00:00:00
3569,2024-06-12 00:00:00,referral,India,Android,approved,2024-06-15 00:00:00
3570,2023-08-17 00:00:00,affiliate,Ireland,Android,approved,2023-08-22 00:00:00
3571,2024-07-02 00:00:00,organic,India,Android,approved,2024-07-07 00:00:00
3572,2024-07-05 00:00:00,referral,UK,Android,pending,
3573,2024-05-01 00:00:00,referral,Ireland,Android,rejected,
3574,2023-11-13 00:00:00,paid_ads,Ireland,iOS,rejected,
3575,2024-07-18 00:00:00,paid_ads,Ireland,Android,approved,2024-07-22 00:00:00
3576,2024-06-12 00:00:00,organic,Ireland,iOS,approved,2024-06-13 00:00:00
3577,2023-05-02 00:00:00,organic,Ireland,Android,pending,
3578,2024-09-24 00:00:00,organic,Ireland,iOS,pending,
3579,2023-09-01 00:00:00,organic,Ireland,Android,approved,2023-09-06 00:00:00
3580,2024-04-04 00:00:00,paid_ads,Ireland,Android,approved,2024-04-06 00:00:00
3581,2023-09-27 00:00:00,organic,UK,Android,approved,2023-10-01 00:00:00
3582,2023-07-13 00:00:00,organic,Ireland,Android,pending,
3583,2023-05-29 00:00:00,affiliate,India,iOS,pending,
3584,2024-08-10 00:00:00,organic,UK,Android,approved,2024-08-14 00:00:00
3585,2023-08-24 00:00:00,affiliate,India,Android,approved,2023-08-25 00:00:00
3586,2023-11-15 00:00:00,organic,UK,iOS,pending,
3587,2023-05-07 00:00:00,affiliate,UK,Android,approved,2023-05-11 00:00:00
3588,2023-12-12 00:00:00,referral,Ireland,iOS,approved,2023-12-13 00:00:00
3589,2024-04-10 00:00:00,referral,UK,iOS,pending,
3590,2024-11-07 00:00:00,referral,Ireland,iOS,rejected,
3591,2023-05-06 00:00:00,organic,UK,iOS,approved,2023-05-11 00:00:00
3592,2023-11-15 00:00:00,paid_ads,Ireland,Android,approved,2023-11-19 00:00:00
3593,2023-01-27 00:00:00,organic,Ireland,iOS,pending,
3594,2023-11-25 00:00:00,paid_ads,India,iOS,approved,2023-11-29 00:00:00
3595,2023-10-29 00:00:00,paid_ads,UK,iOS,pending,
3596,2024-08-31 00:00:00,referral,UK,iOS,approved,2024-09-04 00:00:00
3597,2024-05-06 00:00:00,paid_ads,Ireland,iOS,approved,2024-05-08 00:00:00
3598,2023-06-03 00:00:00,referral,Ireland,Android,approved,2023-06-07 00:00:00
3599,2024-11-16 00:00:00,paid_ads,UK,iOS,approved,2024-11-21 00:00:00
3600,2023-12-14 00:00:00,affiliate,India,iOS,approved,2023-12-16 00:00:00
3601,2023-04-13 00:00:00,affiliate,UK,iOS,approved,2023-04-14 00:00:00
3602,2024-07-24 00:00:00,affiliate,UK,iOS,approved,2024-07-29 00:00:00
3603,2023-02-15 00:00:00,paid_ads,UK,iOS,approved,2023-02-16 00:00:00
3604,2023-11-15 00:00:00,organic,India,iOS,approved,2023-11-16 00:00:00
3605,2024-06-05 00:00:00,referral,India,iOS,rejected,
3606,2023-09-03 00:00:00,affiliate,UK,iOS,pending,
3607,2023-02-22 00:00:00,paid_ads,UK,Android,approved,2023-02-23 00:00:00
3608,2024-07-07 00:00:00,referral,Ireland,Android,approved,2024-07-08 00:00:00
3609,2023-05-06 00:00:00,referral,UK,iOS,pending,
3610,2023-05-23 00:00:00,affiliate,India,iOS,approved,2023-05-27 00:00:00
3611,2023-10-31 00:00:00,referral,Ireland,iOS,approved,2023-11-03 00:00:00
3612,2023-07-26 00:00:00,affiliate,Ireland,iOS,pending,
3613,2023-10-08 00:00:00,affiliate,Ireland,iOS,approved,2023-10-10 00:00:00
3614,2023-09-18 00:00:00,organic,Ireland,iOS,pending,
3615,2023-12-21 00:00:00,organic,Ireland,iOS,pending,
3616,2024-01-25 00:00:00,paid_ads,UK,Android,pending,
3617,2023-10-12 00:00:00,affiliate,UK,Android,rejected,
3618,2023-05-02 00:00:00,referral,UK,iOS,approved,2023-05-07 00:00:00
3619,2024-01-08 00:00:00,organic,UK,Android,approved,2024-01-09 00:00:00
3620,2024-12-08 00:00:00,affiliate,UK,iOS,approved,2024-12-09 00:00:00
3621,2024-10-01 00:00:00,organic,India,iOS,approved,2024-10-03 00:00:00
3622,2024-10-21 00:00:00,affiliate,Ireland,Android,pending,
3623,2024-10-04 00:00:00,affiliate,Ireland,iOS,pending,
3624,2023-09-03 00:00:00,referral,UK,Android,approved,2023-09-07 00:00:00
3625,2023-08-08 00:00:00,paid_ads,Ireland,Android,approved,2023-08-10 00:00:00
3626,2023-02-28 00:00:00,paid_ads,Ireland,Android,approved,2023-03-01 00:00:00
3627,2024-01-18 00:00:00,paid_ads,Ireland,iOS,approved,2024-01-22 00:00:00
3628,2024-02-03 00:00:00,organic,India,Android,approved,2024-02-05 00:00:00
3629,2023-09-05 00:00:00,affiliate,Ireland,Android,pending,
3630,2024-08-21 00:00:00,paid_ads,Ireland,Android,pending,
3631,2023-04-13 00:00:00,organic,Ireland,Android,approved,2023-04-18 00:00:00
3632,2024-04-01 00:00:00,affiliate,Ireland,Android,approved,2024-04-03 00:00:00
3633,2023-08-02 00:00:00,referral,UK,iOS,approved,2023-08-03 00:00:00
3634,2023-01-21 00:00:00,affiliate,Ireland,Android,rejected,
3635,2023-01-13 00:00:00,organic,Ireland,iOS,approved,2023-01-18 00:00:00
3636,2024-11-23 00:00:00,organic,Ireland,iOS,pending,
3637,2023-01-13 00:00:00,affiliate,UK,iOS,pending,
3638,2024-02-20 00:00:00,referral,Ireland,iOS,rejected,
3639,2024-12-06 00:00:00,organic,UK,Android,approved,2024-12-07 00:00:00
3640,2023-06-04 00:00:00,organic,India,iOS,approved,2023-06-05 00:00:00
3641,2024-06-03 00:00:00,paid_ads,India,iOS,rejected,
3642,2024-12-13 00:00:00,organic,UK,iOS,approved,2024-12-15 00:00:00
3643,2023-08-12 00:00:00,affiliate,Ireland,iOS,approved,2023-08-15 00:00:00
3644,2023-04-06 00:00:00,referral,Ireland,Android,approved,2023-04-07 00:00:00
3645,2023-10-16 00:00:00,paid_ads,Ireland,Android,rejected,
3646,2023-02-26 00:00:00,referral,UK,iOS,approved,2023-03-03 00:00:00
3647,2023-01-05 00:00:00,organic,Ireland,Android,rejected,
3648,2024-08-24 00:00:00,referral,Ireland,iOS,pending,
3649,2023-01-27 00:00:00,paid_ads,Ireland,Android,approved,2023-01-30 00:00:00
3650,2023-04-04 00:00:00,referral,India,iOS,approved,2023-04-05 00:00:00
3651,2024-06-26 00:00:00,referral,Ireland,iOS,rejected,
3652,2023-05-25 00:00:00,organic,UK,Android,approved,2023-05-27 00:00:00
3653,2023-01-02 00:00:00,paid_ads,Ireland,Android,pending,
3654,2023-06-17 00:00:00,affiliate,Ireland,Android,approved,2023-06-22 00:00:00
3655,2023-06-16 00:00:00,paid_ads,India,Android,approved,2023-06-18 00:00:00
3656,2024-03-06 00:00:00,referral,UK,iOS,rejected,
3657,2024-11-23 00:00:00,organic,Ireland,Android,pending,
3658,2024-01-31 00:00:00,paid_ads,Ireland,Android,pending,
3659,2024-11-03 00:00:00,affiliate,India,iOS,approved,2024-11-05 00:00:00
3660,2024-01-15 00:00:00,organic,UK,iOS,approved,2024-01-19 00:00:00
3661,2023-09-13 00:00:00,referral,Ireland,iOS,approved,2023-09-16 00:00:00
3662,2023-06-14 00:00:00,referral,UK,iOS,approved,2023-06-19 00:00:00
3663,2023-04-09 00:00:00,affiliate,UK,Android,rejected,
3664,2024-10-19 00:00:00,paid_ads,UK,iOS,approved,2024-10-20 00:00:00
3665,2023-10-21 00:00:00,referral,UK,iOS,approved,2023-10-22 00:00:00
3666,2023-05-26 00:00:00,organic,UK,Android,pending,
3667,2024-10-11 00:00:00,organic,India,Android,pending,
3668,2024-02-19 00:00:00,paid_ads,Ireland,Android,rejected,
3669,2023-08-07 00:00:00,affiliate,Ireland,Android,pending,
3670,2024-06-04 00:00:00,referral,Ireland,iOS,approved,2024-06-05 00:00:00
3671,2024-10-17 00:00:00,referral,Ireland,iOS,approved,2024-10-21 00:00:00
3672,2023-04-02 00:00:00,organic,UK,Android,pending,
3673,2024-08-26 00:00:00,paid_ads,India,iOS,approved,2024-08-30 00:00:00
3674,2024-10-15 00:00:00,paid_ads,UK,iOS,approved,2024-10-20 00:00:00
3675,2024-03-27 00:00:00,referral,Ireland,Android,rejected,
3676,2023-08-24 00:00:00,organic,India,iOS,approved,2023-08-28 00:00:00
3677,2023-10-15 00:00:00,paid_ads,Ireland,iOS,approved,2023-10-20 00:00:00
3678,2023-07-06 00:00:00,organic,UK,Android,approved,2023-07-08 00:00:00
3679,2023-02-08 00:00:00,paid_ads,UK,iOS,approved,2023-02-11 00:00:00
3680,2024-08-06 00:00:00,organic,UK,iOS,approved,2024-08-10 00:00:00
3681,2024-06-17 00:00:00,paid_ads,India,Android,approved,2024-06-19 00:00:00
3682,2023-06-27 00:00:00,referral,UK,Android,approved,2023-06-29 00:00:00
3683,2023-03-25 00:00:00,paid_ads,UK,iOS,approved,2023-03-28 00:00:00
3684,2023-11-12 00:00:00,referral,Ireland,iOS,pending,
3685,2024-04-17 00:00:00,affiliate,Ireland,Android,approved,2024-04-19 00:00:00
3686,2023-10-09 00:00:00,paid_ads,Ireland,Android,pending,
3687,2024-08-04 00:00:00,referral,Ireland,Android,approved,2024-08-07 00:00:00
3688,2024-07-04 00:00:00,paid_ads,UK,iOS,pending,
3689,2024-05-13 00:00:00,referral,UK,Android,approved,2024-05-15 00:00:00
3690,2024-11-22 00:00:00,paid_ads,Ireland,Android,rejected,
3691,2024-09-22 00:00:00,affiliate,India,Android,pending,
3692,2024-10-14 00:00:00,referral,UK,Android,approved,2024-10-17 00:00:00
3693,2023-06-30 00:00:00,referral,India,Android,pending,
3694,2023-04-29 00:00:00,referral,India,Android,approved,2023-05-02 00:00:00
3695,2023-05-24 00:00:00,referral,Ireland,iOS,rejected,
3696,2023-09-02 00:00:00,paid_ads,UK,Android,pending,
3697,2023-08-07 00:00:00,paid_ads,Ireland,iOS,approved,2023-08-09 00:00:00
3698,2024-06-26 00:00:00,paid_ads,Ireland,Android,pending,
3699,2023-03-21 00:00:00,organic,Ireland,Android,approved,2023-03-24 00:00:00
3700,2024-02-22 00:00:00,referral,UK,Android,approved,2024-02-24 00:00:00
3701,2023-08-17 00:00:00,organic,UK,iOS,approved,2023-08-21 00:00:00
3702,2024-08-26 00:00:00,paid_ads,UK,iOS,approved,2024-08-28 00:00:00
3703,2024-06-04 00:00:00,affiliate,UK,Android,rejected,
3704,2024-04-27 00:00:00,paid_ads,UK,iOS,approved,2024-05-02 00:00:00
3705,2024-11-19 00:00:00,paid_ads,UK,iOS,pending,
3706,2023-06-16 00:00:00,paid_ads,Ireland,Android,approved,2023-06-17 00:00:00
3707,2023-12-28 00:00:00,affiliate,UK,Android,pending,
3708,2023-08-30 00:00:00,paid_ads,UK,Android,rejected,
3709,2023-04-16 00:00:00,referral,UK,Android,rejected,
3710,2023-12-04 00:00:00,affiliate,Ireland,Android,approved,2023-12-08 00:00:00
3711,2024-11-28 00:00:00,organic,Ireland,iOS,pending,
3712,2023-09-27 00:00:00,paid_ads,Ireland,iOS,approved,2023-09-28 00:00:00
3713,2024-11-01 00:00:00,referral,Ireland,iOS,pending,
3714,2023-10-23 00:00:00,organic,Ireland,iOS,pending,
3715,2024-10-18 00:00:00,organic,India,Android,approved,2024-10-23 00:00:00
3716,2023-07-04 00:00:00,paid_ads,UK,iOS,pending,
3717,2024-01-13 00:00:00,paid_ads,India,Android,rejected,
3718,2023-07-18 00:00:00,referral,UK,iOS,approved,2023-07-20 00:00:00
3719,2023-01-27 00:00:00,organic,UK,Android,approved,2023-02-01 00:00:00
3720,2024-12-15 00:00:00,referral,Ireland,iOS,approved,2024-12-18 00:00:00
3721,2024-09-12 00:00:00,paid_ads,Ireland,iOS,pending,
3722,2023-04-24 00:00:00,organic,India,iOS,approved,2023-04-29 00:00:00
3723,2024-07-05 00:00:00,referral,Ireland,Android,rejected,
3724,2023-08-04 00:00:00,paid_ads,Ireland,Android,approved,2023-08-09 00:00:00
3725,2023-10-10 00:00:00,referral,India,iOS,rejected,
3726,2024-06-12 00:00:00,affiliate,Ireland,iOS,pending,
3727,2023-06-15 00:00:00,paid_ads,Ireland,iOS,rejected,
3728,2023-11-08 00:00:00,organic,Ireland,Android,approved,2023-11-11 00:00:00
3729,2024-05-18 00:00:00,paid_ads,India,iOS,approved,2024-05-20 00:00:00
3730,2024-11-22 00:00:00,paid_ads,UK,Android,pending,
3731,2023-10-02 00:00:00,organic,UK,Android,pending,
3732,2024-06-08 00:00:00,referral,India,iOS,rejected,
3733,2023-05-03 00:00:00,paid_ads,UK,Android,approved,2023-05-05 00:00:00
3734,2024-09-22 00:00:00,referral,UK,iOS,pending,
3735,2023-03-27 00:00:00,affiliate,India,iOS,pending,
3736,2024-09-17 00:00:00,organic,UK,iOS,pending,
3737,2023-01-07 00:00:00,referral,UK,iOS,approved,2023-01-12 00:00:00
3738,2023-08-18 00:00:00,paid_ads,UK,iOS,approved,2023-08-23 00:00:00
3739,2024-04-22 00:00:00,affiliate,India,iOS,pending,
3740,2023-06-27 00:00:00,paid_ads,India,iOS,approved,2023-06-30 00:00:00
3741,2024-12-15 00:00:00,paid_ads,UK,Android,approved,2024-12-16 00:00:00
3742,2023-08-16 00:00:00,affiliate,Ireland,iOS,approved,2023-08-20 00:00:00
3743,2024-09-21 00:00:00,affiliate,UK,Android,pending,
3744,2024-04-15 00:00:00,organic,Ireland,Android,rejected,
3745,2023-05-14 00:00:00,paid_ads,India,Android,approved,2023-05-17 00:00:00
3746,2024-05-25 00:00:00,referral,Ireland,Android,approved,2024-05-26 00:00:00
3747,2023-12-03 00:00:00,paid_ads,UK,iOS,approved,2023-12-07 00:00:00
3748,2024-10-26 00:00:00,paid_ads,India,iOS,rejected,
3749,2023-01-12 00:00:00,affiliate,India,iOS,approved,2023-01-17 00:00:00
3750,2024-09-22 00:00:00,paid_ads,Ireland,Android,approved,2024-09-24 00:00:00
3751,2024-05-23 00:00:00,paid_ads,Ireland,iOS,approved,2024-05-26 00:00:00
3752,2024-09-30 00:00:00,affiliate,Ireland,iOS,approved,2024-10-04 00:00:00
3753,2023-10-01 00:00:00,referral,Ireland,iOS,approved,2023-10-03 00:00:00
3754,2023-09-22 00:00:00,paid_ads,Ireland,iOS,approved,2023-09-25 00:00:00
3755,2024-09-30 00:00:00,referral,UK,iOS,pending,
3756,2024-09-14 00:00:00,organic,UK,Android,approved,2024-09-17 00:00:00
3757,2023-02-15 00:00:00,organic,India,Android,approved,2023-02-19 00:00:00
3758,2024-01-25 00:00:00,organic,Ireland,Android,approved,2024-01-30 00:00:00
3759,2024-08-09 00:00:00,referral,India,iOS,pending,
3760,2023-11-16 00:00:00,paid_ads,UK,Android,pending,
3761,2023-07-16 00:00:00,organic,UK,Android,rejected,
3762,2023-03-22 00:00:00,referral,Ireland,iOS,rejected,
3763,2023-05-07 00:00:00,affiliate,India,Android,approved,2023-05-10 00:00:00
3764,2024-09-08 00:00:00,referral,Ireland,Android,approved,2024-09-10 00:00:00
3765,2024-10-10 00:00:00,paid_ads,Ireland,iOS,approved,2024-10-15 00:00:00
3766,2023-04-28 00:00:00,referral,Ireland,iOS,approved,2023-04-30 00:00:00
3767,2024-11-03 00:00:00,affiliate,India,Android,pending,
3768,2024-05-10 00:00:00,organic,Ireland,Android,approved,2024-05-12 00:00:00
3769,2024-10-31 00:00:00,paid_ads,Ireland,Android,rejected,
3770,2024-09-26 00:00:00,referral,UK,iOS,rejected,
3771,2024-09-05 00:00:00,paid_ads,Ireland,iOS,approved,2024-09-07 00:00:00
3772,2024-08-29 00:00:00,organic,Ireland,Android,approved,2024-09-02 00:00:00
3773,2023-08-04 00:00:00,paid_ads,UK,Android,approved,2023-08-05 00:00:00
3774,2023-04-06 00:00:00,organic,UK,Android,approved,2023-04-08 00:00:00
3775,2024-04-16 00:00:00,paid_ads,UK,iOS,pending,
3776,2024-06-07 00:00:00,referral,India,iOS,pending,
3777,2023-09-09 00:00:00,organic,Ireland,Android,approved,2023-09-14 00:00:00
3778,2023-11-05 00:00:00,organic,India,iOS,approved,2023-11-06 00:00:00
3779,2023-10-29 00:00:00,organic,India,Android,approved,2023-11-03 00:00:00
3780,2024-05-18 00:00:00,paid_ads,Ireland,iOS,rejected,
3781,2024-04-19 00:00:00,referral,Ireland,Android,approved,2024-04-21 00:00:00
3782,2024-12-14 00:00:00,referral,Ireland,iOS,approved,2024-12-15 00:00:00
3783,2024-04-18 00:00:00,referral,India,Android,approved,2024-04-20 00:00:00
3784,2023-06-20 00:00:00,organic,Ireland,iOS,approved,2023-06-23 00:00:00
3785,2024-02-22 00:00:00,affiliate,Ireland,Android,pending,
3786,2023-04-25 00:00:00,paid_ads,Ireland,iOS,pending,
3787,2024-08-29 00:00:00,paid_ads,Ireland,iOS,approved,2024-09-02 00:00:00
3788,2023-03-02 00:00:00,referral,Ireland,Android,approved,2023-03-07 00:00:00
3789,2023-12-11 00:00:00,referral,UK,Android,approved,2023-12-12 00:00:00
3790,2024-12-02 00:00:00,affiliate,UK,iOS,rejected,
3791,2023-06-15 00:00:00,organic,Ireland,Android,approved,2023-06-16 00:00:00
3792,2024-11-16 00:00:00,referral,Ireland,Android,approved,2024-11-18 00:00:00
3793,2024-03-30 00:00:00,paid_ads,Ireland,iOS,approved,2024-04-01 00:00:00
3794,2023-10-06 00:00:00,paid_ads,India,Android,rejected,
3795,2024-10-13 00:00:00,referral,Ireland,Android,rejected,
3796,2023-03-08 00:00:00,paid_ads,Ireland,iOS,approved,2023-03-13 00:00:00
3797,2023-08-28 00:00:00,referral,Ireland,iOS,approved,2023-08-31 00:00:00
3798,2023-01-27 00:00:00,referral,Ireland,Android,pending,
3799,2023-01-07 00:00:00,paid_ads,UK,iOS,approved,2023-01-10 00:00:00
3800,2024-09-18 00:00:00,paid_ads,Ireland,Android,approved,2024-09-19 00:00:00
3801,2023-12-29 00:00:00,affiliate,UK,Android,rejected,
3802,2023-02-01 00:00:00,affiliate,Ireland,Android,rejected,
3803,2024-06-17 00:00:00,paid_ads,UK,iOS,approved,2024-06-22 00:00:00
3804,2023-09-10 00:00:00,paid_ads,Ireland,Android,pending,
3805,2023-12-23 00:00:00,referral,India,iOS,approved,2023-12-28 00:00:00
3806,2023-11-13 00:00:00,organic,UK,iOS,approved,2023-11-15 00:00:00
3807,2023-07-22 00:00:00,organic,UK,iOS,rejected,
3808,2023-08-07 00:00:00,organic,Ireland,iOS,rejected,
3809,2024-03-09 00:00:00,referral,Ireland,iOS,pending,
3810,2024-10-10 00:00:00,referral,India,iOS,pending,
3811,2024-10-21 00:00:00,paid_ads,Ireland,Android,approved,2024-10-26 00:00:00
3812,2023-12-20 00:00:00,paid_ads,India,iOS,approved,2023-12-25 00:00:00
3813,2024-11-25 00:00:00,organic,Ireland,Android,approved,2024-11-28 00:00:00
3814,2024-09-17 00:00:00,referral,Ireland,Android,approved,2024-09-18 00:00:00
3815,2023-08-21 00:00:00,paid_ads,India,Android,pending,
3816,2024-11-11 00:00:00,paid_ads,Ireland,iOS,rejected,
3817,2024-11-07 00:00:00,paid_ads,India,iOS,pending,
3818,2024-01-03 00:00:00,paid_ads,Ireland,iOS,pending,
3819,2023-08-24 00:00:00,affiliate,Ireland,Android,approved,2023-08-25 00:00:00
3820,2024-02-28 00:00:00,referral,Ireland,iOS,approved,2024-03-02 00:00:00
3821,2024-01-17 00:00:00,affiliate,UK,Android,pending,
3822,2023-12-30 00:00:00,referral,UK,Android,pending,
3823,2023-05-24 00:00:00,affiliate,Ireland,iOS,approved,2023-05-29 00:00:00
3824,2024-01-28 00:00:00,affiliate,India,Android,approved,2024-01-31 00:00:00
3825,2024-10-21 00:00:00,paid_ads,UK,iOS,approved,2024-10-22 00:00:00
3826,2024-10-27 00:00:00,organic,Ireland,Android,approved,2024-11-01 00:00:00
3827,2023-11-29 00:00:00,paid_ads,Ireland,iOS,approved,2023-12-02 00:00:00
3828,2023-08-01 00:00:00,paid_ads,Ireland,iOS,pending,
3829,2024-08-18 00:00:00,organic,Ireland,iOS,approved,2024-08-19 00:00:00
3830,2024-01-25 00:00:00,organic,Ireland,Android,approved,2024-01-26 00:00:00
3831,2024-12-15 00:00:00,affiliate,Ireland,Android,rejected,
3832,2023-08-30 00:00:00,referral,Ireland,iOS,approved,2023-08-31 00:00:00
3833,2024-05-14 00:00:00,organic,Ireland,Android,pending,
3834,2024-03-02 00:00:00,paid_ads,Ireland,Android,pending,
3835,2023-07-16 00:00:00,affiliate,UK,Android,approved,2023-07-21 00:00:00
3836,2023-11-12 00:00:00,paid_ads,UK,iOS,pending,
3837,2024-06-23 00:00:00,organic,Ireland,iOS,pending,
3838,2024-12-31 00:00:00,organic,UK,Android,approved,2025-01-04 00:00:00
3839,2024-02-25 00:00:00,referral,Ireland,iOS,approved,2024-03-01 00:00:00
3840,2023-06-28 00:00:00,paid_ads,India,Android,approved,2023-06-30 00:00:00
3841,2023-12-13 00:00:00,referral,UK,Android,rejected,
3842,2024-11-28 00:00:00,organic,India,iOS,approved,2024-11-30 00:00:00
3843,2024-07-30 00:00:00,organic,Ireland,iOS,pending,
3844,2024-01-10 00:00:00,affiliate,Ireland,Android,rejected,
3845,2023-01-05 00:00:00,paid_ads,Ireland,iOS,approved,2023-01-10 00:00:00
3846,2023-08-05 00:00:00,paid_ads,Ireland,iOS,approved,2023-08-07 00:00:00
3847,2023-03-13 00:00:00,paid_ads,India,Android,approved,2023-03-18 00:00:00
3848,2023-10-01 00:00:00,organic,UK,Android,approved,2023-10-06 00:00:00
3849,2023-07-18 00:00:00,paid_ads,Ireland,Android,approved,2023-07-20 00:00:00
3850,2023-10-24 00:00:00,paid_ads,Ireland,iOS,approved,2023-10-27 00:00:00
3851,2023-03-16 00:00:00,referral,Ireland,iOS,pending,
3852,2023-08-01 00:00:00,organic,Ireland,iOS,approved,2023-08-05 00:00:00
3853,2023-12-29 00:00:00,organic,Ireland,iOS,approved,2023-12-31 00:00:00
3854,2024-03-27 00:00:00,referral,Ireland,iOS,approved,2024-03-29 00:00:00
3855,2024-10-28 00:00:00,organic,Ireland,iOS,pending,
3856,2024-01-07 00:00:00,organic,UK,iOS,approved,2024-01-11 00:00:00
3857,2023-06-07 00:00:00,referral,India,iOS,approved,2023-06-11 00:00:00
3858,2023-08-14 00:00:00,referral,UK,iOS,approved,2023-08-19 00:00:00
3859,2023-10-27 00:00:00,referral,Ireland,iOS,pending,
3860,2023-01-27 00:00:00,affiliate,Ireland,Android,approved,2023-01-29 00:00:00
3861,2023-06-22 00:00:00,organic,UK,Android,approved,2023-06-26 00:00:00
3862,2023-01-19 00:00:00,affiliate,UK,iOS,pending,
3863,2023-09-07 00:00:00,referral,UK,iOS,approved,2023-09-12 00:00:00
3864,2024-03-16 00:00:00,paid_ads,UK,Android,pending,
3865,2024-02-10 00:00:00,referral,Ireland,iOS,approved,2024-02-13 00:00:00
3866,2023-03-08 00:00:00,affiliate,Ireland,iOS,approved,2023-03-09 00:00:00
3867,2024-10-15 00:00:00,organic,Ireland,Android,rejected,
3868,2023-11-15 00:00:00,paid_ads,Ireland,Android,approved,2023-11-19 00:00:00
3869,2024-09-20 00:00:00,affiliate,UK,iOS,approved,2024-09-23 00:00:00
3870,2024-12-26 00:00:00,paid_ads,India,iOS,rejected,
3871,2023-06-22 00:00:00,referral,UK,iOS,approved,2023-06-26 00:00:00
3872,2023-02-13 00:00:00,organic,UK,Android,approved,2023-02-16 00:00:00
3873,2023-10-21 00:00:00,affiliate,Ireland,Android,approved,2023-10-25 00:00:00
3874,2023-04-08 00:00:00,organic,Ireland,Android,pending,
3875,2023-07-12 00:00:00,paid_ads,UK,Android,rejected,
3876,2024-01-24 00:00:00,paid_ads,UK,Android,approved,2024-01-25 00:00:00
3877,2024-12-13 00:00:00,paid_ads,UK,iOS,rejected,
3878,2023-02-28 00:00:00,affiliate,Ireland,iOS,approved,2023-03-03 00:00:00
3879,2023-05-28 00:00:00,paid_ads,UK,iOS,rejected,
3880,2023-01-02 00:00:00,paid_ads,India,Android,approved,2023-01-04 00:00:00
3881,2024-06-11 00:00:00,referral,Ireland,iOS,approved,2024-06-14 00:00:00
3882,2023-12-10 00:00:00,referral,India,iOS,pending,
3883,2023-01-28 00:00:00,organic,Ireland,Android,approved,2023-01-29 00:00:00
3884,2024-12-05 00:00:00,referral,India,iOS,approved,2024-12-06 00:00:00
3885,2024-03-05 00:00:00,organic,UK,Android,rejected,
3886,2023-05-18 00:00:00,organic,India,Android,approved,2023-05-19 00:00:00
3887,2024-07-19 00:00:00,referral,India,iOS,rejected,
3888,2024-08-08 00:00:00,affiliate,UK,Android,approved,2024-08-09 00:00:00
3889,2024-08-03 00:00:00,organic,India,Android,pending,
3890,2023-11-15 00:00:00,organic,India,iOS,approved,2023-11-18 00:00:00
3891,2023-03-08 00:00:00,organic,UK,Android,pending,
3892,2024-12-07 00:00:00,organic,Ireland,iOS,approved,2024-12-10 00:00:00
3893,2023-05-22 00:00:00,organic,Ireland,iOS,approved,2023-05-26 00:00:00
3894,2024-07-23 00:00:00,paid_ads,UK,iOS,pending,
3895,2024-10-10 00:00:00,organic,Ireland,iOS,pending,
3896,2023-02-15 00:00:00,organic,Ireland,iOS,approved,2023-02-18 00:00:00
3897,2024-12-11 00:00:00,organic,UK,iOS,approved,2024-12-15 00:00:00
3898,2024-01-03 00:00:00,referral,UK,Android,approved,2024-01-07 00:00:00
3899,2024-03-04 00:00:00,organic,UK,iOS,approved,2024-03-08 00:00:00
3900,2024-01-27 00:00:00,affiliate,Ireland,iOS,pending,
3901,2024-08-15 00:00:00,organic,Ireland,Android,pending,
3902,2023-07-05 00:00:00,organic,UK,Android,pending,
3903,2023-03-03 00:00:00,referral,Ireland,Android,approved,2023-03-06 00:00:00
3904,2023-10-20 00:00:00,organic,Ireland,Android,approved,2023-10-24 00:00:00
3905,2023-11-27 00:00:00,organic,Ireland,Android,approved,2023-11-29 00:00:00
3906,2024-01-11 00:00:00,paid_ads,Ireland,Android,approved,2024-01-16 00:00:00
3907,2024-08-24 00:00:00,paid_ads,UK,iOS,approved,2024-08-25 00:00:00
3908,2024-09-12 00:00:00,organic,Ireland,Android,approved,2024-09-15 00:00:00
3909,2024-09-05 00:00:00,referral,Ireland,Android,approved,2024-09-07 00:00:00
3910,2024-06-03 00:00:00,affiliate,UK,Android,pending,
3911,2023-11-24 00:00:00,paid_ads,Ireland,iOS,pending,
3912,2023-10-04 00:00:00,organic,UK,iOS,rejected,
3913,2024-06-11 00:00:00,affiliate,Ireland,iOS,rejected,
3914,2024-12-19 00:00:00,referral,UK,Android,approved,2024-12-23 00:00:00
3915,2024-09-01 00:00:00,affiliate,India,iOS,pending,
3916,2024-06-15 00:00:00,referral,Ireland,iOS,approved,2024-06-20 00:00:00
3917,2024-10-28 00:00:00,referral,Ireland,Android,rejected,
3918,2023-03-11 00:00:00,paid_ads,UK,iOS,approved,2023-03-14 00:00:00
3919,2024-09-10 00:00:00,organic,UK,Android,pending,
3920,2023-08-16 00:00:00,referral,UK,Android,approved,2023-08-21 00:00:00
3921,2023-10-11 00:00:00,referral,India,iOS,pending,
3922,2023-06-30 00:00:00,paid_ads,Ireland,iOS,approved,2023-07-04 00:00:00
3923,2023-09-24 00:00:00,paid_ads,UK,iOS,pending,
3924,2023-06-07 00:00:00,paid_ads,UK,iOS,approved,2023-06-11 00:00:00
3925,2023-08-20 00:00:00,paid_ads,Ireland,Android,pending,
3926,2023-05-14 00:00:00,affiliate,Ireland,iOS,rejected,
3927,2024-12-13 00:00:00,paid_ads,India,Android,approved,2024-12-14 00:00:00
3928,2024-02-12 00:00:00,organic,UK,iOS,approved,2024-02-13 00:00:00
3929,2024-07-07 00:00:00,organic,Ireland,Android,rejected,
3930,2023-05-27 00:00:00,organic,Ireland,Android,approved,2023-05-30 00:00:00
3931,2023-10-16 00:00:00,referral,Ireland,iOS,pending,
3932,2024-02-04 00:00:00,referral,Ireland,iOS,rejected,
3933,2023-11-28 00:00:00,referral,UK,iOS,approved,2023-11-29 00:00:00
3934,2024-01-04 00:00:00,referral,UK,iOS,pending,
3935,2023-01-08 00:00:00,referral,Ireland,Android,approved,2023-01-13 00:00:00
3936,2024-01-06 00:00:00,organic,India,Android,approved,2024-01-10 00:00:00
3937,2024-02-09 00:00:00,paid_ads,UK,Android,approved,2024-02-14 00:00:00
3938,2023-04-23 00:00:00,affiliate,Ireland,iOS,approved,2023-04-27 00:00:00
3939,2023-09-26 00:00:00,referral,UK,iOS,approved,2023-09-29 00:00:00
3940,2023-06-17 00:00:00,referral,UK,iOS,rejected,
3941,2023-12-04 00:00:00,organic,Ireland,Android,rejected,
3942,2024-04-16 00:00:00,paid_ads,UK,iOS,approved,2024-04-17 00:00:00
3943,2024-09-23 00:00:00,organic,Ireland,Android,pending,
3944,2024-12-02 00:00:00,organic,Ireland,iOS,rejected,
3945,2023-04-20 00:00:00,organic,India,iOS,pending,
3946,2024-09-14 00:00:00,organic,Ireland,iOS,approved,2024-09-16 00:00:00
3947,2024-09-29 00:00:00,organic,Ireland,Android,pending,
3948,2023-10-21 00:00:00,referral,UK,Android,pending,
3949,2024-12-06 00:00:00,organic,India,iOS,pending,
3950,2023-01-09 00:00:00,referral,Ireland,Android,approved,2023-01-14 00:00:00
3951,2023-02-25 00:00:00,organic,Ireland,iOS,pending,
3952,2023-05-03 00:00:00,paid_ads,UK,iOS,approved,2023-05-07 00:00:00
3953,2024-10-25 00:00:00,referral,UK,Android,pending,
3954,2024-08-20 00:00:00,organic,Ireland,iOS,pending,
3955,2024-08-26 00:00:00,affiliate,Ireland,Android,rejected,
3956,2024-10-09 00:00:00,affiliate,UK,Android,approved,2024-10-14 00:00:00
3957,2023-01-02 00:00:00,organic,Ireland,iOS,approved,2023-01-07 00:00:00
3958,2023-10-05 00:00:00,referral,Ireland,Android,approved,2023-10-07 00:00:00
3959,2024-12-08 00:00:00,paid_ads,India,iOS,pending,
3960,2023-10-14 00:00:00,referral,Ireland,Android,pending,
3961,2024-10-21 00:00:00,affiliate,UK,iOS,pending,
3962,2023-06-16 00:00:00,paid_ads,India,iOS,approved,2023-06-21 00:00:00
3963,2023-05-19 00:00:00,affiliate,India,iOS,approved,2023-05-20 00:00:00
3964,2024-08-12 00:00:00,organic,Ireland,Android,pending,
3965,2023-12-03 00:00:00,organic,Ireland,Android,pending,
3966,2023-01-09 00:00:00,organic,Ireland,Android,approved,2023-01-11 00:00:00
3967,2023-09-19 00:00:00,organic,India,Android,approved,2023-09-23 00:00:00
3968,2024-03-12 00:00:00,affiliate,Ireland,Android,rejected,
3969,2024-08-23 00:00:00,paid_ads,India,Android,rejected,
3970,2024-01-23 00:00:00,paid_ads,Ireland,iOS,rejected,
3971,2024-06-03 00:00:00,referral,Ireland,Android,pending,
3972,2024-07-31 00:00:00,affiliate,UK,Android,approved,2024-08-02 00:00:00
3973,2023-08-10 00:00:00,organic,Ireland,iOS,pending,
3974,2024-11-08 00:00:00,organic,UK,iOS,pending,
3975,2024-03-02 00:00:00,affiliate,Ireland,Android,approved,2024-03-03 00:00:00
3976,2023-07-09 00:00:00,affiliate,Ireland,Android,approved,2023-07-14 00:00:00
3977,2024-05-02 00:00:00,affiliate,UK,Android,pending,
3978,2023-10-22 00:00:00,organic,Ireland,Android,approved,2023-10-24 00:00:00
3979,2024-04-02 00:00:00,paid_ads,Ireland,iOS,approved,2024-04-05 00:00:00
3980,2024-06-17 00:00:00,organic,Ireland,iOS,approved,2024-06-21 00:00:00
3981,2023-07-03 00:00:00,paid_ads,Ireland,Android,rejected,
3982,2024-05-13 00:00:00,referral,Ireland,Android,approved,2024-05-15 00:00:00
3983,2023-04-05 00:00:00,affiliate,Ireland,iOS,approved,2023-04-08 00:00:00
3984,2023-08-30 00:00:00,organic,UK,Android,pending,
3985,2023-03-18 00:00:00,affiliate,Ireland,Android,approved,2023-03-19 00:00:00
3986,2024-11-02 00:00:00,paid_ads,Ireland,Android,pending,
3987,2024-08-24 00:00:00,paid_ads,Ireland,iOS,approved,2024-08-29 00:00:00
3988,2023-09-18 00:00:00,organic,India,Android,pending,
3989,2023-09-20 00:00:00,referral,Ireland,Android,approved,2023-09-22 00:00:00
3990,2023-12-17 00:00:00,organic,India,Android,approved,2023-12-22 00:00:00
3991,2024-06-04 00:00:00,paid_ads,UK,iOS,approved,2024-06-06 00:00:00
3992,2024-03-06 00:00:00,referral,Ireland,iOS,rejected,
3993,2023-02-22 00:00:00,organic,Ireland,Android,approved,2023-02-25 00:00:00
3994,2024-12-31 00:00:00,referral,India,iOS,approved,2025-01-05 00:00:00
3995,2024-08-07 00:00:00,paid_ads,India,Android,approved,2024-08-12 00:00:00
3996,2023-01-30 00:00:00,referral,UK,Android,approved,2023-02-04 00:00:00
3997,2024-06-28 00:00:00,referral,India,Android,pending,
3998,2023-10-22 00:00:00,paid_ads,Ireland,Android,pending,
3999,2024-05-01 00:00:00,referral,India,iOS,approved,2024-05-02 00:00:00
4000,2023-04-03 00:00:00,affiliate,Ireland,Android,approved,2023-04-05 00:00:00
4001,2023-06-06 00:00:00,referral,India,iOS,pending,
4002,2023-05-17 00:00:00,paid_ads,UK,iOS,rejected,
4003,2024-06-13 00:00:00,referral,India,iOS,pending,
4004,2024-12-05 00:00:00,paid_ads,India,Android,pending,
4005,2023-01-12 00:00:00,paid_ads,Ireland,iOS,rejected,
4006,2024-07-15 00:00:00,referral,Ireland,Android,approved,2024-07-20 00:00:00
4007,2024-06-09 00:00:00,affiliate,UK,iOS,rejected,
4008,2023-03-28 00:00:00,paid_ads,Ireland,Android,rejected,
4009,2024-11-18 00:00:00,organic,India,iOS,pending,
4010,2023-08-02 00:00:00,referral,Ireland,iOS,approved,2023-08-05 00:00:00
4011,2023-05-27 00:00:00,affiliate,UK,Android,approved,2023-05-29 00:00:00
4012,2024-01-18 00:00:00,paid_ads,India,Android,rejected,
4013,2023-12-18 00:00:00,referral,UK,iOS,approved,2023-12-22 00:00:00
4014,2023-03-24 00:00:00,paid_ads,Ireland,Android,approved,2023-03-25 00:00:00
4015,2024-10-05 00:00:00,paid_ads,India,Android,approved,2024-10-08 00:00:00
4016,2024-01-08 00:00:00,paid_ads,Ireland,iOS,approved,2024-01-09 00:00:00
4017,2023-06-08 00:00:00,organic,UK,Android,rejected,
4018,2023-11-10 00:00:00,affiliate,India,Android,rejected,
4019,2023-01-15 00:00:00,affiliate,Ireland,iOS,approved,2023-01-17 00:00:00
4020,2024-12-08 00:00:00,organic,India,Android,rejected,
4021,2024-08-03 00:00:00,referral,UK,Android,approved,2024-08-08 00:00:00
4022,2024-08-28 00:00:00,paid_ads,Ireland,Android,approved,2024-08-29 00:00:00
4023,2023-08-25 00:00:00,paid_ads,India,Android,rejected,
4024,2023-04-10 00:00:00,referral,India,Android,pending,
4025,2023-03-15 00:00:00,organic,Ireland,Android,approved,2023-03-19 00:00:00
4026,2024-01-14 00:00:00,affiliate,Ireland,Android,rejected,
4027,2023-02-01 00:00:00,paid_ads,UK,iOS,pending,
4028,2024-08-17 00:00:00,affiliate,Ireland,Android,pending,
4029,2024-03-05 00:00:00,referral,UK,Android,approved,2024-03-08 00:00:00
4030,2023-09-10 00:00:00,paid_ads,India,iOS,approved,2023-09-12 00:00:00
4031,2023-01-01 00:00:00,referral,India,iOS,approved,2023-01-03 00:00:00
4032,2024-12-13 00:00:00,organic,India,iOS,pending,
4033,2024-09-11 00:00:00,paid_ads,UK,Android,approved,2024-09-13 00:00:00
4034,2023-07-23 00:00:00,organic,Ireland,Android,approved,2023-07-24 00:00:00
4035,2023-02-19 00:00:00,referral,Ireland,iOS,approved,2023-02-21 00:00:00
4036,2023-02-16 00:00:00,referral,Ireland,iOS,pending,
4037,2023-12-12 00:00:00,organic,Ireland,Android,approved,2023-12-15 00:00:00
4038,2024-08-02 00:00:00,paid_ads,Ireland,iOS,pending,
4039,2023-12-21 00:00:00,referral,UK,iOS,pending,
4040,2023-06-03 00:00:00,organic,Ireland,iOS,approved,2023-06-06 00:00:00
4041,2024-03-05 00:00:00,paid_ads,UK,iOS,approved,2024-03-07 00:00:00
4042,2023-01-11 00:00:00,referral,UK,iOS,approved,2023-01-16 00:00:00
4043,2023-11-28 00:00:00,paid_ads,Ireland,iOS,approved,2023-12-01 00:00:00
4044,2024-03-03 00:00:00,paid_ads,UK,Android,approved,2024-03-07 00:00:00
4045,2023-11-15 00:00:00,referral,India,iOS,approved,2023-11-20 00:00:00
4046,2024-05-07 00:00:00,referral,UK,Android,pending,
4047,2024-07-17 00:00:00,affiliate,UK,iOS,approved,2024-07-18 00:00:00
4048,2023-03-02 00:00:00,affiliate,UK,iOS,approved,2023-03-05 00:00:00
4049,2023-05-29 00:00:00,affiliate,India,Android,rejected,
4050,2024-05-31 00:00:00,referral,Ireland,iOS,approved,2024-06-04 00:00:00
4051,2023-04-13 00:00:00,organic,Ireland,Android,rejected,
4052,2023-08-02 00:00:00,referral,UK,Android,pending,
4053,2023-01-06 00:00:00,organic,UK,iOS,approved,2023-01-11 00:00:00
4054,2023-04-07 00:00:00,referral,India,Android,approved,2023-04-10 00:00:00
4055,2024-04-07 00:00:00,paid_ads,India,iOS,approved,2024-04-12 00:00:00
4056,2024-09-17 00:00:00,affiliate,India,iOS,approved,2024-09-22 00:00:00
4057,2023-03-22 00:00:00,referral,Ireland,iOS,pending,
4058,2023-05-25 00:00:00,paid_ads,Ireland,iOS,rejected,
4059,2024-09-10 00:00:00,organic,UK,iOS,rejected,
4060,2024-08-07 00:00:00,paid_ads,Ireland,iOS,pending,
4061,2024-08-24 00:00:00,affiliate,UK,iOS,approved,2024-08-28 00:00:00
4062,2024-09-23 00:00:00,paid_ads,UK,Android,approved,2024-09-25 00:00:00
4063,2024-01-29 00:00:00,referral,UK,iOS,pending,
4064,2023-12-27 00:00:00,paid_ads,Ireland,iOS,rejected,
4065,2023-02-09 00:00:00,paid_ads,Ireland,Android,approved,2023-02-13 00:00:00
4066,2024-01-29 00:00:00,affiliate,India,Android,approved,2024-02-02 00:00:00
4067,2023-05-21 00:00:00,organic,UK,Android,pending,
4068,2024-12-26 00:00:00,paid_ads,Ireland,Android,approved,2024-12-29 00:00:00
4069,2023-05-21 00:00:00,referral,Ireland,iOS,approved,2023-05-24 00:00:00
4070,2023-12-18 00:00:00,affiliate,India,Android,pending,
4071,2023-07-30 00:00:00,paid_ads,Ireland,iOS,approved,2023-07-31 00:00:00
4072,2023-05-18 00:00:00,paid_ads,UK,Android,approved,2023-05-20 00:00:00
4073,2023-08-18 00:00:00,affiliate,India,Android,approved,2023-08-19 00:00:00
4074,2023-01-19 00:00:00,paid_ads,Ireland,iOS,pending,
4075,2023-12-30 00:00:00,paid_ads,Ireland,iOS,rejected,
4076,2023-02-06 00:00:00,affiliate,Ireland,Android,approved,2023-02-07 00:00:00
4077,2024-02-29 00:00:00,referral,UK,iOS,approved,2024-03-01 00:00:00
4078,2024-10-01 00:00:00,referral,Ireland,Android,approved,2024-10-04 00:00:00
4079,2023-08-15 00:00:00,affiliate,UK,Android,approved,2023-08-20 00:00:00
4080,2023-01-06 00:00:00,affiliate,India,iOS,approved,2023-01-11 00:00:00
4081,2023-07-27 00:00:00,referral,India,Android,pending,
4082,2024-03-24 00:00:00,referral,Ireland,iOS,approved,2024-03-28 00:00:00
4083,2024-08-13 00:00:00,organic,Ireland,Android,approved,2024-08-15 00:00:00
4084,2023-12-27 00:00:00,paid_ads,Ireland,Android,rejected,
4085,2023-09-17 00:00:00,paid_ads,Ireland,Android,approved,2023-09-21 00:00:00
4086,2023-08-24 00:00:00,paid_ads,Ireland,Android,approved,2023-08-25 00:00:00
4087,2024-09-24 00:00:00,organic,Ireland,iOS,pending,
4088,2024-01-04 00:00:00,paid_ads,UK,Android,approved,2024-01-06 00:00:00
4089,2024-03-18 00:00:00,paid_ads,Ireland,iOS,approved,2024-03-23 00:00:00
4090,2024-11-15 00:00:00,organic,Ireland,iOS,pending,
4091,2023-09-17 00:00:00,organic,Ireland,iOS,approved,2023-09-21 00:00:00
4092,2023-11-20 00:00:00,paid_ads,Ireland,iOS,approved,2023-11-23 00:00:00
4093,2024-03-06 00:00:00,organic,Ireland,iOS,approved,2024-03-11 00:00:00
4094,2023-10-04 00:00:00,affiliate,India,iOS,approved,2023-10-06 00:00:00
4095,2024-09-18 00:00:00,organic,India,Android,pending,
4096,2024-12-06 00:00:00,paid_ads,UK,iOS,rejected,
4097,2024-09-16 00:00:00,referral,India,iOS,pending,
4098,2023-04-30 00:00:00,organic,UK,iOS,approved,2023-05-01 00:00:00
4099,2024-11-21 00:00:00,affiliate,UK,Android,approved,2024-11-22 00:00:00
4100,2024-12-04 00:00:00,organic,India,iOS,pending,
4101,2024-03-24 00:00:00,referral,Ireland,iOS,approved,2024-03-27 00:00:00
4102,2023-01-29 00:00:00,referral,India,Android,approved,2023-01-31 00:00:00
4103,2024-07-27 00:00:00,organic,Ireland,Android,pending,
4104,2024-01-09 00:00:00,paid_ads,UK,iOS,approved,2024-01-11 00:00:00
4105,2024-09-05 00:00:00,paid_ads,Ireland,iOS,approved,2024-09-09 00:00:00
4106,2023-05-09 00:00:00,paid_ads,Ireland,Android,rejected,
4107,2024-02-03 00:00:00,paid_ads,UK,Android,approved,2024-02-06 00:00:00
4108,2024-11-30 00:00:00,referral,UK,Android,pending,
4109,2024-06-26 00:00:00,paid_ads,UK,iOS,approved,2024-06-30 00:00:00
4110,2023-01-07 00:00:00,paid_ads,UK,Android,approved,2023-01-08 00:00:00
4111,2024-01-03 00:00:00,organic,Ireland,iOS,approved,2024-01-05 00:00:00
4112,2024-06-30 00:00:00,paid_ads,Ireland,iOS,approved,2024-07-05 00:00:00
4113,2023-08-13 00:00:00,affiliate,Ireland,iOS,approved,2023-08-14 00:00:00
4114,2024-06-04 00:00:00,referral,UK,iOS,pending,
4115,2023-05-12 00:00:00,paid_ads,Ireland,iOS,approved,2023-05-14 00:00:00
4116,2024-09-02 00:00:00,paid_ads,Ireland,iOS,approved,2024-09-05 00:00:00
4117,2023-04-08 00:00:00,organic,Ireland,iOS,approved,2023-04-13 00:00:00
4118,2023-03-09 00:00:00,referral,UK,iOS,rejected,
4119,2024-10-10 00:00:00,paid_ads,Ireland,iOS,pending,
4120,2023-07-22 00:00:00,paid_ads,Ireland,iOS,approved,2023-07-23 00:00:00
4121,2024-12-25 00:00:00,affiliate,India,iOS,rejected,
4122,2024-10-23 00:00:00,paid_ads,India,Android,approved,2024-10-26 00:00:00
4123,2023-12-28 00:00:00,paid_ads,UK,Android,rejected,
4124,2023-02-09 00:00:00,referral,Ireland,Android,approved,2023-02-13 00:00:00
4125,2024-12-27 00:00:00,organic,UK,iOS,approved,2025-01-01 00:00:00
4126,2024-10-22 00:00:00,affiliate,India,Android,rejected,
4127,2023-09-14 00:00:00,paid_ads,Ireland,iOS,approved,2023-09-19 00:00:00
4128,2024-07-26 00:00:00,paid_ads,Ireland,iOS,rejected,
4129,2023-04-15 00:00:00,paid_ads,Ireland,Android,approved,2023-04-16 00:00:00
4130,2023-04-10 00:00:00,organic,Ireland,Android,pending,
4131,2023-05-16 00:00:00,paid_ads,UK,Android,approved,2023-05-19 00:00:00
4132,2023-03-02 00:00:00,referral,Ireland,iOS,pending,
4133,2024-01-03 00:00:00,referral,Ireland,iOS,rejected,
4134,2024-02-04 00:00:00,paid_ads,UK,iOS,rejected,
4135,2023-08-13 00:00:00,organic,Ireland,iOS,approved,2023-08-16 00:00:00
4136,2024-12-18 00:00:00,organic,Ireland,iOS,pending,
4137,2023-10-01 00:00:00,referral,UK,iOS,approved,2023-10-03 00:00:00
4138,2023-01-14 00:00:00,referral,UK,iOS,approved,2023-01-16 00:00:00
4139,2023-03-10 00:00:00,paid_ads,Ireland,Android,pending,
4140,2024-09-24 00:00:00,paid_ads,UK,Android,approved,2024-09-27 00:00:00
4141,2024-11-15 00:00:00,affiliate,UK,Android,approved,2024-11-19 00:00:00
4142,2023-05-24 00:00:00,referral,UK,iOS,rejected,
4143,2024-06-09 00:00:00,paid_ads,Ireland,iOS,approved,2024-06-13 00:00:00
4144,2023-09-24 00:00:00,paid_ads,Ireland,Android,pending,
4145,2023-12-01 00:00:00,paid_ads,UK,Android,pending,
4146,2024-07-17 00:00:00,affiliate,Ireland,iOS,rejected,
4147,2023-05-08 00:00:00,referral,Ireland,iOS,pending,
4148,2024-12-07 00:00:00,paid_ads,India,Android,approved,2024-12-09 00:00:00
4149,2023-03-21 00:00:00,referral,India,iOS,pending,
4150,2024-11-04 00:00:00,paid_ads,UK,iOS,pending,
4151,2024-01-01 00:00:00,referral,UK,Android,rejected,
4152,2023-11-20 00:00:00,affiliate,India,Android,approved,2023-11-25 00:00:00
4153,2024-11-06 00:00:00,referral,Ireland,iOS,approved,2024-11-10 00:00:00
4154,2023-01-11 00:00:00,referral,Ireland,iOS,approved,2023-01-12 00:00:00
4155,2024-11-08 00:00:00,paid_ads,UK,Android,pending,
4156,2023-03-18 00:00:00,referral,UK,iOS,rejected,
4157,2024-06-05 00:00:00,paid_ads,UK,iOS,pending,
4158,2024-09-16 00:00:00,organic,Ireland,iOS,pending,
4159,2023-05-26 00:00:00,referral,UK,iOS,approved,2023-05-27 00:00:00
4160,2024-09-06 00:00:00,affiliate,Ireland,Android,approved,2024-09-08 00:00:00
4161,2024-03-04 00:00:00,organic,Ireland,iOS,approved,2024-03-06 00:00:00
4162,2023-01-16 00:00:00,affiliate,UK,iOS,approved,2023-01-18 00:00:00
4163,2023-03-31 00:00:00,organic,India,Android,approved,2023-04-02 00:00:00
4164,2023-08-08 00:00:00,referral,Ireland,iOS,approved,2023-08-13 00:00:00
4165,2023-07-26 00:00:00,organic,UK,Android,approved,2023-07-30 00:00:00
4166,2024-06-16 00:00:00,paid_ads,UK,iOS,rejected,
4167,2023-07-21 00:00:00,paid_ads,UK,iOS,approved,2023-07-25 00:00:00
4168,2023-08-29 00:00:00,affiliate,UK,Android,approved,2023-09-01 00:00:00
4169,2024-01-20 00:00:00,organic,UK,iOS,approved,2024-01-24 00:00:00
4170,2024-08-13 00:00:00,paid_ads,India,Android,approved,2024-08-17 00:00:00
4171,2024-03-24 00:00:00,organic,UK,Android,rejected,
4172,2024-10-26 00:00:00,paid_ads,UK,Android,approved,2024-10-30 00:00:00
4173,2023-08-12 00:00:00,organic,UK,Android,pending,
4174,2023-11-28 00:00:00,organic,UK,Android,approved,2023-12-03 00:00:00
4175,2023-10-28 00:00:00,organic,UK,iOS,rejected,
4176,2024-01-05 00:00:00,referral,India,Android,approved,2024-01-06 00:00:00
4177,2023-12-21 00:00:00,paid_ads,Ireland,iOS,approved,2023-12-24 00:00:00
4178,2023-06-20 00:00:00,paid_ads,India,iOS,approved,2023-06-21 00:00:00
4179,2024-10-10 00:00:00,organic,Ireland,iOS,pending,
4180,2023-09-23 00:00:00,referral,Ireland,Android,approved,2023-09-24 00:00:00
4181,2024-10-08 00:00:00,organic,Ireland,Android,approved,2024-10-12 00:00:00
4182,2024-02-27 00:00:00,referral,Ireland,Android,pending,
4183,2023-12-15 00:00:00,paid_ads,India,Android,pending,
4184,2023-10-29 00:00:00,organic,India,iOS,pending,
4185,2024-06-06 00:00:00,paid_ads,Ireland,Android,rejected,
4186,2023-03-14 00:00:00,paid_ads,Ireland,Android,approved,2023-03-15 00:00:00
4187,2024-11-29 00:00:00,affiliate,Ireland,iOS,rejected,
4188,2023-12-13 00:00:00,paid_ads,Ireland,iOS,approved,2023-12-17 00:00:00
4189,2024-08-01 00:00:00,referral,UK,iOS,pending,
4190,2023-12-22 00:00:00,referral,India,iOS,approved,2023-12-27 00:00:00
4191,2024-01-02 00:00:00,referral,India,Android,approved,2024-01-07 00:00:00
4192,2024-10-24 00:00:00,paid_ads,UK,Android,approved,2024-10-29 00:00:00
4193,2023-10-10 00:00:00,paid_ads,UK,iOS,approved,2023-10-12 00:00:00
4194,2024-09-21 00:00:00,referral,UK,Android,approved,2024-09-24 00:00:00
4195,2023-05-31 00:00:00,organic,India,Android,approved,2023-06-04 00:00:00
4196,2024-04-09 00:00:00,referral,Ireland,iOS,pending,
4197,2024-03-08 00:00:00,affiliate,Ireland,Android,rejected,
4198,2024-09-15 00:00:00,referral,India,iOS,pending,
4199,2023-02-13 00:00:00,organic,UK,Android,pending,
4200,2023-02-02 00:00:00,affiliate,UK,iOS,approved,2023-02-05 00:00:00
4201,2023-09-06 00:00:00,affiliate,UK,Android,approved,2023-09-10 00:00:00
4202,2024-12-18 00:00:00,paid_ads,India,iOS,approved,2024-12-19 00:00:00
4203,2024-10-22 00:00:00,paid_ads,UK,iOS,approved,2024-10-25 00:00:00
4204,2024-04-29 00:00:00,organic,Ireland,Android,pending,
4205,2023-04-16 00:00:00,paid_ads,UK,Android,pending,
4206,2023-07-19 00:00:00,paid_ads,India,iOS,approved,2023-07-23 00:00:00
4207,2024-06-16 00:00:00,paid_ads,India,Android,rejected,
4208,2024-09-27 00:00:00,organic,UK,iOS,rejected,
4209,2024-12-12 00:00:00,referral,Ireland,Android,approved,2024-12-17 00:00:00
4210,2024-09-30 00:00:00,paid_ads,UK,iOS,rejected,
4211,2024-11-13 00:00:00,paid_ads,Ireland,iOS,rejected,
4212,2023-11-02 00:00:00,paid_ads,Ireland,iOS,pending,
4213,2023-07-19 00:00:00,organic,Ireland,iOS,pending,
4214,2023-06-08 00:00:00,paid_ads,Ireland,Android,pending,
4215,2024-08-01 00:00:00,referral,Ireland,iOS,approved,2024-08-02 00:00:00
4216,2023-01-10 00:00:00,referral,India,Android,pending,
4217,2023-05-23 00:00:00,paid_ads,UK,Android,rejected,
4218,2023-04-06 00:00:00,referral,India,iOS,approved,2023-04-10 00:00:00
4219,2024-11-08 00:00:00,affiliate,India,Android,approved,2024-11-10 00:00:00
4220,2023-09-24 00:00:00,organic,Ireland,Android,approved,2023-09-26 00:00:00
4221,2024-11-06 00:00:00,paid_ads,India,iOS,approved,2024-11-08 00:00:00
4222,2023-07-26 00:00:00,paid_ads,UK,iOS,pending,
4223,2023-11-13 00:00:00,affiliate,India,iOS,pending,
4224,2023-08-11 00:00:00,referral,India,Android,approved,2023-08-12 00:00:00
4225,2023-11-10 00:00:00,organic,India,iOS,approved,2023-11-11 00:00:00
4226,2024-05-24 00:00:00,paid_ads,Ireland,iOS,approved,2024-05-27 00:00:00
4227,2023-11-30 00:00:00,paid_ads,Ireland,Android,approved,2023-12-04 00:00:00
4228,2023-11-12 00:00:00,paid_ads,Ireland,iOS,approved,2023-11-17 00:00:00
4229,2024-12-20 00:00:00,referral,Ireland,iOS,pending,
4230,2023-01-05 00:00:00,referral,Ireland,iOS,approved,2023-01-06 00:00:00
4231,2024-06-19 00:00:00,organic,Ireland,iOS,approved,2024-06-24 00:00:00
4232,2023-01-30 00:00:00,organic,India,Android,pending,
4233,2023-04-27 00:00:00,paid_ads,Ireland,iOS,pending,
4234,2024-04-06 00:00:00,affiliate,India,iOS,approved,2024-04-10 00:00:00
4235,2023-12-28 00:00:00,affiliate,UK,iOS,approved,2024-01-01 00:00:00
4236,2024-08-12 00:00:00,affiliate,Ireland,iOS,pending,
4237,2023-12-27 00:00:00,affiliate,Ireland,iOS,approved,2023-12-28 00:00:00
4238,2023-06-02 00:00:00,organic,UK,Android,approved,2023-06-05 00:00:00
4239,2024-10-10 00:00:00,affiliate,Ireland,Android,pending,
4240,2023-12-06 00:00:00,referral,Ireland,iOS,rejected,
4241,2024-08-01 00:00:00,referral,UK,iOS,rejected,
4242,2023-09-07 00:00:00,organic,UK,Android,rejected,
4243,2023-07-30 00:00:00,referral,India,iOS,approved,2023-08-01 00:00:00
4244,2024-10-30 00:00:00,organic,UK,Android,rejected,
4245,2023-02-22 00:00:00,paid_ads,UK,iOS,rejected,
4246,2023-02-24 00:00:00,referral,Ireland,Android,approved,2023-02-26 00:00:00
4247,2023-05-16 00:00:00,paid_ads,India,Android,rejected,
4248,2024-07-19 00:00:00,organic,UK,Android,pending,
4249,2023-04-14 00:00:00,paid_ads,India,iOS,pending,
4250,2023-10-06 00:00:00,paid_ads,UK,Android,rejected,
4251,2023-09-21 00:00:00,paid_ads,UK,iOS,approved,2023-09-24 00:00:00
4252,2024-07-20 00:00:00,affiliate,UK,Android,approved,2024-07-24 00:00:00
4253,2023-08-15 00:00:00,affiliate,UK,Android,approved,2023-08-16 00:00:00
4254,2024-12-05 00:00:00,organic,Ireland,Android,approved,2024-12-06 00:00:00
4255,2024-11-10 00:00:00,organic,UK,iOS,rejected,
4256,2023-01-03 00:00:00,organic,Ireland,iOS,approved,2023-01-08 00:00:00
4257,2024-03-17 00:00:00,referral,Ireland,iOS,approved,2024-03-21 00:00:00
4258,2023-07-15 00:00:00,affiliate,UK,Android,pending,
4259,2024-08-31 00:00:00,affiliate,Ireland,iOS,rejected,
4260,2023-12-19 00:00:00,organic,Ireland,iOS,approved,2023-12-22 00:00:00
4261,2023-08-08 00:00:00,organic,UK,iOS,approved,2023-08-10 00:00:00
4262,2024-12-05 00:00:00,paid_ads,UK,iOS,approved,2024-12-09 00:00:00
4263,2024-01-03 00:00:00,referral,Ireland,Android,rejected,
4264,2023-03-01 00:00:00,organic,India,iOS,rejected,
4265,2024-08-18 00:00:00,organic,UK,iOS,pending,
4266,2023-01-12 00:00:00,referral,UK,iOS,approved,2023-01-14 00:00:00
4267,2023-12-01 00:00:00,referral,UK,iOS,pending,
4268,2023-05-11 00:00:00,paid_ads,UK,iOS,approved,2023-05-16 00:00:00
4269,2024-07-17 00:00:00,referral,UK,Android,approved,2024-07-20 00:00:00
4270,2024-04-14 00:00:00,affiliate,UK,Android,approved,2024-04-15 00:00:00
4271,2024-06-16 00:00:00,referral,UK,iOS,approved,2024-06-19 00:00:00
4272,2024-03-21 00:00:00,referral,Ireland,Android,approved,2024-03-25 00:00:00
4273,2023-07-31 00:00:00,referral,UK,iOS,pending,
4274,2023-12-27 00:00:00,paid_ads,Ireland,Android,approved,2023-12-30 00:00:00
4275,2024-03-02 00:00:00,referral,Ireland,Android,approved,2024-03-05 00:00:00
4276,2023-07-26 00:00:00,paid_ads,UK,iOS,approved,2023-07-28 00:00:00
4277,2023-07-21 00:00:00,organic,UK,iOS,pending,
4278,2024-05-15 00:00:00,paid_ads,Ireland,Android,rejected,
4279,2023-12-29 00:00:00,organic,Ireland,iOS,pending,
4280,2024-03-27 00:00:00,affiliate,UK,iOS,pending,
4281,2024-12-19 00:00:00,referral,Ireland,iOS,pending,
4282,2024-07-04 00:00:00,referral,Ireland,Android,pending,
4283,2023-03-04 00:00:00,referral,UK,Android,rejected,
4284,2024-09-11 00:00:00,organic,UK,Android,rejected,
4285,2023-10-30 00:00:00,organic,Ireland,iOS,rejected,
4286,2024-11-14 00:00:00,organic,India,iOS,pending,
4287,2023-03-12 00:00:00,paid_ads,UK,iOS,approved,2023-03-14 00:00:00
4288,2024-01-14 00:00:00,organic,UK,Android,approved,2024-01-17 00:00:00
4289,2024-05-08 00:00:00,organic,India,Android,approved,2024-05-10 00:00:00
4290,2024-01-19 00:00:00,paid_ads,India,iOS,rejected,
4291,2023-04-10 00:00:00,affiliate,UK,Android,approved,2023-04-11 00:00:00
4292,2024-02-20 00:00:00,organic,UK,iOS,approved,2024-02-23 00:00:00
4293,2023-02-26 00:00:00,referral,UK,Android,rejected,
4294,2023-02-12 00:00:00,referral,UK,iOS,approved,2023-02-14 00:00:00
4295,2024-10-11 00:00:00,referral,Ireland,Android,approved,2024-10-16 00:00:00
4296,2023-06-13 00:00:00,paid_ads,India,iOS,rejected,
4297,2024-05-23 00:00:00,affiliate,Ireland,iOS,approved,2024-05-28 00:00:00
4298,2024-09-21 00:00:00,paid_ads,Ireland,iOS,rejected,
4299,2024-10-23 00:00:00,organic,Ireland,iOS,pending,
4300,2024-09-16 00:00:00,referral,Ireland,Android,pending,
4301,2024-10-30 00:00:00,organic,UK,iOS,approved,2024-11-04 00:00:00
4302,2023-10-02 00:00:00,organic,UK,Android,pending,
4303,2023-05-01 00:00:00,organic,Ireland,Android,approved,2023-05-06 00:00:00
4304,2024-10-14 00:00:00,organic,Ireland,Android,pending,
4305,2023-01-07 00:00:00,organic,Ireland,iOS,pending,
4306,2024-09-24 00:00:00,organic,India,iOS,approved,2024-09-29 00:00:00
4307,2023-01-10 00:00:00,organic,Ireland,Android,approved,2023-01-15 00:00:00
4308,2024-08-24 00:00:00,paid_ads,India,iOS,pending,
4309,2023-07-27 00:00:00,paid_ads,India,iOS,approved,2023-07-29 00:00:00
4310,2024-04-11 00:00:00,affiliate,UK,iOS,pending,
4311,2023-12-25 00:00:00,affiliate,India,iOS,approved,2023-12-28 00:00:00
4312,2023-09-06 00:00:00,paid_ads,UK,iOS,pending,
4313,2023-01-28 00:00:00,paid_ads,India,iOS,rejected,
4314,2023-03-20 00:00:00,paid_ads,UK,iOS,approved,2023-03-25 00:00:00
4315,2024-02-28 00:00:00,paid_ads,India,iOS,rejected,
4316,2023-10-01 00:00:00,paid_ads,UK,iOS,approved,2023-10-03 00:00:00
4317,2023-11-21 00:00:00,organic,Ireland,iOS,rejected,
4318,2024-11-21 00:00:00,organic,UK,iOS,approved,2024-11-24 00:00:00
4319,2024-02-27 00:00:00,referral,Ireland,iOS,approved,2024-03-02 00:00:00
4320,2023-07-10 00:00:00,paid_ads,UK,iOS,pending,
4321,2023-03-14 00:00:00,organic,Ireland,Android,approved,2023-03-19 00:00:00
4322,2023-10-31 00:00:00,referral,Ireland,Android,approved,2023-11-04 00:00:00
4323,2024-02-12 00:00:00,referral,Ireland,Android,pending,
4324,2024-04-28 00:00:00,paid_ads,Ireland,iOS,rejected,
4325,2024-05-10 00:00:00,organic,Ireland,Android,approved,2024-05-12 00:00:00
4326,2023-11-19 00:00:00,organic,Ireland,Android,approved,2023-11-20 00:00:00
4327,2024-03-27 00:00:00,paid_ads,Ireland,iOS,approved,2024-03-29 00:00:00
4328,2023-07-22 00:00:00,organic,India,Android,approved,2023-07-25 00:00:00
4329,2024-08-25 00:00:00,paid_ads,Ireland,Android,rejected,
4330,2024-01-20 00:00:00,organic,Ireland,iOS,approved,2024-01-22 00:00:00
4331,2024-06-22 00:00:00,paid_ads,Ireland,iOS,pending,
4332,2024-05-08 00:00:00,referral,UK,Android,approved,2024-05-12 00:00:00
4333,2023-05-15 00:00:00,paid_ads,Ireland,iOS,approved,2023-05-19 00:00:00
4334,2024-08-01 00:00:00,organic,Ireland,iOS,pending,
4335,2023-09-19 00:00:00,referral,Ireland,Android,approved,2023-09-20 00:00:00
4336,2023-12-18 00:00:00,referral,Ireland,iOS,approved,2023-12-20 00:00:00
4337,2024-01-21 00:00:00,organic,Ireland,iOS,approved,2024-01-25 00:00:00
4338,2023-12-27 00:00:00,affiliate,Ireland,iOS,pending,
4339,2023-07-31 00:00:00,affiliate,Ireland,iOS,rejected,
4340,2023-06-30 00:00:00,organic,UK,iOS,rejected,
4341,2023-10-28 00:00:00,organic,India,Android,rejected,
4342,2023-01-31 00:00:00,organic,Ireland,Android,approved,2023-02-05 00:00:00
4343,2024-09-24 00:00:00,organic,UK,iOS,approved,2024-09-28 00:00:00
4344,2023-02-14 00:00:00,referral,Ireland,Android,approved,2023-02-18 00:00:00
4345,2024-10-25 00:00:00,paid_ads,India,iOS,pending,
4346,2024-04-24 00:00:00,paid_ads,India,Android,approved,2024-04-27 00:00:00
4347,2024-04-17 00:00:00,affiliate,India,iOS,approved,2024-04-20 00:00:00
4348,2023-08-02 00:00:00,organic,India,iOS,pending,
4349,2023-01-03 00:00:00,organic,UK,iOS,approved,2023-01-08 00:00:00
4350,2023-11-29 00:00:00,referral,India,iOS,approved,2023-12-02 00:00:00
4351,2024-08-16 00:00:00,affiliate,UK,iOS,approved,2024-08-20 00:00:00
4352,2023-06-21 00:00:00,organic,UK,iOS,approved,2023-06-26 00:00:00
4353,2024-07-15 00:00:00,organic,UK,iOS,rejected,
4354,2023-08-30 00:00:00,paid_ads,UK,Android,pending,
4355,2024-10-25 00:00:00,referral,UK,iOS,pending,
4356,2024-02-21 00:00:00,organic,UK,Android,approved,2024-02-24 00:00:00
4357,2024-07-15 00:00:00,organic,Ireland,Android,approved,2024-07-17 00:00:00
4358,2024-01-04 00:00:00,organic,UK,iOS,approved,2024-01-09 00:00:00
4359,2024-01-08 00:00:00,organic,Ireland,Android,approved,2024-01-09 00:00:00
4360,2023-07-18 00:00:00,paid_ads,UK,iOS,approved,2023-07-21 00:00:00
4361,2023-09-05 00:00:00,paid_ads,India,Android,rejected,
4362,2024-09-05 00:00:00,organic,Ireland,iOS,approved,2024-09-07 00:00:00
4363,2024-04-27 00:00:00,referral,Ireland,iOS,rejected,
4364,2023-08-19 00:00:00,affiliate,India,Android,approved,2023-08-21 00:00:00
4365,2023-07-06 00:00:00,organic,Ireland,Android,approved,2023-07-09 00:00:00
4366,2024-01-13 00:00:00,referral,UK,iOS,rejected,
4367,2023-07-03 00:00:00,referral,Ireland,Android,approved,2023-07-05 00:00:00
4368,2023-01-11 00:00:00,paid_ads,India,Android,approved,2023-01-16 00:00:00
4369,2024-12-18 00:00:00,paid_ads,UK,iOS,approved,2024-12-19 00:00:00
4370,2024-01-31 00:00:00,referral,UK,Android,rejected,
4371,2024-09-29 00:00:00,affiliate,India,iOS,rejected,
4372,2024-03-19 00:00:00,paid_ads,UK,iOS,approved,2024-03-22 00:00:00
4373,2023-04-25 00:00:00,referral,Ireland,Android,approved,2023-04-28 00:00:00
4374,2024-06-20 00:00:00,referral,UK,Android,approved,2024-06-21 00:00:00
4375,2024-10-18 00:00:00,referral,Ireland,iOS,rejected,
4376,2023-01-20 00:00:00,affiliate,India,Android,approved,2023-01-21 00:00:00
4377,2024-03-21 00:00:00,referral,Ireland,Android,rejected,
4378,2024-11-11 00:00:00,affiliate,UK,Android,rejected,
4379,2023-12-16 00:00:00,paid_ads,Ireland,Android,approved,2023-12-20 00:00:00
4380,2023-11-05 00:00:00,affiliate,Ireland,iOS,approved,2023-11-09 00:00:00
4381,2024-11-30 00:00:00,organic,UK,iOS,approved,2024-12-04 00:00:00
4382,2024-07-08 00:00:00,affiliate,Ireland,Android,approved,2024-07-11 00:00:00
4383,2024-07-01 00:00:00,referral,Ireland,Android,approved,2024-07-06 00:00:00
4384,2023-02-22 00:00:00,referral,India,iOS,approved,2023-02-23 00:00:00
4385,2024-12-19 00:00:00,paid_ads,UK,iOS,approved,2024-12-20 00:00:00
4386,2023-06-26 00:00:00,organic,Ireland,iOS,approved,2023-06-28 00:00:00
4387,2024-08-28 00:00:00,referral,Ireland,iOS,approved,2024-09-01 00:00:00
4388,2023-01-31 00:00:00,organic,Ireland,iOS,pending,
4389,2024-08-19 00:00:00,organic,Ireland,Android,pending,
4390,2024-04-07 00:00:00,referral,Ireland,Android,pending,
4391,2023-03-20 00:00:00,organic,UK,Android,approved,2023-03-21 00:00:00
4392,2024-05-03 00:00:00,organic,India,iOS,rejected,
4393,2023-08-25 00:00:00,paid_ads,Ireland,iOS,pending,
4394,2023-05-29 00:00:00,organic,UK,Android,pending,
4395,2024-01-06 00:00:00,affiliate,Ireland,Android,approved,2024-01-10 00:00:00
4396,2024-11-19 00:00:00,paid_ads,Ireland,iOS,pending,
4397,2024-12-21 00:00:00,referral,Ireland,iOS,approved,2024-12-25 00:00:00
4398,2024-12-20 00:00:00,affiliate,Ireland,iOS,pending,
4399,2023-10-05 00:00:00,affiliate,Ireland,Android,pending,
4400,2024-02-08 00:00:00,referral,India,iOS,approved,2024-02-09 00:00:00
4401,2024-02-12 00:00:00,paid_ads,Ireland,Android,approved,2024-02-16 00:00:00
4402,2024-09-23 00:00:00,organic,UK,Android,approved,2024-09-26 00:00:00
4403,2023-03-16 00:00:00,referral,Ireland,Android,pending,
4404,2024-08-29 00:00:00,affiliate,Ireland,iOS,approved,2024-09-02 00:00:00
4405,2024-02-25 00:00:00,referral,UK,iOS,pending,
4406,2024-02-26 00:00:00,organic,UK,Android,approved,2024-02-27 00:00:00
4407,2024-01-08 00:00:00,referral,Ireland,iOS,approved,2024-01-10 00:00:00
4408,2024-02-16 00:00:00,paid_ads,UK,iOS,approved,2024-02-20 00:00:00
4409,2023-12-28 00:00:00,organic,Ireland,iOS,approved,2024-01-01 00:00:00
4410,2023-04-18 00:00:00,referral,Ireland,iOS,pending,
4411,2024-06-29 00:00:00,paid_ads,India,Android,pending,
4412,2024-11-17 00:00:00,organic,UK,Android,approved,2024-11-22 00:00:00
4413,2024-11-20 00:00:00,organic,UK,iOS,rejected,
4414,2023-12-09 00:00:00,organic,India,iOS,approved,2023-12-10 00:00:00
4415,2024-12-10 00:00:00,referral,Ireland,Android,approved,2024-12-15 00:00:00
4416,2024-03-29 00:00:00,referral,India,iOS,approved,2024-04-03 00:00:00
4417,2023-03-23 00:00:00,organic,UK,Android,approved,2023-03-26 00:00:00
4418,2023-06-12 00:00:00,referral,Ireland,Android,rejected,
4419,2023-12-08 00:00:00,affiliate,Ireland,Android,approved,2023-12-11 00:00:00
4420,2023-03-13 00:00:00,organic,Ireland,iOS,approved,2023-03-15 00:00:00
4421,2023-03-13 00:00:00,affiliate,Ireland,iOS,pending,
4422,2023-01-29 00:00:00,paid_ads,India,Android,approved,2023-01-31 00:00:00
4423,2024-04-09 00:00:00,referral,UK,iOS,approved,2024-04-10 00:00:00
4424,2023-06-09 00:00:00,organic,Ireland,Android,approved,2023-06-11 00:00:00
4425,2024-11-21 00:00:00,paid_ads,India,iOS,rejected,
4426,2024-05-10 00:00:00,paid_ads,Ireland,iOS,rejected,
4427,2023-04-19 00:00:00,referral,Ireland,Android,pending,
4428,2024-10-15 00:00:00,organic,Ireland,Android,approved,2024-10-18 00:00:00
4429,2023-02-27 00:00:00,paid_ads,India,iOS,rejected,
4430,2023-01-26 00:00:00,paid_ads,India,Android,rejected,
4431,2023-07-21 00:00:00,referral,India,Android,approved,2023-07-22 00:00:00
4432,2023-07-28 00:00:00,organic,Ireland,iOS,pending,
4433,2023-04-10 00:00:00,paid_ads,Ireland,Android,rejected,
4434,2024-05-02 00:00:00,organic,UK,iOS,pending,
4435,2023-01-14 00:00:00,paid_ads,Ireland,iOS,approved,2023-01-18 00:00:00
4436,2023-08-15 00:00:00,organic,Ireland,Android,approved,2023-08-20 00:00:00
4437,2024-02-25 00:00:00,referral,Ireland,iOS,pending,
4438,2024-08-30 00:00:00,paid_ads,Ireland,Android,approved,2024-09-02 00:00:00
4439,2024-10-23 00:00:00,paid_ads,Ireland,Android,pending,
4440,2024-05-19 00:00:00,affiliate,Ireland,iOS,approved,2024-05-24 00:00:00
4441,2024-08-23 00:00:00,organic,UK,Android,pending,
4442,2023-06-27 00:00:00,affiliate,UK,Android,approved,2023-06-29 00:00:00
4443,2024-12-31 00:00:00,paid_ads,Ireland,Android,approved,2025-01-02 00:00:00
4444,2023-01-10 00:00:00,paid_ads,UK,iOS,approved,2023-01-15 00:00:00
4445,2023-10-07 00:00:00,affiliate,India,Android,pending,
4446,2024-10-23 00:00:00,organic,UK,iOS,approved,2024-10-24 00:00:00
4447,2023-11-19 00:00:00,referral,UK,iOS,approved,2023-11-21 00:00:00
4448,2023-08-21 00:00:00,paid_ads,UK,Android,pending,
4449,2024-06-16 00:00:00,organic,India,Android,pending,
4450,2024-02-15 00:00:00,organic,UK,Android,approved,2024-02-16 00:00:00
4451,2023-08-08 00:00:00,referral,UK,iOS,pending,
4452,2023-02-28 00:00:00,paid_ads,India,Android,approved,2023-03-04 00:00:00
4453,2023-12-12 00:00:00,paid_ads,UK,Android,approved,2023-12-14 00:00:00
4454,2023-01-04 00:00:00,organic,UK,iOS,approved,2023-01-06 00:00:00
4455,2024-06-21 00:00:00,paid_ads,UK,iOS,rejected,
4456,2024-01-08 00:00:00,organic,UK,Android,rejected,
4457,2023-09-01 00:00:00,affiliate,India,Android,approved,2023-09-04 00:00:00
4458,2023-01-04 00:00:00,paid_ads,Ireland,iOS,rejected,
4459,2024-06-20 00:00:00,organic,UK,Android,rejected,
4460,2024-11-14 00:00:00,referral,India,iOS,approved,2024-11-16 00:00:00
4461,2024-03-23 00:00:00,affiliate,UK,Android,approved,2024-03-28 00:00:00
4462,2023-10-23 00:00:00,organic,Ireland,iOS,approved,2023-10-24 00:00:00
4463,2024-06-21 00:00:00,paid_ads,Ireland,Android,approved,2024-06-23 00:00:00
4464,2024-09-04 00:00:00,referral,UK,iOS,approved,2024-09-09 00:00:00
4465,2024-05-10 00:00:00,referral,UK,iOS,rejected,
4466,2023-05-08 00:00:00,organic,India,Android,approved,2023-05-10 00:00:00
4467,2024-06-17 00:00:00,referral,UK,Android,rejected,
4468,2024-07-07 00:00:00,paid_ads,Ireland,Android,approved,2024-07-11 00:00:00
4469,2024-12-16 00:00:00,referral,Ireland,iOS,approved,2024-12-20 00:00:00
4470,2024-12-26 00:00:00,organic,India,iOS,approved,2024-12-29 00:00:00
4471,2023-05-08 00:00:00,paid_ads,Ireland,iOS,pending,
4472,2024-08-29 00:00:00,organic,UK,Android,pending,
4473,2024-03-28 00:00:00,referral,UK,iOS,approved,2024-03-30 00:00:00
4474,2024-09-07 00:00:00,affiliate,Ireland,Android,pending,
4475,2023-04-02 00:00:00,paid_ads,India,iOS,approved,2023-04-05 00:00:00
4476,2023-01-16 00:00:00,paid_ads,Ireland,iOS,approved,2023-01-19 00:00:00
4477,2024-08-10 00:00:00,organic,Ireland,Android,pending,
4478,2024-11-11 00:00:00,referral,India,iOS,approved,2024-11-15 00:00:00
4479,2024-07-16 00:00:00,paid_ads,Ireland,iOS,rejected,
4480,2023-05-31 00:00:00,organic,Ireland,iOS,rejected,
4481,2023-06-29 00:00:00,paid_ads,India,iOS,pending,
4482,2024-02-25 00:00:00,affiliate,India,Android,rejected,
4483,2024-08-19 00:00:00,organic,Ireland,iOS,pending,
4484,2024-04-21 00:00:00,organic,UK,iOS,approved,2024-04-26 00:00:00
4485,2024-07-06 00:00:00,organic,India,Android,rejected,
4486,2023-07-26 00:00:00,organic,UK,iOS,approved,2023-07-31 00:00:00
4487,2024-10-30 00:00:00,paid_ads,India,iOS,rejected,
4488,2024-04-09 00:00:00,paid_ads,Ireland,Android,approved,2024-04-12 00:00:00
4489,2024-03-08 00:00:00,organic,Ireland,Android,approved,2024-03-10 00:00:00
4490,2024-11-11 00:00:00,organic,Ireland,Android,rejected,
4491,2023-07-15 00:00:00,organic,UK,Android,pending,
4492,2023-07-26 00:00:00,organic,Ireland,iOS,rejected,
4493,2024-05-19 00:00:00,paid_ads,Ireland,iOS,pending,
4494,2024-12-27 00:00:00,organic,Ireland,Android,approved,2024-12-30 00:00:00
4495,2023-04-08 00:00:00,organic,UK,Android,rejected,
4496,2023-03-30 00:00:00,paid_ads,Ireland,iOS,pending,
4497,2024-03-30 00:00:00,organic,Ireland,iOS,approved,2024-04-02 00:00:00
4498,2024-03-18 00:00:00,paid_ads,India,iOS,rejected,
4499,2023-04-14 00:00:00,organic,UK,Android,rejected,
4500,2024-01-10 00:00:00,affiliate,Ireland,iOS,approved,2024-01-15 00:00:00
4501,2024-07-02 00:00:00,referral,UK,iOS,approved,2024-07-04 00:00:00
4502,2024-01-25 00:00:00,organic,Ireland,iOS,approved,2024-01-27 00:00:00
4503,2024-02-17 00:00:00,paid_ads,Ireland,Android,approved,2024-02-21 00:00:00
4504,2024-08-28 00:00:00,paid_ads,UK,Android,approved,2024-08-31 00:00:00
4505,2023-04-26 00:00:00,organic,India,iOS,approved,2023-04-28 00:00:00
4506,2024-12-04 00:00:00,organic,UK,iOS,approved,2024-12-09 00:00:00
4507,2023-10-01 00:00:00,affiliate,UK,iOS,rejected,
4508,2024-08-09 00:00:00,organic,UK,iOS,approved,2024-08-12 00:00:00
4509,2024-10-19 00:00:00,affiliate,India,iOS,approved,2024-10-21 00:00:00
4510,2023-06-16 00:00:00,referral,India,iOS,rejected,
4511,2023-06-07 00:00:00,organic,Ireland,Android,pending,
4512,2023-12-14 00:00:00,affiliate,Ireland,iOS,approved,2023-12-19 00:00:00
4513,2024-11-28 00:00:00,organic,Ireland,Android,approved,2024-11-29 00:00:00
4514,2023-07-20 00:00:00,referral,UK,Android,approved,2023-07-22 00:00:00
4515,2024-04-12 00:00:00,organic,UK,iOS,approved,2024-04-17 00:00:00
4516,2024-04-16 00:00:00,affiliate,UK,Android,approved,2024-04-21 00:00:00
4517,2023-06-28 00:00:00,organic,Ireland,iOS,pending,
4518,2024-02-15 00:00:00,organic,Ireland,Android,approved,2024-02-19 00:00:00
4519,2023-01-12 00:00:00,organic,India,Android,pending,
4520,2024-10-13 00:00:00,referral,India,Android,approved,2024-10-16 00:00:00
4521,2023-01-29 00:00:00,paid_ads,UK,Android,approved,2023-01-30 00:00:00
4522,2024-09-21 00:00:00,affiliate,Ireland,iOS,approved,2024-09-22 00:00:00
4523,2023-09-28 00:00:00,referral,Ireland,Android,approved,2023-10-01 00:00:00
4524,2024-06-02 00:00:00,paid_ads,UK,Android,pending,
4525,2024-01-05 00:00:00,referral,Ireland,iOS,pending,
4526,2024-07-16 00:00:00,paid_ads,UK,iOS,rejected,
4527,2024-11-10 00:00:00,referral,India,iOS,rejected,
4528,2023-09-12 00:00:00,referral,India,iOS,approved,2023-09-14 00:00:00
4529,2024-12-10 00:00:00,organic,Ireland,iOS,approved,2024-12-11 00:00:00
4530,2024-03-10 00:00:00,organic,UK,Android,approved,2024-03-14 00:00:00
4531,2024-08-28 00:00:00,organic,Ireland,iOS,approved,2024-09-01 00:00:00
4532,2024-09-15 00:00:00,paid_ads,Ireland,iOS,approved,2024-09-20 00:00:00
4533,2023-05-11 00:00:00,paid_ads,Ireland,iOS,approved,2023-05-14 00:00:00
4534,2023-11-11 00:00:00,affiliate,India,iOS,rejected,
4535,2024-09-08 00:00:00,organic,UK,iOS,pending,
4536,2023-03-19 00:00:00,paid_ads,UK,Android,approved,2023-03-24 00:00:00
4537,2024-07-13 00:00:00,referral,India,iOS,approved,2024-07-14 00:00:00
4538,2023-11-10 00:00:00,affiliate,Ireland,Android,approved,2023-11-14 00:00:00
4539,2023-06-18 00:00:00,organic,Ireland,iOS,approved,2023-06-19 00:00:00
4540,2023-11-11 00:00:00,referral,Ireland,iOS,approved,2023-11-16 00:00:00
4541,2024-11-15 00:00:00,organic,Ireland,iOS,approved,2024-11-19 00:00:00
4542,2023-04-09 00:00:00,organic,UK,Android,approved,2023-04-11 00:00:00
4543,2024-05-26 00:00:00,paid_ads,India,Android,approved,2024-05-29 00:00:00
4544,2024-10-13 00:00:00,organic,Ireland,Android,approved,2024-10-16 00:00:00
4545,2024-03-23 00:00:00,paid_ads,UK,iOS,approved,2024-03-26 00:00:00
4546,2024-05-16 00:00:00,organic,Ireland,Android,approved,2024-05-17 00:00:00
4547,2024-06-12 00:00:00,organic,Ireland,iOS,rejected,
4548,2023-12-25 00:00:00,affiliate,Ireland,Android,approved,2023-12-26 00:00:00
4549,2023-08-16 00:00:00,organic,UK,iOS,approved,2023-08-21 00:00:00
4550,2023-08-06 00:00:00,organic,UK,Android,pending,
4551,2023-02-07 00:00:00,paid_ads,Ireland,Android,approved,2023-02-12 00:00:00
4552,2024-06-07 00:00:00,organic,Ireland,iOS,pending,
4553,2024-01-20 00:00:00,paid_ads,UK,Android,approved,2024-01-24 00:00:00
4554,2024-03-14 00:00:00,referral,Ireland,iOS,rejected,
4555,2024-12-08 00:00:00,organic,Ireland,Android,approved,2024-12-11 00:00:00
4556,2024-11-08 00:00:00,organic,India,Android,rejected,
4557,2023-12-27 00:00:00,organic,Ireland,iOS,approved,2024-01-01 00:00:00
4558,2023-11-18 00:00:00,paid_ads,Ireland,iOS,approved,2023-11-19 00:00:00
4559,2023-09-28 00:00:00,referral,Ireland,iOS,approved,2023-09-30 00:00:00
4560,2023-11-23 00:00:00,paid_ads,Ireland,iOS,rejected,
4561,2024-06-21 00:00:00,organic,Ireland,iOS,pending,
4562,2023-10-07 00:00:00,paid_ads,UK,Android,approved,2023-10-12 00:00:00
4563,2024-07-18 00:00:00,referral,UK,Android,approved,2024-07-22 00:00:00
4564,2023-08-17 00:00:00,paid_ads,UK,Android,approved,2023-08-18 00:00:00
4565,2024-05-20 00:00:00,organic,Ireland,Android,approved,2024-05-23 00:00:00
4566,2023-12-20 00:00:00,paid_ads,UK,Android,approved,2023-12-25 00:00:00
4567,2024-03-22 00:00:00,referral,UK,Android,approved,2024-03-23 00:00:00
4568,2023-09-01 00:00:00,paid_ads,India,iOS,rejected,
4569,2023-09-07 00:00:00,paid_ads,UK,Android,approved,2023-09-09 00:00:00
4570,2023-07-08 00:00:00,organic,Ireland,Android,rejected,
4571,2024-11-21 00:00:00,paid_ads,India,iOS,approved,2024-11-22 00:00:00
4572,2024-04-21 00:00:00,referral,India,iOS,approved,2024-04-26 00:00:00
4573,2024-03-05 00:00:00,referral,Ireland,iOS,approved,2024-03-10 00:00:00
4574,2024-06-28 00:00:00,paid_ads,India,iOS,rejected,
4575,2024-08-13 00:00:00,affiliate,India,Android,approved,2024-08-15 00:00:00
4576,2024-07-23 00:00:00,organic,UK,Android,approved,2024-07-26 00:00:00
4577,2024-03-23 00:00:00,affiliate,Ireland,Android,pending,
4578,2024-12-17 00:00:00,paid_ads,Ireland,iOS,pending,
4579,2023-12-09 00:00:00,paid_ads,Ireland,iOS,approved,2023-12-10 00:00:00
4580,2023-12-31 00:00:00,organic,UK,Android,rejected,
4581,2023-12-21 00:00:00,paid_ads,India,Android,approved,2023-12-22 00:00:00
4582,2024-03-25 00:00:00,affiliate,Ireland,iOS,pending,
4583,2024-12-18 00:00:00,organic,UK,Android,approved,2024-12-23 00:00:00
4584,2023-04-02 00:00:00,paid_ads,UK,Android,approved,2023-04-05 00:00:00
4585,2024-09-20 00:00:00,referral,Ireland,iOS,pending,
4586,2024-01-09 00:00:00,referral,UK,Android,approved,2024-01-14 00:00:00
4587,2023-04-10 00:00:00,organic,Ireland,iOS,approved,2023-04-11 00:00:00
4588,2023-08-25 00:00:00,paid_ads,Ireland,Android,approved,2023-08-27 00:00:00
4589,2024-09-23 00:00:00,paid_ads,UK,Android,pending,
4590,2023-03-14 00:00:00,referral,Ireland,iOS,approved,2023-03-15 00:00:00
4591,2023-12-30 00:00:00,paid_ads,Ireland,iOS,approved,2024-01-01 00:00:00
4592,2023-09-28 00:00:00,paid_ads,Ireland,Android,approved,2023-10-03 00:00:00
4593,2024-03-05 00:00:00,organic,UK,iOS,approved,2024-03-10 00:00:00
4594,2024-09-26 00:00:00,organic,UK,Android,approved,2024-10-01 00:00:00
4595,2024-06-11 00:00:00,paid_ads,Ireland,Android,approved,2024-06-15 00:00:00
4596,2024-11-12 00:00:00,referral,Ireland,Android,approved,2024-11-15 00:00:00
4597,2024-01-26 00:00:00,paid_ads,Ireland,Android,approved,2024-01-30 00:00:00
4598,2023-11-16 00:00:00,paid_ads,UK,Android,pending,
4599,2023-09-29 00:00:00,referral,India,iOS,approved,2023-10-01 00:00:00
4600,2023-07-03 00:00:00,paid_ads,UK,iOS,approved,2023-07-07 00:00:00
4601,2023-06-17 00:00:00,referral,India,iOS,pending,
4602,2023-03-23 00:00:00,referral,Ireland,iOS,approved,2023-03-28 00:00:00
4603,2023-07-14 00:00:00,referral,Ireland,iOS,approved,2023-07-19 00:00:00
4604,2024-11-14 00:00:00,referral,UK,iOS,approved,2024-11-18 00:00:00
4605,2023-02-12 00:00:00,organic,UK,Android,rejected,
4606,2023-08-18 00:00:00,referral,UK,iOS,approved,2023-08-23 00:00:00
4607,2024-11-12 00:00:00,paid_ads,India,Android,approved,2024-11-13 00:00:00
4608,2023-08-22 00:00:00,paid_ads,India,iOS,approved,2023-08-26 00:00:00
4609,2023-10-31 00:00:00,referral,Ireland,iOS,approved,2023-11-05 00:00:00
4610,2024-08-06 00:00:00,organic,Ireland,iOS,approved,2024-08-10 00:00:00
4611,2023-11-18 00:00:00,paid_ads,India,iOS,approved,2023-11-19 00:00:00
4612,2023-07-29 00:00:00,affiliate,UK,Android,approved,2023-07-31 00:00:00
4613,2023-07-07 00:00:00,referral,UK,Android,approved,2023-07-11 00:00:00
4614,2023-09-21 00:00:00,paid_ads,Ireland,Android,approved,2023-09-23 00:00:00
4615,2023-03-03 00:00:00,paid_ads,Ireland,Android,pending,
4616,2023-03-27 00:00:00,organic,UK,Android,pending,
4617,2024-12-19 00:00:00,organic,UK,Android,rejected,
4618,2023-01-04 00:00:00,paid_ads,Ireland,Android,pending,
4619,2024-11-13 00:00:00,organic,Ireland,iOS,pending,
4620,2024-12-10 00:00:00,paid_ads,UK,iOS,approved,2024-12-11 00:00:00
4621,2024-11-28 00:00:00,affiliate,India,Android,rejected,
4622,2023-02-18 00:00:00,organic,UK,iOS,rejected,
4623,2023-11-24 00:00:00,affiliate,UK,iOS,approved,2023-11-28 00:00:00
4624,2024-06-30 00:00:00,referral,UK,iOS,pending,
4625,2024-03-30 00:00:00,referral,Ireland,iOS,rejected,
4626,2024-09-16 00:00:00,paid_ads,Ireland,Android,pending,
4627,2024-08-02 00:00:00,affiliate,Ireland,Android,approved,2024-08-04 00:00:00
4628,2024-06-19 00:00:00,affiliate,UK,Android,approved,2024-06-24 00:00:00
4629,2023-10-25 00:00:00,organic,UK,iOS,approved,2023-10-30 00:00:00
4630,2023-03-30 00:00:00,paid_ads,UK,iOS,approved,2023-04-04 00:00:00
4631,2023-11-13 00:00:00,organic,Ireland,Android,approved,2023-11-15 00:00:00
4632,2024-09-02 00:00:00,affiliate,Ireland,Android,approved,2024-09-06 00:00:00
4633,2023-12-28 00:00:00,affiliate,India,iOS,pending,
4634,2024-06-14 00:00:00,referral,Ireland,iOS,pending,
4635,2023-07-31 00:00:00,organic,India,iOS,rejected,
4636,2023-07-20 00:00:00,affiliate,Ireland,Android,approved,2023-07-22 00:00:00
4637,2024-10-14 00:00:00,referral,Ireland,Android,pending,
4638,2023-11-29 00:00:00,paid_ads,Ireland,iOS,approved,2023-12-03 00:00:00
4639,2024-05-10 00:00:00,organic,UK,Android,approved,2024-05-12 00:00:00
4640,2024-02-28 00:00:00,referral,India,iOS,approved,2024-03-01 00:00:00
4641,2024-08-06 00:00:00,affiliate,Ireland,iOS,pending,
4642,2024-09-07 00:00:00,referral,Ireland,iOS,pending,
4643,2023-11-27 00:00:00,affiliate,UK,iOS,approved,2023-11-29 00:00:00
4644,2023-09-26 00:00:00,paid_ads,UK,Android,approved,2023-09-28 00:00:00
4645,2023-11-18 00:00:00,organic,Ireland,iOS,approved,2023-11-23 00:00:00
4646,2023-10-27 00:00:00,affiliate,UK,iOS,approved,2023-11-01 00:00:00
4647,2024-09-26 00:00:00,paid_ads,Ireland,Android,approved,2024-10-01 00:00:00
4648,2023-02-02 00:00:00,organic,Ireland,iOS,approved,2023-02-06 00:00:00
4649,2024-09-05 00:00:00,paid_ads,UK,iOS,rejected,
4650,2024-07-23 00:00:00,affiliate,UK,iOS,approved,2024-07-26 00:00:00
4651,2023-02-04 00:00:00,affiliate,UK,iOS,approved,2023-02-07 00:00:00
4652,2023-05-01 00:00:00,paid_ads,Ireland,Android,approved,2023-05-04 00:00:00
4653,2024-11-15 00:00:00,referral,UK,iOS,pending,
4654,2024-04-13 00:00:00,organic,Ireland,Android,pending,
4655,2023-01-05 00:00:00,organic,Ireland,Android,pending,
4656,2023-09-24 00:00:00,referral,Ireland,iOS,approved,2023-09-26 00:00:00
4657,2023-05-19 00:00:00,referral,UK,iOS,rejected,
4658,2024-03-15 00:00:00,referral,India,iOS,pending,
4659,2023-12-17 00:00:00,affiliate,Ireland,Android,pending,
4660,2023-03-18 00:00:00,organic,Ireland,iOS,approved,2023-03-21 00:00:00
4661,2024-11-16 00:00:00,paid_ads,Ireland,iOS,approved,2024-11-19 00:00:00
4662,2024-10-02 00:00:00,referral,Ireland,Android,approved,2024-10-07 00:00:00
4663,2023-03-09 00:00:00,referral,UK,iOS,approved,2023-03-13 00:00:00
4664,2023-08-24 00:00:00,affiliate,UK,Android,approved,2023-08-29 00:00:00
4665,2023-07-27 00:00:00,paid_ads,Ireland,iOS,approved,2023-07-30 00:00:00
4666,2023-10-22 00:00:00,affiliate,UK,Android,pending,
4667,2024-08-27 00:00:00,referral,UK,iOS,approved,2024-08-30 00:00:00
4668,2024-08-31 00:00:00,affiliate,UK,iOS,approved,2024-09-02 00:00:00
4669,2023-05-13 00:00:00,referral,Ireland,iOS,rejected,
4670,2023-06-14 00:00:00,referral,India,iOS,pending,
4671,2023-12-02 00:00:00,organic,India,Android,pending,
4672,2023-10-13 00:00:00,referral,India,Android,approved,2023-10-18 00:00:00
4673,2023-11-07 00:00:00,paid_ads,UK,iOS,pending,
4674,2024-09-28 00:00:00,paid_ads,UK,iOS,approved,2024-10-03 00:00:00
4675,2023-01-15 00:00:00,paid_ads,India,Android,pending,
4676,2024-04-14 00:00:00,paid_ads,UK,Android,approved,2024-04-16 00:00:00
4677,2023-11-09 00:00:00,referral,UK,iOS,pending,
4678,2024-06-18 00:00:00,paid_ads,India,Android,approved,2024-06-23 00:00:00
4679,2023-09-03 00:00:00,affiliate,Ireland,iOS,pending,
4680,2023-01-13 00:00:00,paid_ads,Ireland,Android,pending,
4681,2023-01-06 00:00:00,referral,India,Android,approved,2023-01-10 00:00:00
4682,2023-02-21 00:00:00,referral,India,iOS,approved,2023-02-22 00:00:00
4683,2023-07-20 00:00:00,referral,UK,iOS,approved,2023-07-25 00:00:00
4684,2023-06-23 00:00:00,organic,UK,Android,approved,2023-06-26 00:00:00
4685,2023-03-08 00:00:00,referral,Ireland,iOS,approved,2023-03-09 00:00:00
4686,2023-03-19 00:00:00,referral,UK,iOS,rejected,
4687,2023-08-18 00:00:00,referral,India,iOS,pending,
4688,2024-04-07 00:00:00,paid_ads,Ireland,iOS,approved,2024-04-12 00:00:00
4689,2024-01-21 00:00:00,paid_ads,Ireland,iOS,approved,2024-01-22 00:00:00
4690,2024-10-22 00:00:00,paid_ads,UK,Android,rejected,
4691,2024-01-15 00:00:00,referral,Ireland,iOS,approved,2024-01-20 00:00:00
4692,2024-07-22 00:00:00,affiliate,India,iOS,approved,2024-07-26 00:00:00
4693,2024-12-22 00:00:00,paid_ads,UK,Android,pending,
4694,2023-10-05 00:00:00,referral,Ireland,Android,approved,2023-10-09 00:00:00
4695,2024-07-12 00:00:00,affiliate,UK,Android,rejected,
4696,2023-11-29 00:00:00,referral,UK,iOS,approved,2023-12-03 00:00:00
4697,2024-11-09 00:00:00,paid_ads,India,Android,rejected,
4698,2023-03-07 00:00:00,affiliate,Ireland,Android,pending,
4699,2024-10-25 00:00:00,affiliate,Ireland,iOS,approved,2024-10-28 00:00:00
4700,2023-05-22 00:00:00,organic,Ireland,Android,rejected,
4701,2024-08-03 00:00:00,organic,India,Android,approved,2024-08-07 00:00:00
4702,2023-02-27 00:00:00,organic,UK,iOS,rejected,
4703,2023-10-30 00:00:00,paid_ads,India,Android,rejected,
4704,2023-02-11 00:00:00,organic,Ireland,iOS,approved,2023-02-16 00:00:00
4705,2023-04-27 00:00:00,affiliate,UK,Android,pending,
4706,2023-10-01 00:00:00,organic,Ireland,iOS,pending,
4707,2024-12-14 00:00:00,paid_ads,Ireland,iOS,approved,2024-12-18 00:00:00
4708,2023-04-01 00:00:00,organic,India,iOS,approved,2023-04-05 00:00:00
4709,2024-06-03 00:00:00,referral,Ireland,Android,approved,2024-06-04 00:00:00
4710,2024-05-23 00:00:00,organic,Ireland,iOS,rejected,
4711,2024-07-20 00:00:00,organic,UK,Android,pending,
4712,2023-04-08 00:00:00,referral,Ireland,Android,approved,2023-04-10 00:00:00
4713,2024-01-25 00:00:00,referral,Ireland,Android,approved,2024-01-27 00:00:00
4714,2024-07-08 00:00:00,affiliate,UK,Android,approved,2024-07-10 00:00:00
4715,2023-02-24 00:00:00,affiliate,UK,Android,rejected,
4716,2024-10-31 00:00:00,organic,Ireland,iOS,rejected,
4717,2024-08-03 00:00:00,paid_ads,UK,Android,approved,2024-08-07 00:00:00
4718,2024-04-25 00:00:00,organic,Ireland,Android,approved,2024-04-26 00:00:00
4719,2024-09-08 00:00:00,referral,India,Android,pending,
4720,2023-03-29 00:00:00,referral,UK,iOS,approved,2023-04-02 00:00:00
4721,2024-11-27 00:00:00,referral,Ireland,iOS,approved,2024-11-28 00:00:00
4722,2024-08-25 00:00:00,organic,Ireland,Android,approved,2024-08-30 00:00:00
4723,2023-06-28 00:00:00,paid_ads,Ireland,iOS,approved,2023-07-01 00:00:00
4724,2024-11-24 00:00:00,paid_ads,UK,iOS,pending,
4725,2024-10-31 00:00:00,paid_ads,UK,iOS,rejected,
4726,2024-03-16 00:00:00,paid_ads,Ireland,iOS,pending,
4727,2024-07-22 00:00:00,paid_ads,UK,Android,approved,2024-07-25 00:00:00
4728,2024-06-24 00:00:00,paid_ads,Ireland,iOS,rejected,
4729,2024-04-27 00:00:00,paid_ads,Ireland,Android,pending,
4730,2023-02-23 00:00:00,affiliate,India,Android,rejected,
4731,2023-01-25 00:00:00,referral,UK,iOS,approved,2023-01-28 00:00:00
4732,2023-11-24 00:00:00,organic,India,Android,approved,2023-11-28 00:00:00
4733,2024-01-26 00:00:00,paid_ads,India,Android,rejected,
4734,2023-12-07 00:00:00,affiliate,Ireland,iOS,approved,2023-12-09 00:00:00
4735,2023-10-05 00:00:00,paid_ads,Ireland,iOS,approved,2023-10-07 00:00:00
4736,2024-10-13 00:00:00,organic,Ireland,Android,approved,2024-10-18 00:00:00
4737,2024-06-03 00:00:00,referral,India,Android,approved,2024-06-06 00:00:00
4738,2024-10-12 00:00:00,organic,Ireland,iOS,approved,2024-10-17 00:00:00
4739,2023-04-26 00:00:00,referral,India,iOS,approved,2023-04-29 00:00:00
4740,2024-12-23 00:00:00,paid_ads,Ireland,Android,rejected,
4741,2024-12-31 00:00:00,referral,UK,iOS,pending,
4742,2024-08-25 00:00:00,organic,Ireland,iOS,approved,2024-08-26 00:00:00
4743,2023-04-04 00:00:00,organic,UK,Android,rejected,
4744,2024-09-23 00:00:00,affiliate,Ireland,iOS,pending,
4745,2023-11-04 00:00:00,paid_ads,UK,iOS,rejected,
4746,2023-01-08 00:00:00,referral,Ireland,iOS,pending,
4747,2023-10-31 00:00:00,paid_ads,UK,iOS,approved,2023-11-01 00:00:00
4748,2024-11-26 00:00:00,organic,UK,Android,pending,
4749,2023-12-13 00:00:00,organic,UK,iOS,rejected,
4750,2023-04-02 00:00:00,paid_ads,UK,iOS,pending,
4751,2023-10-21 00:00:00,referral,UK,iOS,pending,
4752,2023-08-16 00:00:00,organic,UK,iOS,pending,
4753,2024-06-15 00:00:00,organic,Ireland,iOS,approved,2024-06-18 00:00:00
4754,2023-12-28 00:00:00,referral,UK,iOS,pending,
4755,2024-03-06 00:00:00,paid_ads,UK,Android,pending,
4756,2023-07-01 00:00:00,paid_ads,UK,Android,pending,
4757,2023-09-22 00:00:00,affiliate,UK,Android,pending,
4758,2024-07-16 00:00:00,paid_ads,Ireland,iOS,approved,2024-07-21 00:00:00
4759,2024-07-18 00:00:00,organic,Ireland,iOS,approved,2024-07-23 00:00:00
4760,2024-11-16 00:00:00,paid_ads,India,Android,approved,2024-11-19 00:00:00
4761,2023-06-12 00:00:00,paid_ads,UK,iOS,rejected,
4762,2024-12-10 00:00:00,organic,Ireland,iOS,pending,
4763,2023-11-19 00:00:00,referral,Ireland,Android,approved,2023-11-24 00:00:00
4764,2023-03-06 00:00:00,organic,India,Android,pending,
4765,2024-07-09 00:00:00,paid_ads,Ireland,Android,approved,2024-07-11 00:00:00
4766,2023-04-07 00:00:00,organic,India,iOS,approved,2023-04-11 00:00:00
4767,2023-04-04 00:00:00,affiliate,India,Android,pending,
4768,2023-12-25 00:00:00,organic,India,Android,pending,
4769,2024-07-31 00:00:00,referral,Ireland,iOS,rejected,
4770,2024-07-22 00:00:00,organic,Ireland,iOS,approved,2024-07-23 00:00:00
4771,2024-04-18 00:00:00,referral,Ireland,Android,approved,2024-04-19 00:00:00
4772,2024-12-27 00:00:00,referral,UK,iOS,approved,2025-01-01 00:00:00
4773,2023-11-27 00:00:00,paid_ads,UK,iOS,approved,2023-11-30 00:00:00
4774,2023-11-03 00:00:00,affiliate,UK,Android,rejected,
4775,2023-09-29 00:00:00,referral,Ireland,Android,approved,2023-09-30 00:00:00
4776,2023-09-25 00:00:00,affiliate,UK,Android,approved,2023-09-26 00:00:00
4777,2023-12-13 00:00:00,referral,UK,Android,pending,
4778,2024-06-01 00:00:00,paid_ads,Ireland,Android,pending,
4779,2023-04-05 00:00:00,referral,Ireland,Android,approved,2023-04-07 00:00:00
4780,2023-01-11 00:00:00,referral,UK,Android,approved,2023-01-13 00:00:00
4781,2024-11-23 00:00:00,referral,India,Android,approved,2024-11-26 00:00:00
4782,2023-01-06 00:00:00,organic,UK,Android,approved,2023-01-07 00:00:00
4783,2023-02-16 00:00:00,referral,India,iOS,rejected,
4784,2023-04-16 00:00:00,paid_ads,Ireland,Android,approved,2023-04-17 00:00:00
4785,2024-04-29 00:00:00,paid_ads,UK,iOS,rejected,
4786,2023-12-08 00:00:00,referral,India,Android,approved,2023-12-13 00:00:00
4787,2023-10-07 00:00:00,paid_ads,Ireland,Android,approved,2023-10-11 00:00:00
4788,2023-07-08 00:00:00,referral,Ireland,iOS,approved,2023-07-12 00:00:00
4789,2023-04-09 00:00:00,affiliate,UK,Android,rejected,
4790,2024-03-24 00:00:00,organic,Ireland,Android,approved,2024-03-25 00:00:00
4791,2024-06-23 00:00:00,organic,Ireland,Android,approved,2024-06-26 00:00:00
4792,2024-12-23 00:00:00,paid_ads,Ireland,iOS,approved,2024-12-25 00:00:00
4793,2023-09-04 00:00:00,paid_ads,India,iOS,approved,2023-09-05 00:00:00
4794,2024-08-04 00:00:00,paid_ads,Ireland,iOS,pending,
4795,2023-09-24 00:00:00,organic,Ireland,Android,approved,2023-09-26 00:00:00
4796,2024-02-24 00:00:00,affiliate,India,Android,approved,2024-02-29 00:00:00
4797,2023-10-09 00:00:00,organic,India,iOS,rejected,
4798,2024-03-26 00:00:00,paid_ads,Ireland,iOS,rejected,
4799,2024-08-11 00:00:00,affiliate,India,iOS,approved,2024-08-14 00:00:00
4800,2023-01-11 00:00:00,paid_ads,UK,Android,approved,2023-01-12 00:00:00
4801,2023-11-22 00:00:00,paid_ads,UK,iOS,approved,2023-11-23 00:00:00
4802,2023-06-30 00:00:00,organic,Ireland,iOS,pending,
4803,2023-04-30 00:00:00,paid_ads,Ireland,iOS,approved,2023-05-05 00:00:00
4804,2023-06-09 00:00:00,referral,India,iOS,approved,2023-06-14 00:00:00
4805,2023-08-06 00:00:00,affiliate,Ireland,iOS,rejected,
4806,2023-05-14 00:00:00,paid_ads,UK,Android,approved,2023-05-16 00:00:00
4807,2024-05-04 00:00:00,paid_ads,Ireland,iOS,pending,
4808,2023-01-22 00:00:00,paid_ads,Ireland,iOS,pending,
4809,2023-04-11 00:00:00,referral,UK,Android,pending,
4810,2023-10-10 00:00:00,affiliate,India,Android,approved,2023-10-14 00:00:00
4811,2024-05-04 00:00:00,referral,UK,iOS,approved,2024-05-05 00:00:00
4812,2023-11-07 00:00:00,referral,India,iOS,pending,
4813,2024-02-22 00:00:00,organic,UK,Android,approved,2024-02-23 00:00:00
4814,2023-08-10 00:00:00,referral,Ireland,iOS,approved,2023-08-14 00:00:00
4815,2023-12-12 00:00:00,paid_ads,Ireland,Android,approved,2023-12-14 00:00:00
4816,2024-12-20 00:00:00,referral,Ireland,Android,pending,
4817,2023-12-02 00:00:00,affiliate,India,Android,approved,2023-12-06 00:00:00
4818,2023-03-29 00:00:00,paid_ads,India,Android,pending,
4819,2024-05-21 00:00:00,organic,Ireland,iOS,approved,2024-05-24 00:00:00
4820,2024-06-13 00:00:00,paid_ads,UK,Android,approved,2024-06-18 00:00:00
4821,2023-01-05 00:00:00,organic,UK,iOS,approved,2023-01-09 00:00:00
4822,2024-12-13 00:00:00,paid_ads,Ireland,iOS,pending,
4823,2023-08-27 00:00:00,referral,Ireland,Android,pending,
4824,2024-07-13 00:00:00,referral,Ireland,Android,pending,
4825,2024-12-13 00:00:00,referral,Ireland,iOS,pending,
4826,2024-09-12 00:00:00,affiliate,Ireland,Android,pending,
4827,2024-05-07 00:00:00,referral,UK,iOS,approved,2024-05-09 00:00:00
4828,2024-11-04 00:00:00,referral,UK,iOS,approved,2024-11-05 00:00:00
4829,2023-01-11 00:00:00,referral,India,Android,approved,2023-01-13 00:00:00
4830,2023-12-22 00:00:00,organic,UK,iOS,approved,2023-12-25 00:00:00
4831,2023-05-20 00:00:00,referral,UK,iOS,approved,2023-05-24 00:00:00
4832,2024-11-09 00:00:00,affiliate,UK,iOS,approved,2024-11-12 00:00:00
4833,2023-03-30 00:00:00,referral,Ireland,Android,approved,2023-04-02 00:00:00
4834,2023-02-11 00:00:00,organic,India,iOS,approved,2023-02-12 00:00:00
4835,2023-07-01 00:00:00,organic,UK,iOS,rejected,
4836,2023-05-05 00:00:00,referral,Ireland,Android,rejected,
4837,2024-02-05 00:00:00,referral,Ireland,iOS,approved,2024-02-07 00:00:00
4838,2023-04-02 00:00:00,organic,Ireland,Android,rejected,
4839,2023-03-20 00:00:00,organic,Ireland,Android,rejected,
4840,2023-12-15 00:00:00,organic,Ireland,iOS,approved,2023-12-17 00:00:00
4841,2023-04-10 00:00:00,organic,UK,Android,rejected,
4842,2023-12-25 00:00:00,organic,Ireland,Android,pending,
4843,2023-12-08 00:00:00,referral,Ireland,Android,pending,
4844,2023-01-11 00:00:00,referral,Ireland,iOS,approved,2023-01-14 00:00:00
4845,2023-07-13 00:00:00,organic,UK,Android,rejected,
4846,2024-11-01 00:00:00,organic,Ireland,iOS,approved,2024-11-03 00:00:00
4847,2024-04-19 00:00:00,referral,Ireland,iOS,approved,2024-04-22 00:00:00
4848,2023-02-03 00:00:00,organic,UK,iOS,approved,2023-02-07 00:00:00
4849,2023-08-18 00:00:00,organic,Ireland,iOS,approved,2023-08-20 00:00:00
4850,2024-09-10 00:00:00,organic,Ireland,iOS,approved,2024-09-13 00:00:00
4851,2023-03-13 00:00:00,paid_ads,India,iOS,pending,
4852,2024-05-05 00:00:00,paid_ads,India,Android,approved,2024-05-10 00:00:00
4853,2023-11-27 00:00:00,paid_ads,Ireland,Android,rejected,
4854,2024-10-15 00:00:00,organic,UK,iOS,pending,
4855,2024-07-09 00:00:00,referral,Ireland,iOS,approved,2024-07-10 00:00:00
4856,2023-04-16 00:00:00,referral,UK,iOS,approved,2023-04-17 00:00:00
4857,2024-03-10 00:00:00,paid_ads,UK,Android,approved,2024-03-11 00:00:00
4858,2023-12-13 00:00:00,referral,Ireland,Android,pending,
4859,2023-01-12 00:00:00,paid_ads,UK,Android,rejected,
4860,2024-06-01 00:00:00,paid_ads,Ireland,iOS,approved,2024-06-02 00:00:00
4861,2024-07-22 00:00:00,organic,India,Android,approved,2024-07-26 00:00:00
4862,2023-07-30 00:00:00,referral,Ireland,iOS,approved,2023-08-04 00:00:00
4863,2023-05-03 00:00:00,referral,Ireland,Android,approved,2023-05-06 00:00:00
4864,2023-11-10 00:00:00,paid_ads,India,iOS,approved,2023-11-14 00:00:00
4865,2023-03-31 00:00:00,paid_ads,Ireland,iOS,approved,2023-04-04 00:00:00
4866,2023-07-18 00:00:00,referral,Ireland,Android,rejected,
4867,2024-04-22 00:00:00,paid_ads,India,iOS,approved,2024-04-24 00:00:00
4868,2024-08-03 00:00:00,paid_ads,India,Android,approved,2024-08-07 00:00:00
4869,2024-11-17 00:00:00,organic,India,Android,rejected,
4870,2024-01-23 00:00:00,paid_ads,Ireland,Android,approved,2024-01-27 00:00:00
4871,2024-02-02 00:00:00,paid_ads,UK,Android,approved,2024-02-05 00:00:00
4872,2024-11-05 00:00:00,referral,Ireland,iOS,approved,2024-11-07 00:00:00
4873,2024-05-03 00:00:00,referral,Ireland,iOS,approved,2024-05-05 00:00:00
4874,2024-10-31 00:00:00,organic,Ireland,Android,approved,2024-11-03 00:00:00
4875,2023-04-21 00:00:00,affiliate,UK,iOS,approved,2023-04-26 00:00:00
4876,2023-07-19 00:00:00,organic,Ireland,Android,approved,2023-07-23 00:00:00
4877,2023-05-28 00:00:00,affiliate,India,iOS,approved,2023-05-29 00:00:00
4878,2023-07-12 00:00:00,affiliate,UK,iOS,approved,2023-07-13 00:00:00
4879,2023-08-31 00:00:00,organic,India,iOS,approved,2023-09-03 00:00:00
4880,2024-06-08 00:00:00,paid_ads,Ireland,iOS,approved,2024-06-09 00:00:00
4881,2023-01-06 00:00:00,affiliate,UK,iOS,approved,2023-01-09 00:00:00
4882,2024-11-19 00:00:00,referral,Ireland,Android,approved,2024-11-21 00:00:00
4883,2023-03-28 00:00:00,affiliate,UK,iOS,approved,2023-03-29 00:00:00
4884,2023-06-09 00:00:00,paid_ads,Ireland,Android,pending,
4885,2024-01-23 00:00:00,organic,UK,Android,pending,
4886,2023-07-15 00:00:00,referral,India,Android,approved,2023-07-20 00:00:00
4887,2024-12-13 00:00:00,referral,Ireland,Android,pending,
4888,2023-08-30 00:00:00,paid_ads,India,Android,approved,2023-09-01 00:00:00
4889,2023-11-13 00:00:00,affiliate,Ireland,Android,rejected,
4890,2024-03-04 00:00:00,paid_ads,UK,Android,rejected,
4891,2024-09-08 00:00:00,paid_ads,India,Android,approved,2024-09-12 00:00:00
4892,2024-12-04 00:00:00,organic,UK,iOS,approved,2024-12-08 00:00:00
4893,2023-08-10 00:00:00,referral,Ireland,iOS,approved,2023-08-15 00:00:00
4894,2024-05-26 00:00:00,organic,India,iOS,pending,
4895,2024-10-14 00:00:00,referral,Ireland,iOS,approved,2024-10-16 00:00:00
4896,2023-12-26 00:00:00,organic,UK,iOS,approved,2023-12-29 00:00:00
4897,2023-11-10 00:00:00,affiliate,UK,Android,approved,2023-11-15 00:00:00
4898,2024-08-05 00:00:00,organic,UK,iOS,approved,2024-08-09 00:00:00
4899,2023-05-12 00:00:00,organic,UK,iOS,rejected,
4900,2023-05-17 00:00:00,affiliate,Ireland,iOS,approved,2023-05-22 00:00:00
4901,2024-05-01 00:00:00,affiliate,UK,iOS,pending,
4902,2023-08-25 00:00:00,organic,India,iOS,approved,2023-08-29 00:00:00
4903,2024-03-22 00:00:00,affiliate,Ireland,iOS,approved,2024-03-27 00:00:00
4904,2023-10-25 00:00:00,organic,India,Android,approved,2023-10-27 00:00:00
4905,2024-01-23 00:00:00,referral,India,iOS,approved,2024-01-26 00:00:00
4906,2023-05-12 00:00:00,referral,Ireland,iOS,approved,2023-05-17 00:00:00
4907,2024-03-14 00:00:00,paid_ads,Ireland,Android,approved,2024-03-19 00:00:00
4908,2023-06-29 00:00:00,organic,UK,iOS,approved,2023-06-30 00:00:00
4909,2024-11-24 00:00:00,paid_ads,India,Android,rejected,
4910,2023-11-08 00:00:00,organic,India,Android,approved,2023-11-10 00:00:00
4911,2023-01-18 00:00:00,organic,Ireland,Android,approved,2023-01-22 00:00:00
4912,2023-07-14 00:00:00,paid_ads,UK,Android,rejected,
4913,2024-01-17 00:00:00,organic,UK,iOS,approved,2024-01-22 00:00:00
4914,2023-07-08 00:00:00,organic,India,Android,approved,2023-07-11 00:00:00
4915,2024-04-07 00:00:00,organic,UK,Android,approved,2024-04-12 00:00:00
4916,2023-06-18 00:00:00,referral,Ireland,iOS,pending,
4917,2024-02-29 00:00:00,organic,India,iOS,approved,2024-03-04 00:00:00
4918,2024-05-22 00:00:00,organic,Ireland,Android,approved,2024-05-25 00:00:00
4919,2023-06-05 00:00:00,organic,Ireland,iOS,pending,
4920,2023-12-23 00:00:00,affiliate,Ireland,Android,approved,2023-12-27 00:00:00
4921,2024-09-16 00:00:00,referral,India,Android,pending,
4922,2023-11-06 00:00:00,organic,Ireland,Android,pending,
4923,2024-11-17 00:00:00,referral,UK,Android,approved,2024-11-19 00:00:00
4924,2024-02-24 00:00:00,organic,Ireland,Android,rejected,
4925,2023-03-14 00:00:00,paid_ads,Ireland,iOS,approved,2023-03-18 00:00:00
4926,2023-02-17 00:00:00,affiliate,UK,Android,rejected,
4927,2023-02-24 00:00:00,paid_ads,Ireland,Android,approved,2023-02-25 00:00:00
4928,2023-11-19 00:00:00,paid_ads,Ireland,Android,pending,
4929,2024-04-11 00:00:00,paid_ads,UK,Android,approved,2024-04-13 00:00:00
4930,2023-12-23 00:00:00,referral,India,Android,approved,2023-12-26 00:00:00
4931,2024-01-27 00:00:00,organic,UK,iOS,approved,2024-01-30 00:00:00
4932,2024-11-25 00:00:00,organic,UK,iOS,approved,2024-11-29 00:00:00
4933,2024-09-22 00:00:00,referral,Ireland,iOS,approved,2024-09-27 00:00:00
4934,2023-04-22 00:00:00,affiliate,India,iOS,approved,2023-04-23 00:00:00
4935,2023-08-18 00:00:00,organic,Ireland,iOS,approved,2023-08-20 00:00:00
4936,2023-03-21 00:00:00,affiliate,UK,Android,pending,
4937,2024-12-18 00:00:00,paid_ads,Ireland,iOS,rejected,
4938,2023-02-17 00:00:00,referral,UK,Android,approved,2023-02-22 00:00:00
4939,2024-03-25 00:00:00,paid_ads,Ireland,iOS,pending,
4940,2023-04-12 00:00:00,organic,UK,Android,rejected,
4941,2024-12-20 00:00:00,paid_ads,Ireland,iOS,approved,2024-12-24 00:00:00
4942,2023-08-06 00:00:00,referral,Ireland,iOS,pending,
4943,2023-05-02 00:00:00,referral,Ireland,iOS,approved,2023-05-07 00:00:00
4944,2023-04-18 00:00:00,organic,Ireland,iOS,pending,
4945,2024-08-14 00:00:00,organic,India,iOS,approved,2024-08-15 00:00:00
4946,2024-08-14 00:00:00,organic,Ireland,iOS,pending,
4947,2023-10-10 00:00:00,referral,Ireland,Android,pending,
4948,2024-01-21 00:00:00,organic,Ireland,iOS,approved,2024-01-25 00:00:00
4949,2023-07-01 00:00:00,paid_ads,UK,iOS,approved,2023-07-02 00:00:00
4950,2023-11-03 00:00:00,organic,Ireland,iOS,rejected,
4951,2023-04-29 00:00:00,organic,India,iOS,approved,2023-05-04 00:00:00
4952,2023-07-08 00:00:00,referral,UK,iOS,approved,2023-07-13 00:00:00
4953,2023-05-30 00:00:00,referral,UK,iOS,pending,
4954,2024-02-25 00:00:00,paid_ads,UK,Android,rejected,
4955,2023-04-30 00:00:00,referral,Ireland,Android,approved,2023-05-05 00:00:00
4956,2024-09-05 00:00:00,organic,Ireland,Android,approved,2024-09-07 00:00:00
4957,2024-10-23 00:00:00,referral,UK,iOS,rejected,
4958,2023-08-31 00:00:00,organic,UK,Android,approved,2023-09-01 00:00:00
4959,2024-11-25 00:00:00,paid_ads,India,Android,approved,2024-11-28 00:00:00
4960,2023-05-21 00:00:00,referral,Ireland,iOS,pending,
4961,2024-10-09 00:00:00,organic,Ireland,iOS,rejected,
4962,2024-04-06 00:00:00,organic,Ireland,iOS,approved,2024-04-07 00:00:00
4963,2023-06-17 00:00:00,organic,Ireland,iOS,pending,
4964,2024-03-22 00:00:00,referral,UK,iOS,approved,2024-03-24 00:00:00
4965,2024-10-06 00:00:00,organic,Ireland,Android,approved,2024-10-11 00:00:00
4966,2023-11-19 00:00:00,organic,Ireland,iOS,pending,
4967,2024-08-27 00:00:00,referral,India,iOS,pending,
4968,2023-02-26 00:00:00,affiliate,Ireland,Android,approved,2023-03-01 00:00:00
4969,2023-07-23 00:00:00,paid_ads,India,Android,pending,
4970,2024-06-29 00:00:00,referral,UK,Android,approved,2024-07-04 00:00:00
4971,2024-06-09 00:00:00,paid_ads,Ireland,Android,pending,
4972,2023-01-02 00:00:00,paid_ads,UK,iOS,approved,2023-01-07 00:00:00
4973,2023-11-26 00:00:00,referral,UK,iOS,approved,2023-12-01 00:00:00
4974,2024-01-18 00:00:00,organic,India,iOS,approved,2024-01-20 00:00:00
4975,2023-06-02 00:00:00,organic,India,iOS,approved,2023-06-05 00:00:00
4976,2023-01-15 00:00:00,referral,UK,iOS,approved,2023-01-18 00:00:00
4977,2024-08-23 00:00:00,referral,India,Android,approved,2024-08-25 00:00:00
4978,2024-09-25 00:00:00,organic,India,iOS,approved,2024-09-27 00:00:00
4979,2023-01-24 00:00:00,referral,Ireland,iOS,approved,2023-01-26 00:00:00
4980,2023-10-10 00:00:00,affiliate,Ireland,Android,approved,2023-10-11 00:00:00
4981,2024-01-13 00:00:00,organic,Ireland,iOS,rejected,
4982,2023-04-07 00:00:00,organic,UK,iOS,pending,
4983,2023-08-08 00:00:00,referral,Ireland,iOS,rejected,
4984,2024-10-28 00:00:00,paid_ads,UK,iOS,approved,2024-10-29 00:00:00
4985,2023-08-21 00:00:00,paid_ads,India,Android,approved,2023-08-25 00:00:00
4986,2023-05-21 00:00:00,paid_ads,India,iOS,pending,
4987,2023-02-07 00:00:00,paid_ads,UK,iOS,approved,2023-02-10 00:00:00
4988,2024-07-14 00:00:00,referral,Ireland,iOS,approved,2024-07-19 00:00:00
4989,2024-08-29 00:00:00,organic,Ireland,Android,pending,
4990,2023-10-31 00:00:00,organic,India,Android,rejected,
4991,2024-03-04 00:00:00,organic,UK,iOS,approved,2024-03-06 00:00:00
4992,2024-12-29 00:00:00,organic,UK,Android,approved,2025-01-03 00:00:00
4993,2023-05-21 00:00:00,referral,India,Android,approved,2023-05-25 00:00:00
4994,2024-03-23 00:00:00,affiliate,Ireland,iOS,pending,
4995,2023-05-13 00:00:00,paid_ads,UK,Android,approved,2023-05-14 00:00:00
4996,2024-04-17 00:00:00,paid_ads,India,iOS,approved,2024-04-21 00:00:00
4997,2023-07-22 00:00:00,affiliate,Ireland,iOS,approved,2023-07-24 00:00:00
4998,2024-04-23 00:00:00,organic,UK,Android,approved,2024-04-25 00:00:00
4999,2024-08-31 00:00:00,paid_ads,UK,iOS,approved,2024-09-03 00:00:00
5000,2024-09-27 00:00:00,organic,UK,iOS,approved,2024-09-28 00:00:00
